ply
format ascii 1.0
comment Created in Blender version 4.5.4 LTS
element vertex 3600
property float x
property float y
property float z
property float nx
property float ny
property float nz
property uchar red
property uchar green
property uchar blue
property uchar alpha
property float s
property float t
element face 5484
property list uchar uint vertex_indices
end_header
-0.6578747 1.18253 0.14369635 0.6643768 0.57253796 -0.48042053 0 0 0 0 0.88888884 0.5
-0.8061381 1.2170538 0.2034933 -0.7016303 0.6319097 -0.3292493 0 0 0 0 0.93707997 1
-0.79574674 1.2223296 0.21263131 -0.0438243 0.93878937 -0.341693 0 0 0 0 0.9444444 0.98866546
-0.8061381 1.2170538 0.2034933 -0.7016303 0.6319097 -0.3292493 0 0 0 0 0.34165356 0.4700017
-0.8061381 1.1621845 0.16076842 -0.9332731 -0.2751382 0.2308687 0 0 0 0 0.38639233 0.41254604
-0.8061381 1.1920962 0.21257713 -0.97822684 -0.20412995 -0.037461948 0 0 0 0 0.33214158 0.44386777
-0.65787476 1.0467548 0.065306604 0.6643752 0.1297821 -0.736045 0 0 0 0 0.7777777 0.5
-0.80613816 1.0566702 0.068915546 -0.7016224 0.2145201 -0.6794904 0 0 0 0 0.7851421 1
-0.7957468 1.1215535 0.09253113 -0.04382524 0.49951854 -0.86519396 0 0 0 0 0.83333325 0.98866546
-0.80613816 1.1116382 0.08892226 -0.70163125 0.2724344 -0.6584019 0 0 0 0 0.4616251 0.3596173
-0.8061381 1.0520582 0.09507136 -0.97822696 0.07234313 0.19452117 0 0 0 0 0.4551862 0.29722887
-0.8061381 1.0983586 0.11192332 -0.9782268 -0.18045282 0.10251445 0 0 0 0 0.43753985 0.34571168
-0.80613816 1.0362031 0.06530666 -0.701638 0.030817099 -0.7118669 0 0 0 0 0.48635384 0.28062654
-0.80613816 0.97176766 0.09146251 -0.93327343 0.062368307 0.35371032 0 0 0 0 0.45896515 0.21315378
-0.80613816 1.0315912 0.09146248 -0.97822636 -0.13450836 0.15805314 0 0 0 0 0.45896518 0.2757972
-0.6578747 0.8313805 0.14369644 0.6643525 -0.572558 -0.4804302 0 0 0 0 0.6111109 0.5
-0.8061381 0.83946353 0.13691403 -0.70162827 -0.48119187 -0.52552086 0 0 0 0 0.6184754 1
-0.7957468 0.892357 0.09253119 -0.043825597 -0.49952015 -0.865193 0 0 0 0 0.6666665 0.98866546
-0.8061381 0.88427395 0.09931368 -0.70163757 -0.4339732 -0.5651302 0 0 0 0 0.45074394 0.12153596
-0.8061381 0.85980916 0.15398604 -0.9782266 0.20463346 0.034610435 0 0 0 0 0.39349446 0.095918
-0.8061381 0.89755356 0.12231472 -0.9782265 -0.0014473198 0.20753555 0 0 0 0 0.4266587 0.13544154
-0.8061381 0.8464503 0.1699065 -0.9782268 0.06962218 0.19551297 0 0 0 0 0.37682357 0.08192945
-0.8061381 0.791581 0.2126314 -0.66436493 -0.70233375 -0.25562987 0 0 0 0 0.33208483 0.024473771
-0.8061381 0.8165386 0.22171523 -0.93327355 0.33750626 0.1228421 0 0 0 0 0.32257283 0.050607756
-0.6578747 0.79158103 0.36941108 0.6643751 -0.70232505 0.25562763 0 0 0 0 0.44444424 0.5
-0.8061381 0.7897487 0.35901976 -0.7016189 -0.6957192 0.15396683 0 0 0 0 0.45180866 1
-0.79574674 0.7777587 0.29102126 -0.04382457 -0.99903935 2.789452e-06 0 0 0 0 0.4999998 0.98866546
-0.8061381 0.8061503 0.3014126 -0.97822684 0.17900492 0.10502211 0 0 0 0 0.23911884 0.03972986
-0.8061381 0.7897487 0.35901976 -0.7016189 -0.6957192 0.15396683 0 0 0 0 0.17879632 0.022555131
-0.8061381 0.8147063 0.34993595 -0.978227 0.1322909 -0.1599098 0 0 0 0 0.1883083 0.048689134
-0.8061381 0.7968568 0.3785491 -0.70163727 -0.63190377 0.32924592 0 0 0 0 0.15834643 0.029998284
-0.8061381 0.8517262 0.421274 -0.9332731 0.27513835 -0.23086871 0 0 0 0 0.113607675 0.08745396
-0.8061381 0.8218144 0.3694653 -0.9782262 0.20413245 0.03746237 0 0 0 0 0.16785842 0.056132283
-0.65787464 0.9671558 0.5167358 0.6643547 -0.12978551 0.7360629 0 0 0 0 0.27777758 0.5
-0.80613804 0.95724046 0.51312697 -0.70162016 -0.21452057 0.6794926 0 0 0 0 0.28514203 1
-0.7957467 0.89235705 0.48951125 -0.04382281 -0.49951875 0.865194 0 0 0 0 0.33333313 0.98866546
-0.80613804 0.9022724 0.49312016 -0.70163566 -0.27243176 0.65839845 0 0 0 0 0.038374927 0.14038268
-0.8061381 0.9618525 0.48697114 -0.978227 -0.0723397 -0.19452208 0 0 0 0 0.044813834 0.20277113
-0.8061381 0.915552 0.47011912 -0.97822714 0.18045364 -0.102510415 0 0 0 0 0.062460147 0.15428826
-0.80613804 0.9823194 0.49058002 -0.97822607 0.13451129 -0.15805283 0 0 0 0 0.04103484 0.22420283
-0.80613804 1.046755 0.5167358 -0.66436476 0.12978517 0.73605394 0 0 0 0 0.013646156 0.29167557
-0.80613804 1.042143 0.49057996 -0.93327373 -0.062368967 -0.35370958 0 0 0 0 0.041034844 0.28684616
-0.6578747 1.1825302 0.43834585 0.6643746 0.5725431 0.48041734 0 0 0 0 0.111110926 0.5
-0.8061381 1.1744471 0.44512838 -0.70162797 0.4811923 0.52552086 0 0 0 0 0.11847536 1
-0.7957467 1.1215537 0.4895112 -0.043823164 0.49952057 0.8651929 0 0 0 0 0.16666648 0.98866546
-0.8061381 1.1296366 0.48272875 -0.7016301 0.43397608 0.56513715 0 0 0 0 0.04925608 0.37846404
-0.8061381 1.1541015 0.4280564 -0.9782266 -0.20463343 -0.034610625 0 0 0 0 0.1065055 0.404082
-0.8061381 1.116357 0.4597277 -0.97822696 0.0014470342 -0.20753339 0 0 0 0 0.0733413 0.3645584
-0.79074043 0.9875224 0.27471513 -0.95074314 -0.23657535 -0.20029895 0 0 0 0 0.28039822 0.21377271
-0.80593747 0.9983125 0.27605143 -0.83013326 -0.2787828 -0.48286542 0 0 0 0 0.29095545 0.22635427
-0.79074043 0.9942714 0.2690521 -0.9479736 -0.14678438 -0.28248993 0 0 0 0 0.29095545 0.22635427
-0.8061381 1.1878059 0.42920792 -0.70163035 0.6010926 0.38262585 0 0 0 0 0.105299704 0.43937513
-0.8061381 1.1973721 0.36032718 -0.9332734 -0.33750665 -0.1228423 0 0 0 0 0.17742714 0.44939223
-0.8061381 1.1674603 0.41213593 -0.9782268 -0.06962208 -0.19551267 0 0 0 0 0.123176396 0.41807055
-0.8061381 1.2223296 0.369411 -0.66436493 0.70233375 0.25562996 0 0 0 0 0.16791517 0.4755262
-0.8061381 1.2077603 0.30141252 -0.9782265 -0.17900771 0.105019845 0 0 0 0 0.23911884 0.46027017
-0.65787464 1.1215537 0.48951116 0.66435736 0.37371033 0.64727885 0 0 0 0 0.5421539 0.37
-0.6578747 0.8313805 0.14369644 0.6643525 -0.572558 -0.4804302 0 0 0 0 0.90426904 0.06614934
-0.65787476 1.1215535 0.092531085 0.6643642 0.37370157 -0.6472769 0 0 0 0 0.9578461 0.37
-0.6578747 1.2223296 0.21263129 0.6643571 0.70233977 -0.25563335 0 0 0 0 0.9444444 0.5
-0.8061381 1.2241619 0.22302265 -0.70162815 0.6957105 -0.1539642 0 0 0 0 0.95180887 1
-0.79574674 1.2361519 0.29102114 -0.043824572 0.99903935 -3.3552536e-07 0 0 0 0 1 0.98866546
-0.6578747 1.2361519 0.2910211 0.664377 0.74739766 -3.1955883e-06 0 0 0 0 -1.8626451e-07 0.5
-0.8061381 1.2343197 0.3014125 -0.7016273 0.70641375 0.09326761 0 0 0 0 0.007364256 1
-0.8061381 1.2223296 0.369411 -0.66436493 0.70233375 0.25562996 0 0 0 0 0.05555537 1
-0.65787476 1.1215535 0.092531085 0.6643642 0.37370157 -0.6472769 0 0 0 0 0.83333325 0.5
-0.8061381 1.1296365 0.09931362 -0.7016282 0.43397862 -0.5651375 0 0 0 0 0.8406977 1
-0.8061381 1.18253 0.14369641 -0.6643721 0.5725439 -0.4804198 0 0 0 0 0.88888884 1
-0.65787476 0.9671557 0.06530663 0.66435534 -0.1297902 -0.73606145 0 0 0 0 0.7222221 0.5
-0.80613816 1.0362031 0.06530666 -0.701638 0.030817099 -0.7118669 0 0 0 0 0.7704132 1
-0.7957468 1.0467548 0.06530665 -0.043825757 0.1734795 -0.98386186 0 0 0 0 0.7777777 0.98866546
-0.80613816 0.9671557 0.06530669 -0.6643651 -0.12978497 -0.7360536 0 0 0 0 0.48635384 0.20832443
-0.8061381 0.9155519 0.11192335 -0.97822666 0.18045282 0.102515824 0 0 0 0 0.43753985 0.15428826
-0.65787476 0.892357 0.092531145 0.66437644 -0.37370116 -0.6472646 0 0 0 0 0.6666665 0.5
-0.80613816 0.9022723 0.08892232 -0.7016286 -0.272435 -0.65840447 0 0 0 0 0.67403096 1
-0.80613816 0.9671557 0.06530669 -0.6643651 -0.12978497 -0.7360536 0 0 0 0 0.7222221 1
-0.6578747 0.791581 0.21263137 0.6643768 -0.70232517 -0.25562266 0 0 0 0 0.55555534 0.5
-0.8061381 0.8261047 0.1528345 -0.7016366 -0.6010875 -0.38262242 0 0 0 0 0.6037465 1
-0.79574674 0.8313805 0.14369649 -0.043824773 -0.76530915 -0.6421692 0 0 0 0 0.6111109 0.98866546
-0.8061381 0.779591 0.2806299 -0.701621 -0.70641994 -0.093267426 0 0 0 0 0.26088116 0.011918647
-0.8061381 0.8061503 0.2806299 -0.97822666 0.17900708 -0.105019644 0 0 0 0 0.26088116 0.039729856
-0.6578747 0.7777587 0.29102123 0.6643567 -0.74741566 2.910787e-06 0 0 0 0 0.4999998 0.5
-0.8061381 0.779591 0.2806299 -0.701621 -0.70641994 -0.093267426 0 0 0 0 0.5073642 1
-0.8061381 0.791581 0.2126314 -0.66436493 -0.70233375 -0.25562987 0 0 0 0 0.55555534 1
-0.6578747 0.8313806 0.43834597 0.6643483 -0.57255757 0.48043644 0 0 0 0 0.3888887 0.5
-0.8061381 0.7968568 0.3785491 -0.70163727 -0.63190377 0.32924592 0 0 0 0 0.4370798 1
-0.79574674 0.79158103 0.3694111 -0.043824203 -0.93878853 0.34169513 0 0 0 0 0.44444424 0.98866546
-0.8061381 0.884274 0.4827288 -0.7016209 -0.43398154 0.5651445 0 0 0 0 0.049256094 0.12153595
-0.8061381 0.8975537 0.45972776 -0.9782269 -0.0014458919 -0.2075336 0 0 0 0 0.07334131 0.13544154
-0.65787464 0.89235705 0.48951122 0.6643784 -0.3736954 0.6472659 0 0 0 0 0.33333313 0.5
-0.8061381 0.884274 0.4827288 -0.7016209 -0.43398154 0.5651445 0 0 0 0 0.3406976 1
-0.8061381 0.8313806 0.43834603 -0.66437197 -0.57254416 0.48041987 0 0 0 0 0.3888887 1
-0.65787464 1.046755 0.51673573 0.6643764 0.12978734 0.736043 0 0 0 0 0.22222203 0.5
-0.80613804 0.97770745 0.5167358 -0.701643 -0.030816536 0.71186197 0 0 0 0 0.27041313 1
-0.7957467 0.9671558 0.5167358 -0.043823358 -0.17347923 0.98386204 0 0 0 0 0.27777758 0.98866546
-0.80613804 1.1116383 0.4931201 -0.7016269 0.27243474 0.6584065 0 0 0 0 0.038374923 0.35961735
-0.8061381 1.0983586 0.4701191 -0.9782265 -0.1804543 -0.102514215 0 0 0 0 0.06246015 0.34571168
-0.65787464 1.1215537 0.48951116 0.66435736 0.37371033 0.64727885 0 0 0 0 0.16666648 0.5
-0.80613804 1.1116383 0.4931201 -0.7016269 0.27243474 0.6584065 0 0 0 0 0.17403091 1
-0.80613804 1.046755 0.5167358 -0.66436476 0.12978517 0.73605394 0 0 0 0 0.22222203 1
-0.6578747 1.2223296 0.369411 0.66435534 0.70234317 0.2556289 0 0 0 0 0.05555537 0.5
-0.8061381 1.1878059 0.42920792 -0.70163035 0.6010926 0.38262585 0 0 0 0 0.103746496 1
-0.79574674 1.1825302 0.4383459 -0.04382417 0.76531 0.6421683 0 0 0 0 0.111110926 0.98866546
-0.769979 0.9952519 0.22464797 -0.60776234 -0.13789746 -0.7820545 0 0 0 0 0.35619193 0.23127544
-0.8061381 0.97634226 0.21721521 -0.8316174 0.2484355 -0.49668127 0 0 0 0 0.34818453 0.20927528
-0.8061381 0.9928799 0.21119598 -0.60576427 -0.1406263 -0.78311807 0 0 0 0 0.35619193 0.23127544
-0.8061381 1.1296365 0.09931362 -0.7016282 0.43397862 -0.5651375 0 0 0 0 0.4507439 0.37846407
-0.8061381 1.116357 0.12231466 -0.97822636 0.0014464036 0.20753588 0 0 0 0 0.4266587 0.3645584
-0.8061381 1.010479 0.21119596 -0.83161855 -0.40332687 -0.38175675 0 0 0 0 0.356192 0.2546876
-0.769979 1.1668069 0.2420347 -0.70525616 -0.116980925 0.6992348 0 0 0 0 0.31169167 0.45131093
-0.8061381 1.2077603 0.2806298 -0.97822654 -0.17900716 -0.10502074 0 0 0 0 0.26088116 0.46027017
-0.8061381 1.1992043 0.23210649 -0.97822666 -0.1322903 0.15991239 0 0 0 0 0.31169167 0.45131093
-0.769979 1.0324095 0.22965285 -0.47888806 -0.23013066 -0.8471755 0 0 0 0 0.3481846 0.2907247
-0.8061381 1.030946 0.21480483 -0.85946566 0.4957102 -0.12486152 0 0 0 0 0.35139108 0.28191492
-0.8061381 1.0375683 0.21721518 -0.83161 -0.2484286 -0.4966973 0 0 0 0 0.3481846 0.2907247
-0.8061381 1.0609653 0.34990594 -0.8594667 -0.13972151 0.49172673 0 0 0 0 0.17166534 0.32184976
-0.769979 1.1293046 0.40496355 -0.70525604 -0.6640457 0.24830885 0 0 0 0 0.1065055 0.404082
-0.769979 1.0585846 0.24769914 -0.6077575 0.60833275 -0.51045287 0 0 0 0 0.31931192 0.33260268
-0.8061381 1.0555667 0.22760653 -0.83161753 0.55435604 -0.033189673 0 0 0 0 0.3343609 0.314668
-0.8061381 1.0690484 0.23891896 -0.60576403 0.607887 -0.5133452 0 0 0 0 0.31931192 0.33260268
-0.769979 1.1404123 0.39172596 -0.705235 0.1292551 -0.6970916 0 0 0 0 0.12317639 0.41807055
-0.8061381 1.0743243 0.33398545 -0.83161765 0.5322759 -0.15841272 0 0 0 0 0.19284445 0.33962116
-0.769979 0.8486272 0.23339455 -0.9012958 0.40707898 0.14816436 0 0 0 0 0.32257283 0.050607756
-0.769979 1.070288 0.31407243 -0.6077578 0.74623114 0.27160558 0 0 0 0 0.2131199 0.3513272
-0.8061381 1.0861797 0.30141252 -0.8316191 0.30591977 0.4634898 0 0 0 0 0.23617634 0.3553927
-0.8061381 1.0831237 0.31874424 -0.60576415 0.74851316 0.26977372 0 0 0 0 0.2131199 0.3513272
-0.8061381 1.0375683 0.36482725 -0.8316178 -0.24843445 0.49668142 0 0 0 0 0.15181541 0.2907247
-0.769979 1.0829556 0.4399379 -0.70523494 -0.7089462 0.006243433 0 0 0 0 0.062460147 0.34571168
-0.8061381 1.0778478 0.25416017 -0.83161724 0.12894867 -0.5401714 0 0 0 0 0.2990364 0.34430873
-0.769979 1.0979209 0.43129766 -0.7052418 0.35987616 -0.6108381 0 0 0 0 0.0733413 0.36455843
-0.8061381 1.0555667 0.3544359 -0.83161044 0.5543659 0.03320472 0 0 0 0 0.16563909 0.31466797
-0.769979 1.072829 0.28238097 -0.47888806 0.61860925 -0.6228875 0 0 0 0 0.2638237 0.35539266
-0.8061381 1.0849559 0.2736895 -0.8594668 0.35598725 0.36686507 0 0 0 0 0.2730564 0.35376465
-0.8061381 1.0861797 0.28062984 -0.8316086 0.30594087 -0.46349487 0 0 0 0 0.2638237 0.35539266
-0.8061381 0.9829647 0.36723763 -0.8594655 -0.4957104 0.124861464 0 0 0 0 0.14860891 0.21808511
-0.769979 0.9694531 0.45395005 -0.70524776 -0.54708743 -0.45091134 0 0 0 0 0.044813827 0.20277113
-0.769979 0.88460594 0.17707893 -0.7052559 0.66404575 -0.2483092 0 0 0 0 0.39349446 0.095918
-0.769979 1.1652834 0.34864792 -0.90129566 -0.4070792 -0.14816469 0 0 0 0 0.17742714 0.44939223
-0.8061381 1.0776206 0.2910212 -0.9827848 -0.18409814 -0.015557453 0 0 0 0 0.25 0.34653383
-0.79074043 1.0307932 0.2823449 -0.9507379 0.29176536 -0.10474002 0 0 0 0 0.2661746 0.29443932
-0.769979 0.98647106 0.45695078 -0.70523506 0.66832674 -0.23660734 0 0 0 0 0.041034844 0.22420283
-0.8061381 1.0034317 0.3708465 -0.83161896 0.40332636 0.3817564 0 0 0 0 0.14380798 0.24531242
-0.8061381 1.073359 0.26685223 -0.976477 -0.16137092 0.14301075 0 0 0 0 0.2830165 0.34071213
-0.79074043 1.0263882 0.27471513 -0.9452027 0.24090157 -0.22035953 0 0 0 0 0.28039825 0.28622726
-0.79074043 1.0323231 0.2910212 -0.94797397 0.3180344 0.014125782 0 0 0 0 0.25000003 0.2972913
-0.8061381 1.042288 0.22982325 -0.98278475 -0.10552207 0.15165484 0 0 0 0 0.33360073 0.29826692
-0.79074043 1.0113604 0.26603884 -0.95073766 0.055175427 -0.305047 0 0 0 0 0.29657277 0.258212
-0.8061381 1.0192262 0.22142944 -0.976477 0.043165866 0.2112566 0 0 0 0 0.34506726 0.2667629
-0.79074043 1.0025502 0.26603884 -0.9452024 -0.07038613 -0.31880757 0 0 0 0 0.29657283 0.24178796
-0.8061381 0.9716226 0.22982326 -0.98278475 0.07857596 0.16721231 0 0 0 0 0.33360073 0.20173305
-0.8061381 0.9529453 0.2321365 -0.85946435 0.13971712 -0.491732 0 0 0 0 0.32833466 0.1781502
-0.8061381 0.9528225 0.2455984 -0.97647715 0.20453626 0.06824605 0 0 0 0 0.31205073 0.17605075
-0.8061381 0.9307869 0.2632982 -0.6057641 -0.74851346 -0.26977304 0 0 0 0 0.2868801 0.14867279
-0.79074043 0.9831174 0.28234494 -0.9452026 -0.31128582 -0.09845489 0 0 0 0 0.26617458 0.20556068
-0.8061381 0.93628997 0.29102123 -0.98278487 0.1840981 0.015557119 0 0 0 0 0.25000003 0.15346617
-0.79074043 0.9815875 0.29102123 -0.94797343 -0.31803566 -0.014134142 0 0 0 0 0.25 0.20270866
-0.8061381 0.92895466 0.30835292 -0.8594654 -0.3559886 -0.36686713 0 0 0 0 0.22694357 0.14623529
-0.79074043 0.9831174 0.29969755 -0.95073766 -0.2917688 0.104732245 0 0 0 0 0.23382539 0.2055607
-0.8061381 0.94055164 0.31519023 -0.976477 0.16137117 -0.14301099 0 0 0 0 0.21698348 0.15928787
-0.8061381 0.9448623 0.3431235 -0.6057644 -0.60788697 0.5133449 0 0 0 0 0.18068808 0.1673973
-0.79074043 0.9875225 0.30732733 -0.9452027 -0.2409069 0.22035357 0 0 0 0 0.21960169 0.21377274
-0.8061381 0.97162265 0.35221922 -0.98278475 0.105521865 -0.1516551 0 0 0 0 0.16639929 0.20173308
-0.79074043 0.9942714 0.31299037 -0.94797355 -0.17125848 0.26835933 0 0 0 0 0.20904453 0.22635435
-0.79074043 1.0025502 0.31600365 -0.95073795 -0.055183474 0.30504456 0 0 0 0 0.20342714 0.241788
-0.8061381 0.99468446 0.36061305 -0.976477 -0.043165363 -0.21125704 0 0 0 0 0.15493271 0.23323709
-0.8061381 1.0210307 0.3708465 -0.6057644 0.14062656 0.78311795 0 0 0 0 0.14380798 0.26872444
-0.79074043 1.0113604 0.31600362 -0.94520295 0.070378706 0.3188076 0 0 0 0 0.20342714 0.25821203
-0.8061381 1.0422881 0.3522192 -0.98278475 -0.078576066 -0.16721219 0 0 0 0 0.16639924 0.29826692
-0.79074043 1.0196393 0.31299037 -0.94797385 0.14677708 0.28249285 0 0 0 0 0.20904455 0.27364567
-0.79074043 1.0263882 0.30732733 -0.9507323 0.23660079 0.2003203 0 0 0 0 0.21960175 0.2862273
-0.8061381 1.0610881 0.33644402 -0.976477 -0.2045365 -0.06824609 0 0 0 0 0.18794926 0.3239492
-0.79074043 1.0307932 0.29969752 -0.94520277 0.3112874 0.09844697 0 0 0 0 0.23382537 0.29443932
-0.79074043 1.0196393 0.2690521 -0.9479736 0.17125094 -0.26836398 0 0 0 0 0.29095542 0.27364564
-0.8061381 1.2241619 0.22302265 -0.70162815 0.6957105 -0.1539642 0 0 0 0 0.33142862 0.4737233
-0.79574674 1.2223296 0.21263131 -0.0438243 0.93878937 -0.341693 0 0 0 0 0.33208483 0.4755262
-0.8061381 1.2343197 0.3014125 -0.7016273 0.70641375 0.09326761 0 0 0 0 0.23911884 0.4880814
-0.79574674 1.2361519 0.29102114 -0.043824572 0.99903935 -3.3552536e-07 0 0 0 0 0.25 0.49
-0.8061381 1.2343197 0.2806298 -0.70163727 0.7064041 -0.09326591 0 0 0 0 0.25 0.48808137
-0.8061381 1.1296365 0.09931362 -0.7016282 0.43397862 -0.5651375 0 0 0 0 0.45618454 0.3690407
-0.7957468 1.1215535 0.09253113 -0.04382524 0.49951854 -0.86519396 0 0 0 0 0.4578461 0.37
-0.80613816 1.0566702 0.068915546 -0.7016224 0.2145201 -0.6794904 0 0 0 0 0.48446435 0.29134238
-0.7957468 1.0467548 0.06530665 -0.043825757 0.1734795 -0.98386186 0 0 0 0 0.48635384 0.29167557
-0.80613816 0.9022723 0.08892232 -0.7016286 -0.272435 -0.65840447 0 0 0 0 0.45618454 0.13095932
-0.7957468 0.892357 0.09253119 -0.043825597 -0.49952015 -0.865193 0 0 0 0 0.4578461 0.13
-0.8061381 0.83946353 0.13691403 -0.70162827 -0.48119187 -0.52552086 0 0 0 0 0.40303573 0.0676191
-0.79574674 0.8313805 0.14369649 -0.043824773 -0.76530915 -0.6421692 0 0 0 0 0.40426904 0.06614934
-0.8061381 0.8261047 0.1528345 -0.7016366 -0.6010875 -0.38262242 0 0 0 0 0.39470032 0.06062483
-0.8061381 0.779591 0.2806299 -0.701621 -0.70641994 -0.093267426 0 0 0 0 0.25 0.011918649
-0.79574674 0.7777587 0.29102126 -0.04382457 -0.99903935 2.789452e-06 0 0 0 0 0.25 0.010000005
-0.8061381 0.779591 0.3014126 -0.7016395 -0.7064018 0.09326587 0 0 0 0 0.23911884 0.011918645
-0.8061381 0.7897487 0.35901976 -0.7016189 -0.6957192 0.15396683 0 0 0 0 0.16857138 0.0262767
-0.79574674 0.79158103 0.3694111 -0.043824203 -0.93878853 0.34169513 0 0 0 0 0.16791517 0.024473771
-0.8061381 0.884274 0.4827288 -0.7016209 -0.43398154 0.5651445 0 0 0 0 0.0438155 0.13095932
-0.7957467 0.89235705 0.48951125 -0.04382281 -0.49951875 0.865194 0 0 0 0 0.04215391 0.13
-0.80613804 0.95724046 0.51312697 -0.70162016 -0.21452057 0.6794926 0 0 0 0 0.015535651 0.2086576
-0.7957467 0.9671558 0.5167358 -0.043823358 -0.17347923 0.98386204 0 0 0 0 0.013646156 0.20832443
-0.80613804 0.97770745 0.5167358 -0.701643 -0.030816536 0.71186197 0 0 0 0 0.013646156 0.21937346
-0.80613804 1.1116383 0.4931201 -0.7016269 0.27243474 0.6584065 0 0 0 0 0.0438155 0.36904067
-0.7957467 1.1215537 0.4895112 -0.043823164 0.49952057 0.8651929 0 0 0 0 0.04215391 0.37
-0.8061381 1.1744471 0.44512838 -0.70162797 0.4811923 0.52552086 0 0 0 0 0.096964255 0.43238086
-0.79574674 1.1825302 0.4383459 -0.04382417 0.76531 0.6421683 0 0 0 0 0.095730975 0.43385065
-0.8061381 1.0849559 0.2736895 -0.8594668 0.35598725 0.36686507 0 0 0 0 0.27513143 0.35453337
-0.8061381 1.0861797 0.30141252 -0.8316191 0.30591977 0.4634898 0 0 0 0 0.2378633 0.35682476
-0.8061381 1.0555667 0.22760653 -0.83161753 0.55435604 -0.033189673 0 0 0 0 0.33644453 0.31392303
-0.8061381 1.030946 0.21480483 -0.85946566 0.4957102 -0.12486152 0 0 0 0 0.35309425 0.28050226
-0.8061381 0.95834386 0.22760656 -0.8316129 -0.55436254 -0.0331992 0 0 0 0 0.33436087 0.18533197
-0.8061381 0.97634226 0.21721521 -0.8316174 0.2484355 -0.49668127 0 0 0 0 0.34858128 0.20709832
-0.8061381 0.93958646 0.24805698 -0.83161753 -0.532276 0.15841337 0 0 0 0 0.30715555 0.16037881
-0.8061381 0.9529453 0.2321365 -0.85946435 0.13971712 -0.491732 0 0 0 0 0.32796282 0.17596878
-0.8061381 0.9277309 0.30141258 -0.8316091 -0.30593953 0.46349484 0 0 0 0 0.23617636 0.1446073
-0.8061381 0.9277309 0.28062987 -0.8316187 -0.30592036 -0.46349025 0 0 0 0 0.26213673 0.14317529
-0.8061381 0.93606275 0.32788226 -0.83161914 -0.12894727 0.5401689 0 0 0 0 0.20096357 0.15569124
-0.8061381 0.92895466 0.30835292 -0.8594654 -0.3559886 -0.36686713 0 0 0 0 0.22486855 0.14546658
-0.8061381 0.97634226 0.36482728 -0.83161044 0.24842611 0.4966976 0 0 0 0 0.15181544 0.2092753
-0.8061381 0.9583439 0.35443592 -0.8316175 -0.55435634 0.033189785 0 0 0 0 0.16355547 0.18607695
-0.8061381 0.9829647 0.36723763 -0.8594655 -0.4957104 0.124861464 0 0 0 0 0.14690565 0.21949776
-0.8061381 1.0375683 0.36482725 -0.8316178 -0.24843445 0.49668142 0 0 0 0 0.15141872 0.29290172
-0.8061381 1.0609653 0.34990594 -0.8594667 -0.13972151 0.49172673 0 0 0 0 0.17203712 0.3240311
-0.8061381 1.2343197 0.2806298 -0.70163727 0.7064041 -0.09326591 0 0 0 0 0.26088116 0.48808137
-0.8061381 1.2241619 0.22302265 -0.70162815 0.6957105 -0.1539642 0 0 0 0 0.32120368 0.47744486
-0.8061381 0.83946353 0.13691403 -0.70162827 -0.48119187 -0.52552086 0 0 0 0 0.4113712 0.07461338
-0.8061381 1.1744471 0.44512838 -0.70162797 0.4811923 0.52552086 0 0 0 0 0.08862881 0.4253866
-0.8061381 0.9583439 0.35443592 -0.8316175 -0.55435634 0.033189785 0 0 0 0 0.16563912 0.185332
-0.769979 1.1739211 0.28238097 -0.70524144 -0.34906363 -0.61708105 0 0 0 0 0.26088116 0.46027017
-0.769979 1.0718114 0.27661026 -0.47888052 0.7943473 0.37374586 0 0 0 0 0.2730564 0.35376465
-0.769979 1.1608967 0.22579639 -0.70523477 -0.53907156 -0.46048427 0 0 0 0 0.33214158 0.44386777
-0.769979 1.0659013 0.26037192 -0.47888774 0.3682629 -0.79689974 0 0 0 0 0.2990364 0.34430873
-0.769979 1.1739211 0.2996614 -0.7052352 -0.34906664 0.6170866 0 0 0 0 0.23911884 0.46027017
-0.769979 1.072829 0.29966143 -0.47888806 0.6186108 0.622886 0 0 0 0 0.23617634 0.3553927
-0.769979 1.0829555 0.14210452 -0.7052414 -0.70893985 -0.006242623 0 0 0 0 0.43753988 0.3457117
-0.769979 1.0269032 0.22764868 -0.47888008 0.7208478 -0.5010512 0 0 0 0 0.35139108 0.28191492
-0.769979 1.0274396 0.12509172 -0.7052346 -0.66832685 0.23660816 0 0 0 0 0.45896518 0.2757972
-0.769979 1.0098852 0.22464797 -0.47888747 -0.50600344 -0.71737534 0 0 0 0 0.356192 0.2546876
-0.769979 0.97769743 0.12509173 -0.9012928 0.07522612 0.4266291 0 0 0 0 0.45896515 0.21315378
-0.769979 0.9815011 0.22965285 -0.4788773 0.23013179 -0.84718114 0 0 0 0 0.34818453 0.20927528
-0.769979 0.91598976 0.15074478 -0.70524144 -0.35987628 0.61083835 0 0 0 0 0.4266587 0.13544154
-0.769979 0.962047 0.24205965 -0.47888067 -0.07349842 -0.8747979 0 0 0 0 0.32833466 0.1781502
-0.769979 0.9665358 0.23829308 -0.47888798 -0.8487406 -0.22428998 0 0 0 0 0.33436084 0.18533196
-0.769979 0.8734983 0.19031653 -0.70523506 -0.12925553 0.6970915 0 0 0 0 0.37682357 0.08192945
-0.769979 0.94362265 0.26797006 -0.6077574 -0.74623144 -0.2716057 0 0 0 0 0.2868801 0.14867279
-0.769979 0.9509393 0.25529724 -0.47888747 -0.874267 0.07952404 0 0 0 0 0.30715555 0.16037883
-0.769979 0.8399896 0.28238106 -0.70523465 0.34906623 -0.6170875 0 0 0 0 0.26088116 0.039729856
-0.769979 0.94108164 0.28238103 -0.47888747 -0.6186105 -0.6228868 0 0 0 0 0.2638237 0.14460732
-0.769979 0.8399896 0.2996615 -0.7052503 0.34908155 0.6170609 0 0 0 0 0.23911884 0.039729856
-0.769979 0.9420992 0.30543223 -0.47887945 -0.79434735 -0.3737469 0 0 0 0 0.22694358 0.14623529
-0.769979 0.94108164 0.29966146 -0.4788887 -0.6186099 0.62288636 0 0 0 0 0.23617636 0.1446073
-0.769979 0.853014 0.35624608 -0.7052352 0.53907126 0.46048406 0 0 0 0 0.16785842 0.05613228
-0.769979 0.9553261 0.33434334 -0.6077577 -0.6083332 0.5104522 0 0 0 0 0.18068808 0.1673973
-0.769979 0.94800943 0.32167053 -0.47888792 -0.36826417 0.7968989 0 0 0 0 0.20096359 0.15569125
-0.769979 0.9159898 0.43129772 -0.7052347 -0.3598802 -0.6108439 0 0 0 0 0.0733413 0.13544154
-0.769979 0.9665358 0.34374943 -0.47888777 -0.8487408 0.22428901 0 0 0 0 0.16563912 0.185332
-0.769979 0.9309551 0.43993792 -0.70525014 0.70893127 0.006217336 0 0 0 0 0.062460143 0.15428826
-0.769979 0.98700756 0.35439384 -0.47888038 -0.7208475 0.50105137 0 0 0 0 0.14860891 0.21808511
-0.769979 0.98150116 0.35238963 -0.47888887 0.23013091 0.8471748 0 0 0 0 0.15181544 0.2092753
-0.769979 1.0186588 0.35739452 -0.6077578 0.13789842 0.7820578 0 0 0 0 0.14380798 0.26872444
-0.769979 1.0040255 0.35739455 -0.47888803 0.50600314 0.7173752 0 0 0 0 0.14380798 0.24531242
-0.769979 1.0324095 0.35238963 -0.47888803 -0.23013033 0.84717554 0 0 0 0 0.15181541 0.2907247
-0.769979 1.0518637 0.3399828 -0.47888035 0.073499165 0.874798 0 0 0 0 0.17166534 0.32184976
-0.769979 1.0473748 0.3437494 -0.4788887 0.8487406 0.2242885 0 0 0 0 0.16563909 0.31466797
-0.769979 1.0629714 0.32674524 -0.47888768 0.8742668 -0.079524 0 0 0 0 0.19284445 0.33962116
-0.769979 1.0979208 0.15074475 -0.7052352 0.35987982 0.6108436 0 0 0 0 0.4266587 0.3645584
-0.769979 1.0473748 0.23829307 -0.47888786 0.8487405 -0.22428963 0 0 0 0 0.3343609 0.314668
-0.8061381 0.9277309 0.28062987 -0.8316187 -0.30592036 -0.46349025 0 0 0 0 0.2638237 0.14460732
-0.769979 0.8778851 0.3993241 -0.90129566 0.33185372 -0.27845857 0 0 0 0 0.113607675 0.08745396
-0.769979 1.1360255 0.18271837 -0.90129566 -0.3318537 0.2784586 0 0 0 0 0.38639233 0.41254604
-0.769979 1.0444576 0.12809242 -0.70525616 0.54706484 0.45092568 0 0 0 0 0.4551862 0.2972289
-0.769979 0.93095505 0.14210455 -0.705248 0.70893323 -0.006242795 0 0 0 0 0.43753988 0.15428826
-0.769979 1.0362133 0.45695075 -0.90129596 -0.075225435 -0.42662263 0 0 0 0 0.041034844 0.28684616
-0.769979 0.8471037 0.34000778 -0.70524746 0.11695665 -0.69924766 0 0 0 0 0.1883083 0.04868913
-0.80593747 1.0099568 0.2739982 -0.8301336 0.09682039 -0.5490937 0 0 0 0 0.29657277 0.258212
-0.80593747 0.9983125 0.305991 -0.8301331 -0.27878258 0.48286605 0 0 0 0 0.20904453 0.22635435
-0.80593747 1.0201968 0.3021322 -0.83013797 0.427114 0.35839164 0 0 0 0 0.21960175 0.2862273
-0.80593747 1.015598 0.305991 -0.83014387 0.27877378 0.48285237 0 0 0 0 0.20904455 0.27364567
-0.80593747 0.9907121 0.28510916 -0.83013004 -0.5239444 -0.19069985 0 0 0 0 0.26617458 0.20556068
-0.80593747 1.0242409 0.2910212 -0.83013535 0.557562 1.7523193e-07 0 0 0 0 0.25000003 0.2972913
-0.80593747 0.9896697 0.2910212 -0.8301439 -0.5575491 5.221482e-07 0 0 0 0 0.25 0.20270866
-0.80593747 1.0231985 0.28510916 -0.8301444 0.5239239 -0.19069374 0 0 0 0 0.2661746 0.29443932
-0.80593747 0.9907121 0.29693323 -0.8301336 -0.5239392 0.19069853 0 0 0 0 0.23382539 0.2055607
-0.80593747 1.0201968 0.27991024 -0.8301335 0.42711926 -0.3583958 0 0 0 0 0.28039825 0.28622726
-0.80593747 1.0231985 0.29693323 -0.83014244 0.5239272 0.1906934 0 0 0 0 0.23382537 0.29443932
-0.80593747 0.99371374 0.3021322 -0.8301425 -0.42710936 0.3583867 0 0 0 0 0.21960169 0.21377274
-0.80593747 1.015598 0.27605143 -0.83014333 0.27877373 -0.48285323 0 0 0 0 0.29095542 0.27364564
-0.80593747 1.0039537 0.30804422 -0.83014315 -0.09681729 0.5490799 0 0 0 0 0.20342714 0.241788
-0.80593747 1.0039537 0.2739982 -0.8301427 -0.09681747 -0.5490808 0 0 0 0 0.29657283 0.24178796
-0.80593747 1.0099568 0.30804422 -0.83013415 0.09682029 0.54909307 0 0 0 0 0.20342714 0.25821203
-0.6986044 1.3054465 0.29102117 -6.372962e-13 1 -3.4919944e-07 0 0 0 0 1 0.75
-0.78700614 1.2874453 0.18893114 -0.50981224 0.80840504 -0.29423264 0 0 0 0 0.9444444 1
-0.78700614 1.3054465 0.29102117 -0.50983125 0.8602745 2.2634847e-06 0 0 0 0 1 1
-0.6986044 1.2874453 0.18893111 -2.5650975e-08 0.93969184 -0.34202224 0 0 0 0 0.9444444 0.75
-0.78700614 1.2356128 0.099154636 -0.509815 0.6590168 -0.5529788 0 0 0 0 0.88888884 1
-0.69860446 1.1562008 0.032520086 -5.6807874e-08 0.49999967 -0.86602557 0 0 0 0 0.83333325 0.75
-0.6986044 1.2356128 0.09915461 4.5931814e-15 0.7660429 -0.6427895 0 0 0 0 0.88888884 0.75
-0.69860446 1.0587876 -0.0029354095 -1.6000165e-07 0.17365004 -0.9848075 0 0 0 0 0.7777777 0.75
-0.7870062 1.1562008 0.032520115 -0.50983137 0.43013474 -0.745021 0 0 0 0 0.83333325 1
-0.69860446 0.9551226 -0.00293535 -2.5277262e-07 -0.17364411 -0.98480856 0 0 0 0 0.7222221 0.75
-0.7870062 1.0587876 -0.0029353797 -0.5098124 0.14938416 -0.8472165 0 0 0 0 0.7777777 1
-0.69860446 0.8577094 0.032520145 -1.3916538e-07 -0.49999824 -0.8660264 0 0 0 0 0.6666665 0.75
-0.7870062 0.9551226 -0.0029353201 -0.50982183 -0.1493875 -0.8472103 0 0 0 0 0.7222221 1
-0.78700614 0.7782975 0.099154726 -0.5098245 -0.65901166 -0.5529761 0 0 0 0 0.6111109 1
-0.7870062 0.8577094 0.032520175 -0.50982857 -0.430137 -0.7450215 0 0 0 0 0.6666665 1
-0.6986044 0.726465 0.18893124 -3.6628077e-08 -0.9396921 -0.3420219 0 0 0 0 0.55555534 0.75
-0.6986044 0.7782975 0.099154696 -4.6384496e-08 -0.76604325 -0.642789 0 0 0 0 0.6111109 0.75
-0.6986044 0.7084638 0.2910213 4.673762e-09 -1 3.504035e-07 0 0 0 0 0.4999998 0.75
-0.78700614 0.726465 0.18893126 -0.50982183 -0.8084004 -0.294229 0 0 0 0 0.55555534 1
-0.6986044 0.7264651 0.39311135 3.952577e-08 -0.9396926 0.34202024 0 0 0 0 0.44444424 0.75
-0.78700614 0.7084638 0.29102132 -0.5098121 -0.86028576 2.8941695e-06 0 0 0 0 0.4999998 1
-0.6986044 0.77829754 0.4828878 2.8406456e-08 -0.7660442 0.64278805 0 0 0 0 0.3888887 0.75
-0.78700614 0.7264651 0.39311138 -0.5098312 -0.80839264 0.2942339 0 0 0 0 0.44444424 1
-0.7870061 0.8577095 0.5495224 -0.50980526 -0.4301446 0.7450331 0 0 0 0 0.33333313 1
-0.78700614 0.77829754 0.48288783 -0.50982827 -0.65900856 0.5529764 0 0 0 0 0.3888887 1
-0.69860435 0.95512277 0.58497787 4.6389008e-08 -0.17365217 0.9848071 0 0 0 0 0.27777758 0.75
-0.69860435 0.8577095 0.54952234 1.03193074e-07 -0.5000017 0.86602443 0 0 0 0 0.33333313 0.75
-0.69860435 1.0587877 0.58497775 1.7041945e-07 0.17364837 0.9848078 0 0 0 0 0.22222203 0.75
-0.7870061 0.95512277 0.58497787 -0.50982136 -0.14938468 0.84721094 0 0 0 0 0.27777758 1
-0.7870061 1.1562009 0.5495223 -0.50982445 0.43013933 0.745023 0 0 0 0 0.16666648 1
-0.7870061 1.0587877 0.5849778 -0.5098281 0.14938416 0.847207 0 0 0 0 0.22222203 1
-0.6986044 1.2356129 0.48288772 4.2607176e-08 0.7660445 0.6427876 0 0 0 0 0.111110926 0.75
-0.69860435 1.1562009 0.5495223 0 0.50000197 0.86602426 0 0 0 0 0.16666648 0.75
-0.78700614 1.2874453 0.39311126 -0.5098215 0.80839765 0.29423678 0 0 0 0 0.05555537 1
-0.78700614 1.2356129 0.48288774 -0.5098188 0.65901417 0.5529786 0 0 0 0 0.111110926 1
-0.6986044 1.2874453 0.39311123 2.5650658e-08 0.9396928 0.3420198 0 0 0 0 0.05555537 0.75
-0.78700614 1.3054465 0.29102117 -0.50983125 0.8602745 2.2634847e-06 0 0 0 0 -1.8626451e-07 1
-0.8006109 1.2760146 0.2910212 -0.97143 0.23732655 -1.7652226e-07 0 0 0 0 0.25 0.46633548
-0.78700614 1.2874453 0.18893114 -0.50981224 0.80840504 -0.29423264 0 0 0 0 0.33208483 0.4755262
-0.8006109 1.2597883 0.19899747 -0.97143006 0.22301365 -0.081170514 0 0 0 0 0.32399103 0.45328867
-0.8006109 1.2130666 0.118073165 -0.97143 0.1818026 -0.15255016 0 0 0 0 0.3890577 0.41572252
-0.78700614 1.2356128 0.099154636 -0.509815 0.6590168 -0.5529788 0 0 0 0 0.40426904 0.43385065
-0.80061096 1.1414849 0.058008954 -0.97143 0.11866328 -0.20553039 0 0 0 0 0.43735197 0.3581677
-0.7870062 1.0587876 -0.0029353797 -0.5098124 0.14938416 -0.8472165 0 0 0 0 0.48635384 0.29167557
-0.80061096 1.0536767 0.026049465 -0.97143006 0.04121112 -0.23372053 0 0 0 0 0.46304882 0.28756624
-0.80061096 0.96023345 0.026049525 -0.97143006 -0.04121137 -0.23372082 0 0 0 0 0.4630488 0.21243376
-0.7870062 0.9551226 -0.0029353201 -0.50982183 -0.1493875 -0.8472103 0 0 0 0 0.48635384 0.20832443
-0.80061096 0.87242544 0.058009014 -0.9714301 -0.118663095 -0.20553018 0 0 0 0 0.437352 0.14183228
-0.7870062 0.8577094 0.032520175 -0.50982857 -0.430137 -0.7450215 0 0 0 0 0.4578461 0.13
-0.8006109 0.80084366 0.118073255 -0.97142994 -0.18180302 -0.15255043 0 0 0 0 0.38905773 0.08427744
-0.78700614 0.726465 0.18893126 -0.50982183 -0.8084004 -0.294229 0 0 0 0 0.33208483 0.024473771
-0.8006109 0.754122 0.19899759 -0.97143 -0.22301388 -0.08117034 0 0 0 0 0.32399106 0.0467112
-0.78700614 0.7084638 0.29102132 -0.5098121 -0.86028576 2.8941695e-06 0 0 0 0 0.25 0.010000005
-0.8006109 0.7378958 0.29102132 -0.97143 -0.23732626 1.3915248e-08 0 0 0 0 0.24999999 0.033664584
-0.8006109 0.7541221 0.38304505 -0.97143 -0.22301419 0.08117052 0 0 0 0 0.1760089 0.0467112
-0.78700614 0.77829754 0.48288783 -0.50982827 -0.65900856 0.5529764 0 0 0 0 0.095730975 0.06614934
-0.8006109 0.8008438 0.46396935 -0.97143006 -0.1818024 0.15255068 0 0 0 0 0.110942274 0.084277466
-0.7870061 0.8577095 0.5495224 -0.50980526 -0.4301446 0.7450331 0 0 0 0 0.04215391 0.13
-0.80061084 0.87242556 0.52403355 -0.97142994 -0.11866296 0.2055311 0 0 0 0 0.06264802 0.14183229
-0.80061084 0.96023357 0.5559931 -0.97143 -0.041211374 0.23372123 0 0 0 0 0.036951218 0.21243376
-0.7870061 0.95512277 0.58497787 -0.50982136 -0.14938468 0.84721094 0 0 0 0 0.013646156 0.20832443
-0.80061084 1.053677 0.55599296 -0.97143 0.041211225 0.23372102 0 0 0 0 0.036951214 0.2875663
-0.7870061 1.0587877 0.5849778 -0.5098281 0.14938416 0.847207 0 0 0 0 0.013646156 0.29167557
-0.80061084 1.141485 0.5240335 -0.97142994 0.11866337 0.20553127 0 0 0 0 0.06264804 0.3581677
-0.78700614 1.2356129 0.48288774 -0.5098188 0.65901417 0.5529786 0 0 0 0 0.095730975 0.43385065
-0.8006109 1.2130667 0.46396926 -0.97143 0.18180245 0.15255062 0 0 0 0 0.11094227 0.41572255
-0.8006109 1.2597883 0.38304493 -0.97142994 0.22301404 0.08117045 0 0 0 0 0.17600891 0.45328867
-0.78700614 1.2874453 0.39311126 -0.5098215 0.80839765 0.29423678 0 0 0 0 0.16791517 0.4755262
-0.8006109 1.2163296 0.21481514 -1 9.837936e-09 -6.4052216e-08 0 0 0 0 0.31531703 0.42945728
-0.8006109 1.2297668 0.2910212 -1 -2.8319409e-08 -9.08973e-08 0 0 0 0 0.24999997 0.44097453
-0.8006109 1.1776388 0.14780064 -1 1.9675873e-08 -9.35148e-08 0 0 0 0 0.37275606 0.39629495
-0.8006109 1.118361 0.09806068 -1 -1.26394815e-08 1.2051707e-06 0 0 0 0 0.4153888 0.34548724
-0.80061096 1.045646 0.071594626 -1 1.8542833e-08 1.4814422e-07 0 0 0 0 0.4380732 0.2831624
-0.80061096 0.9682643 0.071594656 -1 -3.9638343e-07 -1.1416595e-08 0 0 0 0 0.43807313 0.2168376
-0.8006109 0.8955493 0.09806074 -1 4.4253437e-07 8.8063666e-07 0 0 0 0 0.41538882 0.15451269
-0.8006109 0.8362715 0.14780073 -1 2.3763724e-10 2.3406137e-07 0 0 0 0 0.3727561 0.103705004
-0.8006109 0.7975807 0.21481524 -1 -1.0971092e-08 -8.429453e-08 0 0 0 0 0.31531712 0.07054262
-0.8006109 0.78414357 0.29102132 -1 1.07832705e-07 -9.089735e-08 0 0 0 0 0.24999999 0.059025455
-0.8006109 0.7975807 0.36722738 -1 -6.072799e-08 -7.944234e-08 0 0 0 0 0.18468283 0.07054262
-0.8006109 0.8362716 0.43424183 -1 3.303158e-08 -8.922463e-08 0 0 0 0 0.12724394 0.10370501
-0.8006109 0.8955494 0.48398182 -1 -3.231529e-08 1.2051721e-06 0 0 0 0 0.084611185 0.15451272
-0.80061084 0.9682644 0.51044786 -1 1.8543032e-08 1.4814674e-07 0 0 0 0 0.06192679 0.2168376
-0.80061084 1.0456461 0.51044786 -1 -3.633479e-07 -1.1417393e-08 0 0 0 0 0.061926793 0.2831624
-0.8006109 1.118361 0.48398176 -1 4.3212933e-07 8.8063615e-07 0 0 0 0 0.08461119 0.34548724
-0.8006109 1.1776388 0.43424177 -1 -1.3189026e-07 2.3406143e-07 0 0 0 0 0.1272439 0.39629492
-0.8006109 1.2163296 0.3672273 -1 1.1638663e-07 -8.429456e-08 0 0 0 0 0.18468282 0.42945725
-0.61020267 1.3054465 0.29102117 0.5098121 0.86028576 -2.869378e-06 0 0 0 0 1 1
-0.61020267 1.2356128 0.099154636 0.5098218 0.6590153 -0.55297434 0 0 0 0 0.88888884 1
-0.6102027 1.1562008 0.032520086 0.50982153 0.4301434 -0.74502265 0 0 0 0 0.83333325 1
-0.6102027 1.0587876 -0.0029354095 0.50981486 0.14938793 -0.8472143 0 0 0 0 0.7777777 1
-0.6102027 0.9551226 -0.00293535 0.5098218 -0.14938742 -0.84721035 0 0 0 0 0.7222221 1
-0.6102027 0.8577094 0.032520145 0.50982165 -0.4301412 -0.74502385 0 0 0 0 0.6666665 1
-0.61020267 0.7782975 0.099154726 0.5098313 -0.65901023 -0.55297154 0 0 0 0 0.6111109 1
-0.61020267 0.7084638 0.29102132 0.5098217 -0.8602801 -3.7445752e-06 0 0 0 0 0.4999998 1
-0.61020267 0.7264651 0.39311135 0.5098215 -0.8084005 0.29422942 0 0 0 0 0.44444424 1
-0.61020267 0.77829754 0.48288783 0.50982445 -0.6590114 0.5529765 0 0 0 0 0.3888887 1
-0.6102026 0.8577095 0.54952234 0.5098217 -0.43013644 0.7450265 0 0 0 0 0.33333313 1
-0.6102026 0.95512277 0.58497787 0.50981206 -0.14938417 0.84721667 0 0 0 0 0.27777758 1
-0.6102026 1.1562009 0.5495223 0.5098217 0.43013662 0.7450264 0 0 0 0 0.16666648 1
-0.61020267 1.2356129 0.48288774 0.50982445 0.65901166 0.5529762 0 0 0 0 0.111110926 1
-0.61020267 1.2874453 0.39311123 0.50982153 0.8084004 0.29422894 0 0 0 0 0.05555537 1
-0.6986044 1.3054465 0.29102117 -6.372962e-13 1 -3.4919944e-07 0 0 0 0 -1.8626451e-07 0.75
-0.5965979 1.2597883 0.19899745 0.97143006 0.22301382 -0.08117022 0 0 0 0 0.32399103 0.45328867
-0.61020267 1.3054465 0.29102117 0.5098121 0.86028576 -2.869378e-06 0 0 0 0 0.25 0.49
-0.5965979 1.2760146 0.29102117 0.97143 0.23732625 -8.487448e-08 0 0 0 0 0.25 0.46633548
-0.5965979 1.2130666 0.118073136 0.97143006 0.18180248 -0.1525506 0 0 0 0 0.3890577 0.41572252
-0.61020267 1.2874453 0.18893111 0.5098285 0.8083956 -0.29423037 0 0 0 0 0.33208483 0.4755262
-0.59659797 1.1414849 0.058008924 0.97142994 0.11866315 -0.2055314 0 0 0 0 0.43735197 0.3581677
-0.61020267 1.2356128 0.099154636 0.5098218 0.6590153 -0.55297434 0 0 0 0 0.40426904 0.43385065
-0.59659797 1.0536767 0.026049435 0.97142994 0.04121128 -0.23372097 0 0 0 0 0.46304882 0.28756624
-0.6102027 1.1562008 0.032520086 0.50982153 0.4301434 -0.74502265 0 0 0 0 0.4578461 0.37
-0.59659797 0.96023345 0.026049495 0.97143006 -0.0412111 -0.23372094 0 0 0 0 0.4630488 0.21243376
-0.6102027 1.0587876 -0.0029354095 0.50981486 0.14938793 -0.8472143 0 0 0 0 0.48635384 0.29167557
-0.59659797 0.87242544 0.058008984 0.9714299 -0.11866317 -0.20553124 0 0 0 0 0.437352 0.14183228
-0.6102027 0.9551226 -0.00293535 0.5098218 -0.14938742 -0.84721035 0 0 0 0 0.48635384 0.20832443
-0.5965979 0.80084366 0.118073225 0.97143 -0.1818027 -0.15255083 0 0 0 0 0.38905773 0.08427744
-0.6102027 0.8577094 0.032520145 0.50982165 -0.4301412 -0.74502385 0 0 0 0 0.4578461 0.13
-0.61020267 0.726465 0.18893124 0.50981903 -0.8084005 -0.29423338 0 0 0 0 0.33208483 0.024473771
-0.61020267 0.7782975 0.099154726 0.5098313 -0.65901023 -0.55297154 0 0 0 0 0.40426904 0.06614934
-0.5965979 0.7378958 0.2910213 0.97143006 -0.23732647 4.821545e-08 0 0 0 0 0.24999999 0.033664584
-0.5965979 0.754122 0.19899757 0.97143006 -0.22301356 -0.081170134 0 0 0 0 0.32399106 0.0467112
-0.5965979 0.7541221 0.38304505 0.97143 -0.2230141 0.081170596 0 0 0 0 0.1760089 0.0467112
-0.61020267 0.7084638 0.29102132 0.5098217 -0.8602801 -3.7445752e-06 0 0 0 0 0.25 0.010000005
-0.5965979 0.8008438 0.46396932 0.97143 -0.18180276 0.1525505 0 0 0 0 0.110942274 0.084277466
-0.61020267 0.7264651 0.39311135 0.5098215 -0.8084005 0.29422942 0 0 0 0 0.16791517 0.024473771
-0.6102026 0.8577095 0.54952234 0.5098217 -0.43013644 0.7450265 0 0 0 0 0.04215391 0.13
-0.61020267 0.77829754 0.48288783 0.50982445 -0.6590114 0.5529765 0 0 0 0 0.095730975 0.06614934
-0.59659785 0.87242556 0.52403355 0.9714301 -0.11866334 0.20553032 0 0 0 0 0.06264802 0.14183229
-0.6102026 0.95512277 0.58497787 0.50981206 -0.14938417 0.84721667 0 0 0 0 0.013646156 0.20832443
-0.59659785 1.053677 0.55599296 0.97143 0.041211408 0.23372094 0 0 0 0 0.036951214 0.2875663
-0.59659785 0.96023357 0.555993 0.97143 -0.041211158 0.2337209 0 0 0 0 0.036951218 0.21243376
-0.59659785 1.141485 0.5240334 0.9714301 0.118663184 0.20553032 0 0 0 0 0.06264804 0.3581677
-0.6102026 1.0587877 0.58497775 0.5098282 0.14938414 0.84720695 0 0 0 0 0.013646156 0.29167557
-0.5965979 1.2130667 0.46396923 0.97143 0.18180294 0.15255049 0 0 0 0 0.11094227 0.41572255
-0.6102026 1.1562009 0.5495223 0.5098217 0.43013662 0.7450264 0 0 0 0 0.04215391 0.37
-0.61020267 1.2874453 0.39311123 0.50982153 0.8084004 0.29422894 0 0 0 0 0.16791517 0.4755262
-0.61020267 1.2356129 0.48288774 0.50982445 0.65901166 0.5529762 0 0 0 0 0.095730975 0.43385065
-0.5965979 1.2597883 0.38304493 0.97142994 0.22301398 0.08117037 0 0 0 0 0.17600891 0.45328867
-0.5965979 1.2163296 0.21481512 1 -4.6894107e-07 7.586783e-09 0 0 0 0 0.31531703 0.42945728
-0.5965979 1.2297668 0.2910212 1 -1.7249976e-08 3.5031274e-08 0 0 0 0 0.24999997 0.44097453
-0.5965979 1.1776388 0.14780061 1 -2.695471e-07 1.2477129e-07 0 0 0 0 0.37275606 0.39629495
-0.5965979 1.118361 0.09806065 1 -5.7169564e-07 5.1528783e-08 0 0 0 0 0.4153888 0.34548724
-0.59659797 1.045646 0.071594596 1 -8.033993e-08 -1.2653608e-07 0 0 0 0 0.4380732 0.2831624
-0.59659797 0.9682643 0.071594626 1 2.2020934e-07 -1.0386852e-06 0 0 0 0 0.43807313 0.2168376
-0.5965979 0.8955493 0.09806071 1 -4.3596618e-08 -3.750218e-07 0 0 0 0 0.41538882 0.15451269
-0.5965979 0.8362715 0.1478007 1 5.379765e-07 5.6001877e-08 0 0 0 0 0.3727561 0.103705004
-0.5965979 0.7975807 0.21481523 1 -1.3699693e-08 6.95353e-08 0 0 0 0 0.31531712 0.07054262
-0.5965979 0.78414357 0.2910213 1 -8.084632e-07 2.8912896e-13 0 0 0 0 0.24999999 0.059025455
-0.5965979 0.8362716 0.43424183 1 -3.3212135e-07 5.3504802e-08 0 0 0 0 0.12724394 0.10370501
-0.5965979 0.7975807 0.36722738 1 -7.5776704e-08 6.3019534e-08 0 0 0 0 0.18468283 0.07054262
-0.59659785 0.9682644 0.51044786 1 -2.0603343e-08 -1.1273347e-06 0 0 0 0 0.06192679 0.2168376
-0.5965979 0.8955494 0.4839818 1 1.8802703e-07 -8.274009e-07 0 0 0 0 0.084611185 0.15451272
-0.5965979 1.118361 0.48398173 1 1.5838097e-07 2.3199932e-07 0 0 0 0 0.08461119 0.34548724
-0.59659785 1.0456461 0.5104478 1 1.9696026e-07 -4.9027597e-07 0 0 0 0 0.061926793 0.2831624
-0.5965979 1.1776388 0.43424174 1 -1.4180568e-08 -1.517786e-07 0 0 0 0 0.1272439 0.39629492
-0.5965979 1.2163296 0.36722726 1 8.0845376e-07 7.586315e-09 0 0 0 0 0.18468282 0.42945725
-0.8061381 1.18253 0.14369641 -0.6643721 0.5725439 -0.4804198 0 0 0 0 0.40426904 0.43385065
-0.80613816 1.1116382 0.08892226 -0.70163125 0.2724344 -0.6584019 0 0 0 0 0.8259688 1
-0.80613816 1.0566702 0.068915546 -0.7016224 0.2145201 -0.6794904 0 0 0 0 0.48257485 0.30205825
-0.8061381 0.88427395 0.09931368 -0.70163757 -0.4339732 -0.5651302 0 0 0 0 0.6593021 1
-0.8061381 0.779591 0.3014126 -0.7016395 -0.7064018 0.09326587 0 0 0 0 0.49263534 1
-0.8061381 0.8313806 0.43834603 -0.66437197 -0.57254416 0.48041987 0 0 0 0 0.095730975 0.06614934
-0.80613804 0.9022724 0.49312016 -0.70163566 -0.27243176 0.65839845 0 0 0 0 0.32596868 1
-0.80613804 0.95724046 0.51312697 -0.70162016 -0.21452057 0.6794926 0 0 0 0 0.017425142 0.19794177
-0.8061381 1.1296366 0.48272875 -0.7016301 0.43397608 0.56513715 0 0 0 0 0.15930204 1
-0.80593747 0.99371374 0.27991024 -0.8301423 -0.42710927 -0.35838738 0 0 0 0 0.28039822 0.21377271
-0.6578747 1.2223296 0.21263129 0.6643571 0.70233977 -0.25563335 0 0 0 0 0.83208483 0.4755262
-0.6578747 1.2361519 0.2910211 0.664377 0.74739766 -3.1955883e-06 0 0 0 0 0.75 0.49
-0.6578747 1.2223296 0.369411 0.66435534 0.70234317 0.2556289 0 0 0 0 0.66791517 0.4755262
-0.6578747 1.1825302 0.43834585 0.6643746 0.5725431 0.48041734 0 0 0 0 0.59573096 0.43385065
-0.65787464 1.046755 0.51673573 0.6643764 0.12978734 0.736043 0 0 0 0 0.5136461 0.29167557
-0.65787464 0.9671558 0.5167358 0.6643547 -0.12978551 0.7360629 0 0 0 0 0.5136461 0.20832443
-0.65787464 0.89235705 0.48951122 0.6643784 -0.3736954 0.6472659 0 0 0 0 0.5421539 0.13
-0.6578747 0.8313806 0.43834597 0.6643483 -0.57255757 0.48043644 0 0 0 0 0.59573096 0.06614934
-0.6578747 0.79158103 0.36941108 0.6643751 -0.70232505 0.25562763 0 0 0 0 0.66791517 0.024473771
-0.6578747 0.7777587 0.29102123 0.6643567 -0.74741566 2.910787e-06 0 0 0 0 0.75 0.010000005
-0.6578747 0.791581 0.21263137 0.6643768 -0.70232517 -0.25562266 0 0 0 0 0.83208483 0.024473771
-0.65787476 0.892357 0.092531145 0.66437644 -0.37370116 -0.6472646 0 0 0 0 0.9578461 0.13
-0.65787476 0.9671557 0.06530663 0.66435534 -0.1297902 -0.73606145 0 0 0 0 0.9863539 0.20832443
-0.65787476 1.0467548 0.065306604 0.6643752 0.1297821 -0.736045 0 0 0 0 0.9863539 0.29167557
-0.6578747 1.18253 0.14369635 0.6643768 0.57253796 -0.48042053 0 0 0 0 0.90426904 0.43385065
-0.6578747 1.2361519 0.2910211 0.664377 0.74739766 -3.1955883e-06 0 0 0 0 1 0.5
-0.8061381 1.2343197 0.2806298 -0.70163727 0.7064041 -0.09326591 0 0 0 0 0.99263555 1
-0.79574674 1.2361519 0.29102114 -0.043824572 0.99903935 -3.3552536e-07 0 0 0 0 -1.8626451e-07 0.98866546
-0.80613816 0.9022723 0.08892232 -0.7016286 -0.272435 -0.65840447 0 0 0 0 0.46162507 0.14038268
-0.78700614 1.3054465 0.29102117 -0.50983125 0.8602745 2.2634847e-06 0 0 0 0 0.25 0.49
-0.7870062 1.1562008 0.032520115 -0.50983137 0.43013474 -0.745021 0 0 0 0 0.4578461 0.37
-0.78700614 0.7782975 0.099154726 -0.5098245 -0.65901166 -0.5529761 0 0 0 0 0.40426904 0.06614934
-0.78700614 0.7264651 0.39311138 -0.5098312 -0.80839264 0.2942339 0 0 0 0 0.16791517 0.024473771
-0.7870061 1.1562009 0.5495223 -0.50982445 0.43013933 0.745023 0 0 0 0 0.04215391 0.37
-0.61020267 1.2874453 0.18893111 0.5098285 0.8083956 -0.29423037 0 0 0 0 0.9444444 1
-0.61020267 0.726465 0.18893124 0.50981903 -0.8084005 -0.29423338 0 0 0 0 0.55555534 1
-0.6102026 1.0587877 0.58497775 0.5098282 0.14938414 0.84720695 0 0 0 0 0.22222203 1
-0.61020267 1.3054465 0.29102117 0.5098121 0.86028576 -2.869378e-06 0 0 0 0 -1.8626451e-07 1
0.3999744 0.7023097 1.3403915 0.14514509 0.082584575 0.98595786 254 101 101 255 0.8333332 0.84463173
0.5141098 0.8762423 1.297135 0.2859836 0.17933843 0.94130296 254 101 101 255 0.95109224 0.9678203
0.3994722 0.8850347 1.3181204 0.1321873 0.19258611 0.97233593 254 101 101 255 0.83333325 0.9660629
0 0.7278464 1.3678445 -5.954035e-10 0.10670348 0.9942909 254 101 101 255 0.5 0.8446318
0.19726175 0.89322096 1.3313221 0.06957031 0.20485227 0.97631735 254 101 101 255 0.6666667 0.96332264
0 0.90022224 1.3434597 0 0.24608004 0.96924955 254 101 101 255 0.5 0.96128696
0.29932165 0.70974505 1.3478256 0.07985643 0.091049105 0.9926394 254 101 101 255 0.7499999 0.8446318
0.29836696 0.8891278 1.3247212 0.07219368 0.19909884 0.9773167 254 101 101 255 0.75 0.9646928
0.39405987 -0.5992173 1.3547415 0.13934954 -0.6283616 0.7653389 254 101 101 255 0.8333333 0
0.29843405 -0.54237115 1.3682477 0.100464486 -0.06802279 0.99261266 254 101 101 255 0.7480421 0.032969296
0.29617605 -0.60620224 1.3635857 0.115149684 -0.64314467 0.7570373 254 101 101 255 0.75 0
0.19829223 -0.6131872 1.37243 0.086172365 -0.6406026 0.76302207 254 101 101 255 0.6666666 0
0 -0.5248898 1.3861691 8.8988744e-10 -0.092234135 0.9957374 254 101 101 255 0.5 0.043841492
0 -0.6255535 1.376356 -4.35171e-08 -0.6627884 0.74880683 254 101 101 255 0.5 0
0.5546606 -0.5433234 1.3290095 0.31448117 -0.09980979 0.944002 254 101 101 255 0.9582496 0.05291355
0.39771286 -0.5465771 1.3580585 0.14556852 -0.058710456 0.9876047 254 101 101 255 0.8294175 0.029270478
0.30375832 0.05210398 1.373975 0.08442901 0.0043576816 0.99642 254 101 101 255 0.74939954 0.41447008
0.40861517 0.095828876 1.3648946 0.17466 0.020434244 0.98441684 254 101 101 255 0.8333332 0.44861168
0.30412206 0.101953134 1.3738827 0.086248085 0.018421266 0.99610347 254 101 101 255 0.7499999 0.44861168
0 0.07215761 1.3986015 5.9488964e-10 0.0011701013 0.99999934 254 101 101 255 0.5 0.41447008
0.19962896 0.10807739 1.3828707 0.083096646 0.015354411 0.99642324 254 101 101 255 0.6666666 0.4486117
0 0.12232219 1.3982654 2.3808917e-09 0.021912003 0.99976 254 101 101 255 0.5 0.4486117
0.40780488 0.046016082 1.365385 0.1758416 0.0010386381 0.9844179 254 101 101 255 0.8321325 0.41447008
0.545938 0.09069357 1.3275789 0.35409588 0.010477193 0.93515044 254 101 101 255 0.94739753 0.44861168
0.30021727 0.5946964 1.354102 0.084757134 0.054923743 0.9948868 254 101 101 255 0.7499999 0.7707469
0 0.6155708 1.3761245 -1.1888281e-09 0.071458325 0.9974437 254 101 101 255 0.5 0.77074695
0.19866888 0.7171806 1.3552598 0.074438184 0.09811731 0.992387 254 101 101 255 0.6666666 0.8446318
0.4015865 0.5876955 1.3458515 0.1553599 0.047555044 0.98671263 254 101 101 255 0.8333332 0.7707468
0.5241863 0.6858355 1.3142935 0.25758734 0.06774313 0.96387744 254 101 101 255 0.9390361 0.8446318
0.5764893 -0.59596384 1.3090659 0.40562618 -0.5795795 0.7067921 254 101 101 255 1 0
0.7167196 -0.7791726 0.90265656 0.7025631 0.112882346 0.7026113 254 101 101 255 1 0.093385205
0.6213231 -0.5241531 1.2965494 0.9541574 0.22020595 0.2027142 254 101 101 255 1 0.093385205
0.4001845 -0.4322895 1.3635497 0.16720688 -0.024897024 0.9856075 254 101 101 255 0.8208405 0.09338521
0.5467386 0.03536163 1.3267748 0.35624316 -0.003545814 0.93438655 254 101 101 255 0.9472367 0.41447008
0 -0.41113365 1.3972584 0 -0.04296523 0.9990766 254 101 101 255 0.5 0.09338522
0.19971174 0.05819176 1.382565 0.07970227 0.0003079329 0.99681866 254 101 101 255 0.6666666 0.41447008
0.30033734 -0.42720643 1.3756392 0.11501523 -0.035437264 0.9927315 254 101 101 255 0.74375355 0.09338521
0.61042523 0.029951312 1.2949247 0.82782567 -0.37455925 0.4176242 254 101 101 255 1 0.41447005
0.71550006 0.0877958 0.90414727 0.64970213 0.30309233 0.697153 254 101 101 255 1 0.4486117
0.60926646 0.08779583 1.2962172 0.81474525 0.39425996 0.4251461 254 101 101 255 1 0.4486117
0.6458972 1.1860224 0.87280947 0.42260692 0.30275506 0.85424995 254 101 101 255 0.9904586 1
0.75184065 0.99584913 0.83086556 0.81690466 0.1041082 0.5672993 254 101 101 255 1 0.8446318
0.7217314 1.2731086 0.8122807 0.7038947 0.11971202 0.70014375 254 101 101 255 0.9991386 1
0.60037524 -0.52456415 1.2906843 0.7627546 0.3897107 -0.51607263 254 101 101 255 1 0.093385205
0.5883186 0.08738468 1.2903521 0.69736695 0.5884711 -0.40912226 254 101 101 255 1 0.4486117
0.21159081 -0.9886803 0.9555299 0.0656641 -0.5469782 0.8345677 254 101 101 255 0.015872918 0
0 -0.62927544 1.3614444 -7.0413954e-08 -0.87917197 0.47650468 254 101 101 255 0.4880482 0
0 -0.9965727 0.9555701 -8.521257e-09 -0.55700284 0.83051056 254 101 101 255 0.01195094 0
0.293913 -0.6100389 1.3487891 0.10619229 -0.87590784 0.4706471 254 101 101 255 0 0
0.3318228 -0.9695298 0.9518751 0.10904873 -0.5465233 0.8303136 254 101 101 255 0 0
0.5635773 -0.6005622 1.2972592 0.03537156 -0.8685412 0.49435315 254 101 101 255 0 0
0.39936188 -0.95906204 0.9500828 0.18476403 -0.5430905 0.819094 254 101 101 255 0 0
0.66211396 -0.8643374 0.91982925 0.07564553 -0.6503807 0.75583255 254 101 101 255 0 0
0 -1.7485315 0.86694944 3.7074763e-11 -0.15551712 0.9878332 254 101 101 255 0 0
0.2143587 -2.0064707 0.81751233 0.009397414 -0.11947874 0.9927923 254 101 101 255 0 0
0.2143587 -1.744685 0.86694944 0.011377111 -0.15664598 0.9875893 254 101 101 255 0 0
0.32412794 -1.9907991 0.81751233 0.30137515 -0.098480836 0.94840634 254 101 101 255 0 0
0.32434696 -1.7310923 0.86694944 0.4038531 -0.14369722 0.9034678 254 101 101 255 0 0
0.35048264 -1.7278622 0.8390287 0.41659012 -0.13983677 0.89827526 254 101 101 255 0 0
0.6658517 -1.9408113 0.79757446 0.2669122 -0.6739224 0.68890244 254 101 101 255 0 0
0.6694691 -1.6740898 0.82639956 0.32803717 -0.09040007 0.94032943 254 101 101 255 0 0
0.2979643 0.98434824 1.2810174 0.08568752 0.9139674 0.39663765 254 101 101 255 0.75007623 1
0.39634636 1.3027948 0.8775436 0.15761569 0.5607428 0.8128498 254 101 101 255 0.830992 1
0.29677662 1.3126749 0.8753868 0.05210579 0.57918763 0.81352735 254 101 101 255 0.74909925 0.99999994
0 0.9957919 1.2877847 -6.2045615e-08 0.91762614 0.3974448 254 101 101 255 0.5 1
0.19615844 1.3233119 0.87571234 0.04301245 0.57475644 0.8171934 254 101 101 255 0.66628826 1
0 1.3264111 0.879154 0 0.5800543 0.8145778 254 101 101 255 0.5 1
0.39894977 0.9769345 1.2758051 0.16716264 0.9138038 0.37016132 254 101 101 255 0.8332027 1
0.628575 1.1772355 0.8790302 0.06171529 0.69405186 0.71727484 254 101 101 255 0.9813667 1
0.29807937 1.7788237 0.7977276 0.031879913 0.17545672 0.9839709 254 101 101 255 0.75 1
0.39933184 1.9960216 0.75726056 0.043966986 0.60487074 0.795109 254 101 101 255 0.8333333 1
0.29807937 2.0034857 0.7569681 0.04677157 0.6268417 0.7777416 254 101 101 255 0.75 1
0 1.8001139 0.800728 -1.482362e-10 0.18793923 0.9821807 254 101 101 255 0.5 1
0.19682692 2.0109496 0.7578238 0.033715233 0.6505112 0.758748 254 101 101 255 0.6666666 1
0 2.0154407 0.75877523 1.66297e-10 0.6094187 0.7928486 254 101 101 255 0.5 1
0.6418219 1.4505646 0.83256084 0.28779522 0.14379106 0.94683576 254 101 101 255 0.672619 0.6785714
0.70547974 1.5057311 0.78850645 0.6877413 0.12622337 0.71489835 254 101 101 255 0.66740775 0.66814893
0.71665883 0.029951284 0.9028548 0.65419275 -0.27976948 0.7026812 254 101 101 255 1 0.41447005
0.75896764 0.0877958 0.8474605 0.8603837 0.01536359 0.50941527 254 101 101 255 1 0.4486117
0.7047955 -1.934963 0.7769958 0.59782207 -0.65769595 0.45830664 254 101 101 255 0 0
0.71523786 -1.6644267 0.79542136 0.7262428 -0.07401934 0.6834418 254 101 101 255 0 0
0.7597096 -0.7791726 0.85317755 0.85089886 -0.018253395 0.52501255 254 101 101 255 1 0.093385205
0.7597096 0.029951397 0.84824336 0.86017525 0.010323379 0.5098942 254 101 101 255 1 0.41447005
0.81883794 0.69407374 0.47596654 0.99711096 -0.07161952 0.025305511 254 101 101 255 1 0.73889095
0.7951374 0.6130076 0.66331995 0.9991 -0.0343293 0.024911655 254 101 101 255 1 0.6968621
0.8010529 0.6118917 0.47596738 0.99195063 -0.11698756 0.048453987 254 101 101 255 1 0.6968621
0.7510559 -0.8736374 0.85841036 0.78369194 -0.08129819 0.6158066 254 101 101 255 1 0
0.70825434 0.6130076 0.89507335 0.30752286 0.019974291 0.9513311 254 101 101 255 0.9999999 0.696862
0.7545 0.6130076 0.83705777 0.86144793 0.017438281 0.5075464 254 101 101 255 1 0.6968621
0.68864816 -1.1412734 0.8755406 0.38042253 -0.11297308 0.9178867 254 101 101 255 0 0
0.74515843 -1.0053562 0.8488418 0.7779008 -0.0834233 0.622825 254 101 101 255 0 0
0.6877175 -1.0070394 0.89431286 0.40032852 -0.11771702 0.90877926 254 101 101 255 0 0
0.6869372 -1.2734002 0.86212736 0.38610262 -0.105885334 0.9163587 254 101 101 255 0 0
0.7239242 -1.4002248 0.81586665 0.7450036 -0.08724715 0.66133016 254 101 101 255 0 0
0.73159266 -1.2686499 0.82757 0.7629854 -0.09475739 0.63943297 254 101 101 255 0 0
0.6733331 -1.5401403 0.8353427 0.3342089 -0.09612008 0.9375849 254 101 101 255 0 0
0.719581 -1.5323256 0.805644 0.7224201 -0.08260142 0.68650293 254 101 101 255 0 0
0.3963223 -1.0335773 0.9337318 0.15048617 -0.1458786 0.9777901 254 101 101 255 0 0
0.3740936 -1.3347403 0.8925901 0.30057138 -0.13375205 0.94433427 254 101 101 255 0 0
0.67914754 -1.406766 0.8492734 0.3648092 -0.10792846 0.9248058 254 101 101 255 0 0
0.35613558 -1.5971926 0.8601531 0.36485413 -0.14011306 0.92046183 254 101 101 255 0 0
0.2143587 -1.0464486 0.9506918 0.019366166 -0.054531448 0.99832433 254 101 101 255 0 0
0.33693242 -1.208501 0.92798287 0.20344466 -0.117350385 0.9720284 254 101 101 255 0 0
0.3354742 -1.0397395 0.94552505 0.12768023 -0.06823586 0.9894654 254 101 101 255 0 0
0.2143587 -1.352007 0.9139647 0.006175194 -0.1065055 0.994293 254 101 101 255 0 0
0.33054647 -1.4707693 0.8999464 0.32811916 -0.12111637 0.93683976 254 101 101 255 0 0
0.3351946 -1.3397387 0.9139647 0.26703447 -0.118898556 0.95632416 254 101 101 255 0 0
0.2143587 -1.6137923 0.883448 0.008302325 -0.12517776 0.9920997 254 101 101 255 0 0
0.32566878 -1.6011037 0.883448 0.33515424 -0.13627365 0.93225604 254 101 101 255 0 0
0 -1.0497073 0.9506918 0 -0.05777498 0.99832964 254 101 101 255 0 0
0.2143587 -1.2211143 0.92798287 0.0067980047 -0.1174172 0.9930595 254 101 101 255 0 0
0 -1.3550292 0.9139647 0 -0.10630651 0.99433345 254 101 101 255 0 0
0.2143587 -1.4828995 0.8999464 0.0071008797 -0.11616406 0.99320465 254 101 101 255 0 0
0 -1.617364 0.883448 0 -0.124843694 0.9921764 254 101 101 255 0 0
0.81077284 0.63244796 0.34334472 0.96531856 -0.2230941 -0.13560644 254 101 101 255 1 0.7273173
0.80310655 0.6102107 0.4307163 0.98669744 -0.1625548 -0.0020690598 254 101 101 255 0.99999994 0.696862
0.7924806 0.59863377 0.34389833 0.9746625 -0.2129223 -0.068536796 254 101 101 255 1 0.69006807
0.35048264 -1.861872 0.37000248 0.03611499 -0.40325028 -0.91437685 254 101 101 255 0 0
0.6238772 -1.8021419 0.31768814 0.06507782 -0.28138536 -0.9573856 254 101 101 255 0 0
0.6658517 -1.8437612 0.37000248 0.10058052 -0.31727535 -0.9429846 254 101 101 255 0 0
0.79231465 0.61300755 0.28914717 0.9889196 -0.085828505 -0.12112602 254 101 101 255 1 0.6968621
0.7911715 0.5946896 0.26753846 0.6846949 0.015080558 -0.7286738 254 101 101 255 1 0.7436765
0.7905104 0.6411941 0.26798382 0.5298651 0.411599 -0.7415048 254 101 101 255 1 0.77074695
0.31484723 -1.8669596 0.37000248 0.043724164 -0.38118923 -0.9234625 254 101 101 255 0 0
0.21435869 -1.8217561 0.31768814 0.05900467 -0.3745927 -0.9253102 254 101 101 255 0 0
0.31484723 -1.8163643 0.31768814 0.020819724 -0.123826556 -0.99208546 254 101 101 255 0 0
0.6814063 -1.7645316 0.32151204 0.24607003 0.21129993 -0.9459398 254 101 101 255 0 0
0.72496593 -1.8268988 0.3708985 0.15212235 -0.16009061 -0.97531015 254 101 101 255 0 0
0.79837704 0.029951356 0.2898702 1 0 0 254 101 101 255 1 0.41447005
0.79837704 -0.77917266 0.2626842 0.7032967 -5.3671197e-08 -0.7108965 254 101 101 255 1 0.093385205
0.79837704 0.029951354 0.2626841 0.70211935 0.00055617903 -0.71205914 254 101 101 255 1 0.41447005
0.21435869 -1.8813062 0.37000248 0.026914207 -0.3403984 -0.93989605 254 101 101 255 0 0
0 -1.8261518 0.31768814 1.3773933e-10 -0.37630448 -0.9264961 254 101 101 255 0 0
0.7475841 -1.7757573 0.37144992 0.80451906 -0.031226074 -0.59310555 254 101 101 255 0 0
0.7413688 -1.7346625 0.364957 0.55139977 0.5457679 -0.6309483 254 101 101 255 0 0
0.7970932 -1.0073357 0.29361784 0.94527507 -0.053423595 -0.3218712 254 101 101 255 0 0
0.7900592 -0.9545448 0.264457 0.6025879 -0.052872397 -0.7962993 254 101 101 255 0 0
0.7977351 -0.94063044 0.29179105 0.98726153 -0.017744204 -0.15811343 254 101 101 255 0 0
0.61741984 1.8049635 0.32509837 0.08518693 0.6916976 -0.7171455 254 101 101 255 0 0
0.39933184 1.8145031 0.3008425 0.030629354 0.7052769 -0.70827 254 101 101 255 0.8333333 1
0.39933184 1.8145031 0.32509837 0.03439364 0.7079244 -0.7054503 254 101 101 255 0.83333325 1
0.73803425 1.5300317 0.3216854 0.98064137 0.19344987 -0.030327898 254 101 101 255 0.6293587 0.6293587
0.76352483 1.4124538 0.30033898 0.7408236 0.10414716 -0.66357654 254 101 101 255 0.9488493 0.9488493
0.73829013 1.5385282 0.3005068 0.7206952 0.14167552 -0.67862105 254 101 101 255 0.63256615 0.63256615
0.79837704 -0.8739252 0.28996426 0.9999885 -0.004811672 3.6327116e-10 254 101 101 255 1 0
0.79837704 -0.77917266 0.28996426 1 0 0 254 101 101 255 1 0.093385205
0.19682693 1.8235129 0.32509837 0.015417303 0.70188683 -0.7121217 254 101 101 255 0.6666666 1
0 1.8234066 0.3008425 -1.4061524e-11 0.71010214 -0.7040987 254 101 101 255 0.5 1
0 1.8234066 0.32509837 0 0.7072282 -0.70698535 254 101 101 255 0.5 1
0.6878208 1.7906772 0.32509837 0.3639474 0.37829825 -0.85113615 254 101 101 255 0 0
0.61741984 1.8049635 0.3008425 0.08821298 0.71995324 -0.68839365 254 101 101 255 0 0
0.79837704 0.08779576 0.2626841 0.7028861 0.0061889947 -0.7112756 254 101 101 255 1 0.4486117
0.79837704 0.08779576 0.2898702 0.9999794 0.006419679 -0.00042487553 254 101 101 255 1 0.4486117
0.29807937 1.819008 0.3008425 0.031373423 0.7051512 -0.70836264 254 101 101 255 0.75 1
0.29807937 1.819008 0.32509837 0.03142924 0.706402 -0.7071128 254 101 101 255 0.74999994 1
0.29807937 2.0164332 0.72577816 0.053180717 0.94519275 0.32215312 254 101 101 255 0.75 1
0.39933184 2.021946 0.69458824 0.044610266 0.97888076 0.19950564 254 101 101 255 0.83333325 1
0.29807937 2.0246978 0.69458824 -0.010432958 0.9964853 0.083116435 254 101 101 255 0.74999994 1
0.78061295 0.087795794 0.7979348 0.91683525 0.011645743 0.39909616 254 101 101 255 1 0.44861168
0.8022583 0.02995139 0.74840903 0.9809951 0.0013409301 0.1940283 254 101 101 255 1 0.41447008
0.8022583 0.087795794 0.74840903 0.98004377 0.007533689 0.19863936 254 101 101 255 1 0.44861168
0.6240446 2.000335 0.72322154 0.12532535 0.90138954 0.4144764 254 101 101 255 0 0
0.6878208 2.00105 0.69458824 0.6654709 0.7327683 0.14212395 254 101 101 255 0 0
0.61741984 2.0124063 0.69458824 0.106003866 0.9726435 0.20670748 254 101 101 255 0 0
0.19682693 2.0224175 0.72620606 0.034772277 0.9748502 0.22013168 254 101 101 255 0.6666666 1
0 2.0333102 0.69680893 1.2100288e-08 0.9957382 -0.092225775 254 101 101 255 0.5 1
0 2.0308032 0.72892815 -2.2403873e-07 0.9619278 0.27330384 254 101 101 255 0.5 1
0.7809839 -0.7791726 0.8016329 0.92251045 -0.009451214 0.38585666 254 101 101 255 1 0.093385205
0.8022583 -0.87392515 0.7500881 0.9774241 -0.040016983 0.20746273 254 101 101 255 1 0
0.8022583 -0.7791726 0.75008816 0.9822188 0.00038282762 0.18773966 254 101 101 255 1 0.09338521
0.7531609 -1.26865 0.78718823 0.8771751 -0.077948965 0.47380146 254 101 101 255 0 0
0.76555276 -1.4002249 0.746425 0.89563006 -0.072763145 0.43880776 254 101 101 255 0 0
0.77472913 -1.26865 0.74680656 0.92899066 -0.049985155 0.3667125 254 101 101 255 0 0
0.72906566 1.5175469 0.7473495 0.8806395 0.11582634 0.45941105 254 101 101 255 0.6666666 0.6666666
0.7714872 1.2817502 0.7213926 0.95030993 0.10359349 0.29356334 254 101 101 255 0.99999994 0.99999994
0.7435984 1.5215168 0.71245784 0.963951 0.12249598 0.23620595 254 101 101 255 0.66666657 0.66666657
0.7379787 -1.532063 0.775195 0.8540792 -0.06707368 0.5158002 254 101 101 255 0 0
0.74719995 -1.6633749 0.7430671 0.9256962 -0.090907104 0.36718175 254 101 101 255 0 0
0.7563764 -1.5317998 0.744746 0.90654975 -0.07859308 0.41471758 254 101 101 255 0 0
0.39933184 2.0104487 0.7259244 0.051455665 0.9234318 0.38029718 254 101 101 255 0.83333325 1
0.7691202 -1.005428 0.7987399 0.89964527 -0.06955184 0.43104655 254 101 101 255 0 0
0.78390557 -1.137075 0.7471881 0.9525465 -0.063553125 0.29768494 254 101 101 255 0 0
0.79308194 -1.0055001 0.7486381 0.96176225 -0.06252585 0.26665324 254 101 101 255 0 0
0.73121893 -1.6639009 0.7692442 0.8523218 -0.07015864 0.51829076 254 101 101 255 0 0
0.72496593 -1.9265249 0.74154073 0.7916324 -0.5884729 0.16437107 254 101 101 255 0 0
0 -2.0108664 0.79127 -2.3452053e-07 -0.6815889 -0.73173535 254 101 101 255 0 0
0.2143587 -2.0064707 0.7475473 0.07453899 -0.99587184 -0.051801264 254 101 101 255 0 0
0.2143587 -2.0064707 0.79165566 0.050181076 -0.67066777 -0.74005854 254 101 101 255 0 0
0.7809839 0.029951394 0.79832613 0.91953695 0.006010004 0.3929576 254 101 101 255 1 0.41447008
0.7148807 -1.9307439 0.7592683 0.6957876 -0.6739312 0.24838768 254 101 101 255 0 0
0.6658517 -1.9408114 0.7484305 -0.05556204 -0.9729943 -0.22404218 254 101 101 255 0 0
0.3346796 -1.9908079 0.7913665 -0.5127286 -0.6222104 -0.5915773 254 101 101 255 0 0
0.33457687 -1.9908223 0.7467649 -0.6361393 -0.77110314 -0.026959447 254 101 101 255 0 0
0.77534795 0.6130076 0.7862749 0.92492896 0.016236063 0.3797931 254 101 101 255 1 0.6968621
0.7961959 0.6130076 0.7354921 0.982491 0.014055512 0.18577956 254 101 101 255 0.99999994 0.69686204
0.35048264 -1.9870365 0.7685465 0.7842567 -0.6204366 4.6841663e-08 254 101 101 255 0 0
0.6658517 -1.9408114 0.7730025 0.15855192 -0.98731536 -0.008352186 254 101 101 255 0 0
0.79197603 1.316205 0.4668396 0.9930825 0.11070415 -0.03913618 254 101 101 255 0.9480108 0.9480108
0.78646207 1.3106587 0.4095404 0.7141508 -0.5782139 -0.3945345 254 101 101 255 1 1
0.7850584 1.3435624 0.40955433 0.9896726 0.10770686 -0.09459072 254 101 101 255 0.9540631 0.9540631
0.39933184 1.9951218 0.5262671 0.036274094 0.8595489 -0.5097645 254 101 101 255 0.83333325 0.99999994
0.29807937 1.9260643 0.4672761 0.037501674 0.94114685 0.33591112 254 101 101 255 0.74999994 1
0.29807937 1.9978737 0.5262671 -0.016180724 0.8607938 -0.5086966 254 101 101 255 0.7499999 1
0.8011998 0.029951384 0.67426515 0.99989814 -9.99264e-06 -0.014273895 254 101 101 255 1 0.41447008
0.79837704 0.08779577 0.47654808 0.999992 -0.00028368432 -0.004011076 254 101 101 255 1 0.44861168
0.8011998 0.08779579 0.67426515 0.9998823 0.005615213 -0.014280025 254 101 101 255 1 0.4486117
0.6878208 1.971296 0.5262672 0.6547707 0.6462539 -0.39195827 254 101 101 255 0 0
0.61741984 1.9120197 0.4672761 0.118742675 0.9301248 0.3475169 254 101 101 255 0 0
0.61741984 1.9855822 0.5262671 0.10398077 0.8600317 -0.4995333 254 101 101 255 0 0
0.19682693 1.994131 0.5262671 -0.013752234 0.8765809 -0.48105815 254 101 101 255 0.6666666 1
0 1.9304628 0.46727613 -6.202481e-08 0.93269426 0.36066803 254 101 101 255 0.5 1
0 1.9957777 0.5262672 -1.7926433e-07 0.87634385 -0.48168612 254 101 101 255 0.5 1
0.8011998 -0.87392515 0.6756879 0.99997276 0.0002150944 -0.007376245 254 101 101 255 1 0
0.79837704 -0.7791726 0.47728738 0.99997467 -5.8012106e-06 -0.007116972 254 101 101 255 1 0.093385205
0.8011998 -0.7791726 0.67568797 0.99989885 -1.3053865e-05 -0.014225841 254 101 101 255 0.99999994 0.0933852
0.79515666 -1.4002254 0.6725839 0.978369 -0.062228154 0.19728608 254 101 101 255 0 0
0.8007874 -1.2945838 0.6137305 0.7376447 -0.27223092 -0.61787593 254 101 101 255 0 0
0.8019567 -1.2799599 0.6509864 0.99061185 -0.02207527 0.13491042 254 101 101 255 0 0
0.76196945 1.4797307 0.5559921 0.9866607 0.15566857 0.04762487 254 101 101 255 0.62571687 0.62571687
0.75725764 1.5100478 0.46698508 0.98471427 0.17292441 -0.020856295 254 101 101 255 0.6320072 0.6320072
0.7823248 -1.6128178 0.61626905 0.98791796 -0.11941064 0.09878882 254 101 101 255 0 0
0.7770814 -1.6419132 0.5389082 0.73842365 0.45268628 -0.49980572 254 101 101 255 0 0
0.78351784 -1.5873384 0.58285636 0.74584967 0.2872441 -0.6009985 254 101 101 255 0 0
0.39933184 1.9215593 0.4672761 0.04156968 0.9424646 0.3317117 254 101 101 255 0.83333325 1
0.8043337 -1.0250401 0.63314664 0.99817157 0.0042627477 0.06029485 254 101 101 255 0 0
0.810748 -1.1027362 0.47600996 0.9998728 -0.008429216 0.013539688 254 101 101 255 0 0
0.8045625 -0.98833054 0.4766487 0.9980709 0.056746457 0.025187103 254 101 101 255 0 0
0.72496593 -1.9265249 0.6066142 0.6982168 -0.70757306 -0.10878355 254 101 101 255 0 0
0.77517027 -1.678313 0.55919313 0.98775333 -0.15339679 0.028512398 254 101 101 255 0 0
0 -2.0315948 0.81630164 -7.241165e-08 -0.73162186 0.6817108 254 101 101 255 0 0
0.2161594 -2.027199 0.81630164 0.05993144 -0.7375308 0.6726489 254 101 101 255 0 0
0.79837704 0.02995137 0.47654808 0.9999746 -3.2591595e-06 -0.0071355756 254 101 101 255 1 0.41447005
0.6658517 -1.9233508 0.5562011 0.14506593 -0.8208317 -0.5524411 254 101 101 255 0 0
0.72496593 -1.9090643 0.5562011 0.6434322 -0.6353013 -0.4270682 254 101 101 255 0 0
0.33492061 -1.98101 0.58700913 -0.52862924 -0.6565374 0.5380612 254 101 101 255 0 0
0.21615939 -2.010381 0.58579844 0.058307104 -0.747253 0.66197675 254 101 101 255 0 0
0.33672133 -2.0017383 0.5857984 -0.12705335 -0.9873269 0.09509566 254 101 101 255 0 0
0.6658517 -1.9408114 0.6066142 -0.057646103 -0.99756444 0.03927096 254 101 101 255 0 0
0.34790635 -1.9695759 0.55769444 0.2970251 -0.51634187 -0.803223 254 101 101 255 0 0
0.73085696 1.8139964 0.36674744 0.9954147 0.07871055 -0.054352988 254 101 101 255 0 0
0.6976244 1.9734025 0.32846707 0.60100216 0.34297946 -0.7219152 254 101 101 255 0 0
0.69899464 1.99444 0.36705926 0.7575079 0.63395375 -0.15583465 254 101 101 255 0 0
0.79837704 0.087795764 0.4294255 0.9999948 8.667261e-05 -0.003247446 254 101 101 255 1 0.44861168
0.7157883 1.8977334 0.4672761 0.6701534 0.15728658 0.72536576 254 101 101 255 0 0
0.69649273 1.992531 0.41887403 0.7716312 0.59671664 0.2202604 254 101 101 255 0 0
0.6805495 1.9713688 0.4672761 0.4366945 0.36957744 0.8201893 254 101 101 255 0 0
0.19682693 1.9305692 0.4672761 -0.00021136312 0.93194884 0.36258972 254 101 101 255 0.6666666 1
0.29807937 2.0048256 0.4672761 0.015637988 0.523712 0.851752 254 101 101 255 0.74999994 1
0.19682693 2.006527 0.4672761 0.004402477 0.5227567 0.8524706 254 101 101 255 0.6666666 1
0.79837704 -0.87392515 0.47728738 0.999661 0.02600607 -0.0012965682 254 101 101 255 1 0
0.79837704 -0.7791726 0.43000194 1 0 0 254 101 101 255 1 0.093385205
0.8099396 -1.10903 0.42444795 0.69724584 -0.6504705 -0.3012249 254 101 101 255 0 0
0.8120692 -1.0722861 0.42390668 0.99977475 0.0043525924 0.020774405 254 101 101 255 0 0
0.75517315 1.5127399 0.4130138 0.9785298 0.18968244 -0.08062251 254 101 101 255 0.63604206 0.63604206
0.6878208 1.8977334 0.4672761 0.63738483 0.30435553 0.70789003 254 101 101 255 0 0
0.6448521 1.9929171 0.4672761 0.14582245 0.54203355 0.8276083 254 101 101 255 0 0
0.8052231 -0.9731056 0.4269543 0.99733055 0.06772019 0.027310926 254 101 101 255 0 0
0.72496593 -1.8324001 0.48727363 0.7206496 -0.63242865 -0.28407434 254 101 101 255 0 0
0.77307284 -1.7241793 0.48283455 0.96793944 -0.2378826 0.08065442 254 101 101 255 0 0
0.21435869 -1.9890101 0.5562012 0.02651016 -0.24636327 -0.9688149 254 101 101 255 0 0
0 -1.8886273 0.48727363 -8.0862594e-11 -0.84175605 -0.5398583 254 101 101 255 0 0
0.21435869 -1.8842316 0.4872737 0.07095739 -0.837532 -0.5417612 254 101 101 255 0 0
0.79837704 0.029951366 0.4294255 1 0 0 254 101 101 255 1 0.41447005
0.6658517 -1.8466866 0.48727363 0.13074027 -0.8690595 -0.4771191 254 101 101 255 0 0
0.31631035 -1.9732356 0.55745244 0.04388839 -0.26606134 -0.9629565 254 101 101 255 0 0
0.31484723 -1.869885 0.48727363 0.11951643 -0.83983916 -0.52951485 254 101 101 255 0 0
0.35048264 -1.8647974 0.48727363 0.09441813 -0.84901345 -0.51986676 254 101 101 255 0 0
0.5539198 0.947102 1.26663 0.53189224 0.5450756 0.6480612 254 101 101 255 1 1
0.7039414 0.9256372 0.8896722 0.74129695 -0.11943755 0.66046464 254 101 101 255 1 0.8446318
0.61458457 1.9941223 0.4672761 0.018144054 0.52176726 0.8528949 254 101 101 255 0 0
0.39933184 2.0005019 0.4672761 0.01873388 0.5189378 0.8546067 254 101 101 255 0.83333325 1
0.79837704 0.087795764 0.3460548 0.9999834 0.005771044 -3.690612e-08 254 101 101 255 1 0.44861168
0.65947056 2.0148132 0.36739677 0.26474738 0.93400526 -0.23988172 254 101 101 255 0 0
0.6144306 1.9957076 0.32857767 0.03367851 0.50400364 -0.8630447 254 101 101 255 0 0
0.79837704 -0.87392515 0.43000194 0.99931765 0.036855463 0.0024689445 254 101 101 255 1 0
0.79837704 -0.77917266 0.34634307 1 0 0 254 101 101 255 1 0.093385205
0.81124574 -1.0747466 0.34466198 0.6972284 -0.6149497 -0.36838776 254 101 101 255 0 0
0.8132308 -1.0405548 0.34455144 0.98680043 0.0019443767 -0.16193013 254 101 101 255 0 0
0.7759224 1.3711671 0.35852107 0.97925353 0.116095066 -0.16608584 254 101 101 255 0.9435171 0.9435171
0.7465552 1.5187769 0.36126316 0.9698444 0.19398454 -0.14755282 254 101 101 255 0.62901133 0.62901133
0 2.01023 0.32509837 0 0.52701455 -0.8498563 254 101 101 255 0.5 1
0.19682693 2.01023 0.32509837 0.0044554607 0.5290559 -0.84857535 254 101 101 255 0.6666666 1
0.8058039 -0.95723987 0.34544724 0.99486077 0.068801604 -0.074286595 254 101 101 255 0 0
0.77133286 -1.7354403 0.45811355 0.98291045 -0.18062216 -0.035535242 254 101 101 255 0 0
0 -1.8857019 0.4673653 3.9393835e-10 -0.75255936 0.6585245 254 101 101 255 0 0
0.21435869 -1.8813062 0.4673653 0.060673896 -0.74177134 0.66790265 254 101 101 255 0 0
0.79837704 0.02995136 0.3460548 1 0 0 254 101 101 255 1 0.41447005
0.6658517 -1.8437612 0.4673653 0.10917627 -0.7298941 0.6747854 254 101 101 255 0 0
0.72496593 -1.8294747 0.4673653 0.5173256 -0.46460778 0.718689 254 101 101 255 0 0
0.31484723 -1.8669596 0.4673653 0.10689024 -0.7486955 0.6542398 254 101 101 255 0 0
0.35048264 -1.861872 0.4673653 0.075796895 -0.76154345 0.64366645 254 101 101 255 0 0
0.7503718 1.2817502 0.76383346 0.8717348 0.099138394 0.4798438 254 101 101 255 1 1
0.7925874 0.99584913 0.72780335 0.95927805 0.049519636 0.27808887 254 101 101 255 1 0.8446318
0 2.006527 0.46727613 1.0870687e-08 0.52076185 0.8537021 254 101 101 255 0.5 1
0.6592916 1.9939795 0.3289554 0.15948096 0.55769366 -0.81458193 254 101 101 255 0 0
0.79837704 -0.8739252 0.34634307 0.99944246 0.03070455 -0.013118305 254 101 101 255 1 0
0.7817414 -1.0351646 0.2662298 0.4303278 -0.45724782 -0.7782947 254 101 101 255 0 0
0.763141 1.399709 0.31997895 0.9866299 0.15892805 -0.036102645 254 101 101 255 0.9440381 0.9440381
0.35048264 -2.00881 0.46736532 0.063923836 -0.47972062 0.87508965 254 101 101 255 0 0
0.7067357 -1.9689479 0.37089851 0.45675772 -0.47961688 -0.7492263 254 101 101 255 0 0
0.6658517 -1.9768708 0.3700025 0.080057174 -0.51517886 -0.8533357 254 101 101 255 0 0
0.70682156 -1.9708548 0.46736532 0.4475567 -0.49305922 0.7460467 254 101 101 255 0 0
0.76341665 -1.7488794 0.42922568 0.96737546 -0.04327801 -0.2496234 254 101 101 255 0 0
0.75838125 -1.8885458 0.45811358 0.8041434 -0.23667851 0.545286 254 101 101 255 0 0
0.7582686 -1.8872323 0.4292257 0.9655901 -0.25974438 -0.012985013 254 101 101 255 0 0
0.31484723 -2.015206 0.3700025 0.058238912 -0.51132554 -0.8574115 254 101 101 255 0 0
0.21435869 -2.0236166 0.3700025 0.026433565 -0.51040953 -0.85952514 254 101 101 255 0 0
0.8088024 0.6750978 0.33894998 0.68191683 0.60874414 -0.4054874 254 101 101 255 1 0.77074695
0.8182309 0.66097397 0.41691476 0.99314475 -0.11641517 -0.010546869 254 101 101 255 1 0.7335252
0.8158929 0.71011645 0.40987223 0.69980145 0.61556304 -0.36243647 254 101 101 255 1 0.7707469
0.81646115 0.7448544 0.46983543 0.72170264 0.53677815 -0.43705222 254 101 101 255 1 0.77074695
0.8181006 0.8022106 0.5893405 0.9974929 -0.009543165 0.070120834 254 101 101 255 1 0.75296867
0.8153992 0.83202314 0.5475541 0.7578981 0.30199116 -0.57826626 254 101 101 255 1 0.77074695
0.77378094 0.8044284 0.78280467 0.92745316 0.014366812 0.3736633 254 101 101 255 1 0.77074695
0.79439163 0.8044284 0.73164773 0.96417826 0.006500552 0.26517543 254 101 101 255 1 0.77074695
0.7676059 1.3794364 0.30236894 0.6875391 -0.294891 -0.6635732 254 101 101 255 1 1
0.70609784 0.76932234 0.8923728 0.3015007 0.018837916 0.9532799 254 101 101 255 0.99999994 0.7707469
0.7531703 0.8044284 0.83396167 0.8594648 0.016035452 0.5109435 254 101 101 255 1 0.77074695
0.68299353 0.92522603 0.8838071 0.43397743 -0.7114726 0.55269384 254 101 101 255 1 0.8446318
0.68514997 0.7689112 0.8865077 0.49017677 0.021938 0.871347 254 101 101 255 0.99999994 0.7707469
0.5323472 0.4606441 1.3190861 0.30871713 0.028756056 0.9507191 254 101 101 255 0.94224113 0.6968621
0.4031986 0.4730812 1.3513117 0.16612923 0.041011512 0.9852509 254 101 101 255 0.8333332 0.696862
0.19902712 0.48621425 1.369445 0.08443504 0.04753011 0.99529475 254 101 101 255 0.6666666 0.6968621
0 0.50329506 1.3844044 -1.1905992e-09 0.05382441 0.9985504 254 101 101 255 0.5 0.6968621
0.30111286 0.47964773 1.3603784 0.090241514 0.04456809 0.99492216 254 101 101 255 0.7499999 0.69686204
0.5569469 -0.49722853 1.3279108 0.3266933 0.0018761504 0.94512856 254 101 101 255 0.94599247 0.093385205
0.6008407 0.45823035 1.2912313 0.9973263 0.032877345 -0.06526417 254 101 101 255 1 0.6968621
0.598333 0.566929 1.2920123 0.9984672 0.040599458 -0.037617657 254 101 101 255 1 0.77074695
0.5282668 0.5732398 1.3166898 0.27943057 0.027870165 0.9597614 254 101 101 255 0.9406386 0.77074695
0.20049016 -0.4221233 1.3877288 0.078935675 -0.03812802 0.9961503 254 101 101 255 0.6666666 0.09338521
0.63066936 1.9853337 0.7518548 0.19557634 0.572035 0.79657143 254 101 101 255 0 0
0.39936852 1.7704319 0.796494 0.037834715 0.1668365 0.9852584 254 101 101 255 0.8333333 1
0.6407362 1.7162088 0.7922115 0.25996742 0.14678282 0.954396 254 101 101 255 0.3333333 0.3333333
0.39933184 0.9745657 1.2937002 0.15793096 0.7431009 0.65027606 254 101 101 255 0.8333333 1
0.19682692 0.9891979 1.3039622 0.065471336 0.75912976 0.64763844 254 101 101 255 0.6666666 1
0 0.9933265 1.3056002 -7.584562e-08 0.79058737 0.6123494 254 101 101 255 0.5 1
0.29807937 0.9818818 1.2988312 0.088257805 0.75069135 0.6547314 254 101 101 255 0.75 1
0.80251026 1.2339481 0.5708546 0.99226093 0.099718414 0.073990636 254 101 101 255 0.9385753 0.9385753
0.7936677 1.2772249 0.46766233 0.7249403 -0.5158035 -0.4565176 254 101 101 255 1 1
0.5958253 0.67562747 1.2927934 0.8802345 -0.3379168 0.33316615 254 101 101 255 1 0.8446318
0.78526545 1.2578492 0.6461236 0.9800621 0.11713586 0.16049127 254 101 101 255 0.96928763 0.96928763
0.81123865 0.9958117 0.6302777 0.99490595 0.04135014 0.091936655 254 101 101 255 1 0.8446318
0.8016143 0.8037527 0.6882954 0.98681074 -0.015294769 0.1611543 254 101 101 255 1 0.765331
0.6658517 -1.9408114 0.6775223 -0.41439444 -0.9100974 6.871044e-08 254 101 101 255 0 0
0.64016247 -1.891361 0.7402592 0.08237668 -0.93644196 -0.34101427 254 101 101 255 0 0
0.64016247 -1.891361 0.6774692 0.30732203 -0.95160556 7.184422e-08 254 101 101 255 0 0
0.7956667 0.6130076 0.699406 0.9999664 -0.0008275018 -0.0081600025 254 101 101 255 1 0.6968621
0.33474874 -1.9866738 0.666887 -0.6452548 -0.76214564 -0.052729297 254 101 101 255 0 0
0.21435869 -1.9896526 0.5870092 0.040251605 -0.754314 0.65527886 254 101 101 255 0 0
0.72496593 -1.9265249 0.67407745 0.74917245 -0.6622993 0.010017588 254 101 101 255 0 0
0.8017291 0.029951388 0.7113371 0.9998982 -1.3132384e-05 -0.014276337 254 101 101 255 1 0.41447008
0 -2.0024574 0.6640984 -1.6458017e-07 -0.9945705 -0.10406484 254 101 101 255 0 0
0.21435869 -1.9980617 0.66727823 0.06293992 -0.99310607 -0.098888375 254 101 101 255 0 0
0.7647624 -1.6380963 0.67966807 0.9680595 -0.12724094 0.21603434 254 101 101 255 0 0
0.7956866 -1.156615 0.6688967 0.98578215 -0.02314585 0.16642673 254 101 101 255 0 0
0.79870784 -1.0152702 0.69089234 0.99396604 -0.036350753 0.10348981 254 101 101 255 0 0
0.6659525 1.9901285 0.6077007 -0.47081348 0.86807466 -0.15742046 254 101 101 255 8.589882e-05 0.0001030786
0.6482825 1.9350986 0.547427 0.051233925 0.9787151 0.1987259 254 101 101 255 0 0
0.64786315 1.9472123 0.6154814 0.24150427 0.9556385 -0.16861406 254 101 101 255 8.589882e-05 0.0001030786
0.7724021 -1.5227556 0.70068234 0.94337165 -0.10785529 0.31371513 254 101 101 255 0 0
0.7884278 -1.5137112 0.6566187 0.9802003 -0.10153356 0.16999535 254 101 101 255 0 0
0.7527839 1.5006237 0.63422495 0.98751163 0.13586017 0.079767175 254 101 101 255 0.6461917 0.6461917
0.78834295 -1.2743049 0.69889647 0.96028227 -0.0071889465 0.27893806 254 101 101 255 0 0
0.8017291 -0.87392515 0.712888 0.9997537 -0.021264285 -0.006356622 254 101 101 255 1 0
0.8017291 -0.7791726 0.71288806 0.99989885 -1.4175836e-05 -0.014225073 254 101 101 255 1 0.093385205
0.19682693 2.009008 0.6104277 -0.0149246175 0.9838767 -0.17822486 254 101 101 255 0.6666666 1
0 2.0106547 0.613431 -1.2734479e-07 0.97864115 -0.20557608 254 101 101 255 0.5 1
0.61715245 2.0131416 0.68191004 0.08778175 0.7270464 -0.68095374 254 101 101 255 0.001027413 0.0012328957
0.6474438 1.9593261 0.6835358 0.044472177 0.86214775 -0.5047013 254 101 101 255 0.00017179764 0.0002061572
0.60310996 1.968317 0.68353677 0.12493495 0.98612124 -0.1093447 254 101 101 255 0.001027413 0.0012328957
0.8017291 0.08779579 0.7113371 0.99988246 0.0056018056 -0.0142799355 254 101 101 255 1 0.44861168
0.6175722 1.9868329 0.53349197 0.10680912 0.85688984 0.5043131 254 101 101 255 0 0
0.6664098 1.9769194 0.53349245 -0.056151945 0.99591285 0.07074328 254 101 101 255 0 0
0.7621315 -1.7140193 0.41858244 0.6609166 0.5903038 -0.46339062 254 101 101 255 0 0
0.77484185 -1.693805 0.46842957 0.75421613 0.54489607 -0.36639652 254 101 101 255 0 0
0.77251285 -1.7036977 0.44539514 0.73660535 0.547942 -0.39644966 254 101 101 255 0 0
0.80746764 -1.1761551 0.5906053 0.9980738 -0.020242158 0.058643717 254 101 101 255 0 0
0.80875987 -1.1369591 0.47597027 0.7093665 -0.59463894 -0.3784228 254 101 101 255 0 0
0.78884083 -1.5009785 0.6185876 0.73727536 0.123116024 -0.66427964 254 101 101 255 0 0
0.7947896 -1.4002395 0.6299345 0.730386 -0.05918799 -0.68046534 254 101 101 255 0 0
0.78035474 -1.4002252 0.7095044 0.92925644 -0.06915657 0.36290476 254 101 101 255 0 0
0.74473846 -1.4002249 0.7811458 0.8552964 -0.07266058 0.5130191 254 101 101 255 0 0
0 -1.4861966 0.8999464 3.705806e-11 -0.11567338 0.9932874 254 101 101 255 0 0
0.36252835 -1.4673983 0.8754925 0.3668367 -0.12694287 0.92158365 254 101 101 255 0 0
0.805496 -1.2053888 0.55874294 0.72555697 -0.47421876 -0.49868205 254 101 101 255 0 0
0.7615833 -1.1370748 0.79323065 0.8955684 -0.07360398 0.43879354 254 101 101 255 0 0
0 -1.2238618 0.92798287 0 -0.11773757 0.9930448 254 101 101 255 0 0
0.3850779 -1.2028383 0.9096946 0.23990172 -0.13246897 0.9617168 254 101 101 255 0 0
0.73926103 -1.1370748 0.8392732 0.76376456 -0.09017865 0.63916475 254 101 101 255 0 0
0.801913 0.99583036 0.6790405 0.98113406 0.04663845 0.18761905 254 101 101 255 1 0.8446318
0.58947736 0.029540159 1.2890596 0.72041637 -0.56591135 -0.40092963 254 101 101 255 1 0.41447005
0.69571096 0.029540129 0.8969897 0.4126827 -0.56847656 0.71170735 254 101 101 255 1 0.41447005
0.7776445 1.3319165 0.3598965 0.6501717 -0.5919127 -0.4763573 254 101 101 255 1 1
0.77221406 0.99584913 0.7793345 0.92613834 0.060587287 0.3722861 254 101 101 255 1 0.8446318
0.7925273 0.5945835 0.28917253 0.99944526 0.01149347 -0.031259757 254 101 101 255 1 0.6881536
0.19884801 0.6016973 1.3623524 0.07955474 0.06136162 0.99494016 254 101 101 255 0.6666666 0.77074695
0.8025676 1.2101771 0.54286975 0.7906038 -0.24191734 -0.5625136 254 101 101 255 1 1
0.8093801 0.99585766 0.57599366 0.7271537 0.033622578 -0.6856508 254 101 101 255 1 0.8446318
0.7676059 1.3626465 0.32193753 0.6641247 -0.4929826 -0.5620556 254 101 101 255 0.99999994 0.99999994
0.35048264 -1.9870365 0.60661423 0.9475948 -0.29602405 0.1201415 254 101 101 255 0 0
0.34970707 -1.9903042 0.55648375 0.6330786 -0.40004084 -0.66270566 254 101 101 255 0 0
0.19915526 -0.5381652 1.3784372 0.067599006 -0.07787472 0.9946687 254 101 101 255 0.6666666 0.036668114
0 -1.8857019 0.37000248 3.770378e-17 -0.34862402 -0.9372627 254 101 101 255 0 0
0 -2.0266578 0.3700025 0 -0.5068291 -0.86204654 254 101 101 255 0 0
0.7225392 1.7038906 0.4671306 0.89334965 -0.14825957 0.4242001 254 101 101 255 0.3160036 0.3160036
0.7305572 1.6819174 0.4164733 0.6993495 -0.68178135 0.21467292 254 101 101 255 0.318021 0.318021
0.73159945 1.7038906 0.4671306 0.6128288 -0.43190873 0.66173697 254 101 101 255 0.3160036 0.3160036
0.29807937 2.0085287 0.32509837 0.015823916 0.53001136 -0.84784293 254 101 101 255 0.74999994 1
0.39933184 2.004205 0.32509837 0.024182336 0.5230487 -0.85195965 254 101 101 255 0.83333325 1
0.32592866 -2.0115275 0.81630164 0.2952855 -0.6224504 0.72481865 254 101 101 255 0 0
0.35048264 -1.9870365 0.6765949 0.99871504 -0.050677758 3.8260644e-09 254 101 101 255 0 0
0.35228336 -2.0077648 0.74536484 0.81082654 -0.58528656 4.4187907e-08 254 101 101 255 0 0
0.35228336 -2.0077648 0.67538416 0.73740274 -0.6738289 -0.04681778 254 101 101 255 0 0
0.19682693 2.0246978 0.69458824 0.009682562 0.99831295 -0.057249814 254 101 101 255 0.6666666 1
0.19682693 1.8235129 0.3008425 0.015632357 0.7108092 -0.70321125 254 101 101 255 0.6666666 1
0.35048264 -1.8121192 0.31768814 -0.005387327 -0.07451085 -0.99720573 254 101 101 255 0 0
0.19682692 1.7873627 0.80005044 0.026570726 0.18230541 0.98288286 254 101 101 255 0.6666666 1
0.1967162 0.991655 1.2861409 0.054467954 0.9170605 0.39501053 254 101 101 255 0.6667465 1
0.35048264 -1.9870363 0.8000252 0.62489176 -0.32251316 0.71098214 254 101 101 255 0 0
0.3907612 -0.6030816 1.3399956 0.114552945 -0.88233775 0.45646232 254 101 101 255 0 0
0.33499432 -0.9842028 0.94643986 0.08297178 -0.19782244 0.97672 254 101 101 255 0 0
0.40287355 -0.9733924 0.9443778 0.13288422 -0.25152206 0.9586858 254 101 101 255 0 0
0.8011998 -0.87392515 0.6756879 0.99997276 0.0002150944 -0.007376245 254 101 101 255 0 0
0.8017291 -0.87392515 0.712888 0.9997537 -0.021264285 -0.006356622 254 101 101 255 0 0
0.79837704 -0.8739252 0.34634307 0.99944246 0.03070455 -0.013118305 254 101 101 255 0 0
0.79837704 -0.8739252 0.28996426 0.9999885 -0.004811672 3.6327116e-10 254 101 101 255 0 0
0.79837704 -0.87392515 0.43000194 0.99931765 0.036855463 0.0024689445 254 101 101 255 0 0
0.79837704 -0.87392515 0.47728738 0.999661 0.02600607 -0.0012965682 254 101 101 255 0 0
0.7766571 -0.87378114 0.80424917 0.90427935 -0.05474175 0.42341733 254 101 101 255 0 0
0.8022583 -0.87392515 0.7500881 0.9774241 -0.040016983 0.20746273 254 101 101 255 0 0
0.79837704 -0.8739252 0.2626842 0.70474744 -0.017143408 -0.70925117 254 101 101 255 0 0
0 -1.0112909 0.9501046 2.0015413e-11 -0.16512075 0.98627347 254 101 101 255 0 0
0.2143587 -1.003415 0.9501046 0.03488831 -0.16003235 0.98649514 254 101 101 255 0 0
0.68032146 -0.87392515 0.9128746 0.46619406 -0.2794149 0.83939886 254 101 101 255 0 0
0.7510559 -0.8736374 0.85841036 0.78369194 -0.08129819 0.6158066 254 101 101 255 0 0
0.6654952 2.0033379 0.68190897 -0.093707286 0.9218359 -0.37608188 254 101 101 255 0.00017179764 0.0002061572
0.6878208 1.9861729 0.6104277 0.7319228 0.6715546 -0.11534044 254 101 101 255 0 0
0.39938805 1.996396 0.5334886 0.037764423 0.85579365 0.51593715 254 101 101 255 0.83337957 0.99999994
0.31408122 2.026429 0.68191594 0.19570453 0.9494999 -0.2452544 254 101 101 255 0.7631699 1.0000001
0.3992332 2.0226402 0.68191594 0.031386998 0.71284807 -0.70061576 254 101 101 255 0.83325213 1
0.31232366 2.0002694 0.5334886 0.2444136 0.9692869 -0.027292944 254 101 101 255 0.7617232 0.9999999
0.29807937 2.0127506 0.6104277 -0.053419337 0.984255 -0.16848885 254 101 101 255 0.7499999 1
0.31320244 2.013349 0.60770226 0.5892147 0.7944914 -0.14700164 254 101 101 255 0.7624465 1
0.31811106 -1.993964 0.55624175 0.05920237 -0.57104087 -0.81878424 254 101 101 255 0 0
0.3235596 1.9565123 0.5474234 0.120055944 0.9736108 0.1940842 254 101 101 255 0.7617232 0.9999999
0.6034949 1.94419 0.5474265 0.093377195 0.96389115 -0.2493884 254 101 101 255 0 0
0 -2.0108664 0.74725896 -2.834345e-07 -0.9987095 -0.050787043 254 101 101 255 0 0
0.64016247 -1.891361 0.61467934 0.082253955 -0.93663716 0.34050727 254 101 101 255 0 0
0.71570957 1.7612834 0.7035231 0.979025 0.11986875 0.16474678 254 101 101 255 0.33333328 0.33333328
0.72030234 1.7433983 0.6223263 0.99066395 0.13368995 0.02668669 254 101 101 255 0.32309586 0.32309586
0.19682692 1.3401886 0.86954755 0.026689237 0.2356822 0.9714637 254 101 101 255 0.6666666 1
0.29807937 1.5541615 0.83712834 0.04164603 0.15302528 0.98734444 254 101 101 255 0.75 1
0.19682692 1.5637757 0.8408479 0.0358161 0.15205868 0.98772234 254 101 101 255 0.6666666 1
0.7248951 1.7255133 0.54112965 0.98738945 0.15612596 -0.02620817 254 101 101 255 0.31285843 0.31285843
0.39933184 1.3188101 0.87091047 0.06673612 0.25004026 0.9659329 254 101 101 255 0.8333333 1
0.39933184 1.5445473 0.8346304 0.04900508 0.1568397 0.9864075 254 101 101 255 0.8333333 1
0.73085696 1.7906772 0.32509837 0.72304213 0.03635566 -0.68984663 254 101 101 255 0 0
0.717188 1.6663866 0.3640053 0.79080594 -0.60956866 0.05524528 254 101 101 255 0.31450567 0.31450567
0.7129275 1.6603544 0.32339188 0.9414456 -0.09856519 -0.32243624 254 101 101 255 0.31467935 0.31467935
0.7219878 1.6603544 0.32339188 0.5178459 -0.6413595 -0.5661215 254 101 101 255 0.31467935 0.31467935
0.72624826 1.6663866 0.3640053 0.681203 -0.7244114 0.10578547 254 101 101 255 0.31450567 0.31450567
0.72149694 1.6819174 0.4164733 0.786119 -0.5907491 0.18174894 254 101 101 255 0.31802103 0.31802103
0.68645346 1.9891402 0.71438146 0.73199254 0.49642643 0.46663448 254 101 101 255 0 0
0.70775956 1.7533436 0.73086554 0.8925862 0.11781826 0.43521148 254 101 101 255 0.3333333 0.3333333
0.7130555 1.6646028 0.30067465 0.70633274 0.13804366 -0.69428957 254 101 101 255 0.31628308 0.31628308
0.6878208 1.7906772 0.3008425 0.56588435 0.56473345 -0.60070884 254 101 101 255 0 0
0.6867785 1.7389636 0.76570874 0.65518504 0.13228711 0.74379617 254 101 101 255 0.33333328 0.33333328
0.6683724 1.9797192 0.73960495 0.49593028 0.4696834 0.73037714 254 101 101 255 0 0
0 1.343323 0.87301975 4.8408394e-10 0.23419568 0.9721895 254 101 101 255 0.5 1
0 1.5717185 0.8443772 -5.9356897e-10 0.1545962 0.9879778 254 101 101 255 0.5 1
0.29807937 1.3294994 0.8692319 0.020585101 0.24707553 0.96877766 254 101 101 255 0.75 1
0.33648032 -2.0115364 0.79015577 -0.14747891 -0.9454967 -0.29032043 254 101 101 255 0 0
0.3363776 -2.0115507 0.74555415 -0.5855972 -0.81058973 -0.0045159557 254 101 101 255 0 0
0.35228336 -2.0077648 0.7988145 0.77441305 -0.51479214 0.3677955 254 101 101 255 0 0
0.35228336 -2.0077648 0.7673358 0.8109137 -0.585166 -8.7529195e-05 254 101 101 255 0 0
0.7766571 -0.87378114 0.80424917 0.90427935 -0.05474175 0.42341733 254 101 101 255 1 0
0.46799743 0.71011645 0.40987223 0.44589165 0.7840141 -0.43185964 254 101 101 255 1 0.7707469
0.46799743 1.3319165 0.3598965 0.73390347 -0.58115983 -0.35162333 254 101 101 255 1 1
0.46799743 1.3626465 0.32193753 0.7076775 -0.54271036 -0.45239148 254 101 101 255 0.99999994 0.99999994
0.46420643 0.6750978 0.33894998 0.7189786 0.6324375 -0.2882579 254 101 101 255 1 0.77074695
0.46799743 0.99585766 0.57599366 0.6645294 0.0052414834 -0.74724376 254 101 101 255 1 0.8446318
0.46799743 1.2101771 0.54286975 0.638377 -0.36767942 -0.6762298 254 101 101 255 1 1
0.46799743 1.3106587 0.4095404 0.69351995 -0.6444918 -0.32196352 254 101 101 255 1 1
0.46799743 0.7448544 0.46983543 0.65595454 0.5787617 -0.48451903 254 101 101 255 1 0.77074695
0.46799743 0.8320231 0.5475541 0.65021837 0.33047536 -0.6841068 254 101 101 255 1 0.77074695
0.46799743 1.3794364 0.30236894 0.17078051 -0.18594037 -0.9676055 254 101 101 255 1 1
0.46799743 1.2772249 0.46766233 0.68273044 -0.5925219 -0.42754763 254 101 101 255 1 1
0.46799743 -1.10903 0.42444795 0.69665664 -0.64558244 -0.3128785 254 101 101 255 0 0
0.46799743 -1.2945838 0.6137305 0.65745825 -0.26001364 -0.7072069 254 101 101 255 0 0
0.46799743 -1.7243409 0.3917697 0.70710826 0.65989965 -0.2540286 254 101 101 255 0 0
0.7517501 -1.7243409 0.3917697 0.63146883 0.6199913 -0.46568018 254 101 101 255 0 0
0.46799743 -1.4002395 0.6299345 0.67541426 -0.014756509 -0.7372909 254 101 101 255 0 0
0.46799743 -1.5009785 0.6185876 0.67337656 0.18450177 -0.7159073 254 101 101 255 0 0
0.46799743 -1.6419132 0.5389082 0.6761753 0.5321071 -0.5095578 254 101 101 255 0 0
0.46799743 -1.5873384 0.58285636 0.6726764 0.3773287 -0.636498 254 101 101 255 0 0
0.46799743 -1.2053888 0.55874294 0.66722804 -0.4890246 -0.56183785 254 101 101 255 0 0
0.46799743 -1.693805 0.46842957 0.67987627 0.63633806 -0.3644752 254 101 101 255 0 0
0.46799743 -1.0747466 0.34466198 0.7139466 -0.6345162 -0.2960906 254 101 101 255 0 0
0.46799743 -1.0351646 0.2662298 0.12941228 -0.25923887 -0.95710385 254 101 101 255 0 0
0.46799743 -1.1369591 0.47597027 0.6842278 -0.60444146 -0.40802303 254 101 101 255 0 0
0.75815594 -1.8859189 0.40033785 0.9731387 -0.22736456 -0.03614775 254 101 101 255 0 0
0.7580433 -1.8846054 0.37144998 0.7487476 -0.16384631 -0.6422861 254 101 101 255 0 0
0.21435869 -2.042169 0.40245676 0.049090058 -0.96566296 -0.2551185 254 101 101 255 0 0
0.70435905 -1.9883249 0.40305412 0.53422505 -0.8188846 -0.20983738 254 101 101 255 0 0
0.31470743 -2.0333555 0.40277547 0.10399511 -0.9599895 -0.26001024 254 101 101 255 0 0
0.6658517 -1.9942238 0.4024568 0.12637983 -0.96189404 -0.24246235 254 101 101 255 0 0
0.35048264 -2.0095055 0.3700025 0.06485083 -0.4864239 -0.8713129 254 101 101 255 0 0
0.35048264 -2.0287519 0.40245676 0.11722538 -0.9584601 -0.26002428 254 101 101 255 0 0
0.6658517 -1.976244 0.46736532 0.05924901 -0.5083031 0.8591377 254 101 101 255 0 0
0.31484723 -2.014508 0.46736532 0.0612244 -0.49409753 0.8672481 254 101 101 255 0 0
0.21435869 -2.0229464 0.46736532 0.023317788 -0.5022042 0.86443466 254 101 101 255 0 0
0.39933184 2.0248697 0.4199328 0.035159152 0.9712299 0.2355345 254 101 101 255 0.83333325 1
0.29807937 2.0291934 0.4199328 0.02885206 0.9715885 0.23491138 254 101 101 255 0.7499999 1
0.61458457 2.0184903 0.4199328 0.03470027 0.9725298 0.2301774 254 101 101 255 0 0
0 2.0308948 0.41993284 6.0793724e-08 0.97189033 0.23543443 254 101 101 255 0.5 1
0.29807937 2.0291934 0.36674744 0.028902713 0.9732895 -0.22775473 254 101 101 255 0.74999994 1
0.61458457 2.0184903 0.36674744 0.059141576 0.9630052 -0.2629134 254 101 101 255 0 0
0.19682693 2.0308948 0.4199328 0.008156271 0.97192544 0.23514801 254 101 101 255 0.66666657 0.99999994
0 2.0308948 0.36674744 3.7580854e-08 0.97360003 -0.22826123 254 101 101 255 0.5 1
0.39933184 2.0248697 0.36674744 0.03522006 0.97294414 -0.2283405 254 101 101 255 0.83333325 1
0.19682693 2.0308948 0.36674744 0.008171008 0.9736319 -0.22797838 254 101 101 255 0.6666666 1
0.73085696 1.8510951 0.4199328 0.99144506 0.11964355 0.052175142 254 101 101 255 0 0
0.66017675 2.017285 0.4199328 0.3048 0.9256047 0.22439492 254 101 101 255 0 0
0.35048264 -2.0287519 0.43491104 0.12537254 -0.95541644 0.2673222 254 101 101 255 0 0
0.6658517 -1.9942238 0.43491107 0.116437495 -0.96225977 0.2459647 254 101 101 255 0 0
0.31484723 -2.0345325 0.43491104 0.1149482 -0.9612352 0.25062692 254 101 101 255 0 0
0.21435869 -2.042169 0.43491104 0.04548001 -0.96432984 0.26076716 254 101 101 255 0 0
0.70435905 -1.9891834 0.43520972 0.52094084 -0.831564 0.1926709 254 101 101 255 0 0
0 -2.0259938 0.46736532 -4.279586e-11 -0.5001665 0.86592937 254 101 101 255 0 0
0 -2.0450337 0.43491104 -7.697128e-11 -0.96517247 0.2616146 254 101 101 255 0 0
0.46799743 -1.7036977 0.44539514 0.70276785 0.6589241 -0.26820982 254 101 101 255 0 0
0.46799743 -1.7140193 0.41858244 0.7071048 0.65990233 -0.25403118 254 101 101 255 0 0
0.7555004 -1.7623184 0.4003378 0.96163017 0.018648997 -0.27371472 254 101 101 255 0 0
0 -2.0141342 0.5549904 -8.215933e-09 -0.6836036 -0.7298535 254 101 101 255 0 0
0.21615939 -2.0097384 0.5549905 0.064467005 -0.6909517 -0.72002065 254 101 101 255 0 0
0.33654946 -2.0074022 0.66567624 -0.65946263 -0.74920213 -0.061686765 254 101 101 255 0 0
0.35168153 -2.0008368 0.6058081 0.78493434 -0.6148707 -0.07623696 254 101 101 255 0 0
0.2161594 -2.027199 0.7904449 0.056178812 -0.6994143 -0.7125052 254 101 101 255 0 0
0 -2.0315948 0.79005927 -9.2144624e-08 -0.69076675 -0.7230777 254 101 101 255 0 0
0.35048264 -1.9870365 0.7465756 0.9157462 -0.32759658 -0.23257157 254 101 101 255 0 0
0 -2.0147767 0.5857984 -6.4738276e-12 -0.73868775 0.6740478 254 101 101 255 0 0
0 -1.9934058 0.55620116 -7.000062e-09 -0.2549565 -0.9669526 254 101 101 255 0 0
0.64694303 -1.9376214 0.61467934 0.65499175 -0.48749667 -0.5773499 254 101 101 255 0 0
0.36768043 -1.978554 0.73861665 -0.4890022 -0.6554885 0.5755099 254 101 101 255 0 0
0.64694303 -1.9376214 0.7402592 0.6534176 -0.4874384 0.57917994 254 101 101 255 0 0
0.36089987 -1.9322937 0.61467934 0.18994309 -0.9208277 0.34058493 254 101 101 255 0 0
0.36089987 -1.9322937 0.67664796 -0.021302557 -0.99977314 7.548078e-08 254 101 101 255 0 0
0.36089987 -1.9322937 0.7386166 0.19011076 -0.92097837 -0.3400834 254 101 101 255 0 0
0.36768043 -1.978554 0.676648 -0.5970957 -0.8021701 6.056216e-08 254 101 101 255 0 0
0.64694303 -1.9376214 0.6774692 0.8021878 -0.59707177 4.5077666e-08 254 101 101 255 0 0
0.36768043 -1.978554 0.6146794 -0.48751822 -0.6549787 -0.5773465 254 101 101 255 0 0
0.64637494 2.0144823 0.66737485 0.33362857 0.94256276 -0.016355112 254 101 101 255 0.00027612405 0.00033134889
0.6086033 2.0112555 0.60575646 0.1198336 0.9776146 -0.17294468 254 101 101 255 0.0005137065 0.0006164478
0.608429 2.0221782 0.6673757 0.12124003 0.9923679 0.02251179 254 101 101 255 0.0009788328 0.0011745994
0.65254563 1.9957981 0.6068907 0.99563044 0.092802584 -0.010382571 254 101 101 255 8.589882e-05 0.0001030786
0.65212625 2.0079114 0.6749452 0.72146446 0.26634228 0.6391799 254 101 101 255 0.00017179763 0.0002061572
0.6467548 2.0035148 0.6057562 0.37618187 0.9126076 -0.16010787 254 101 101 255 0.00014743101 0.00017691724
0.6087776 2.0003328 0.5441372 0.113584936 0.92647314 -0.35881191 254 101 101 255 4.858055e-05 5.8296664e-05
0.40863392 2.019996 0.6057576 0.043361224 0.9838039 -0.17392436 254 101 101 255 0.83331585 1
0.33546472 2.0123582 0.54413426 -0.103150755 0.9431118 -0.31606984 254 101 101 255 0.7676502 0.9999999
0.3361944 2.0232189 0.6057576 -0.14837576 0.97421974 -0.16994272 254 101 101 255 0.768305 1
0.40856963 2.030892 0.66738087 0.04398957 0.9987992 0.021570366 254 101 101 255 0.83325815 1
0.3369241 2.0340796 0.6673809 -0.10057127 0.9946575 -0.023282211 254 101 101 255 0.76896 1.0000001
0.3251714 1.9805024 0.68354213 0.11265676 0.8493166 -0.5157226 254 101 101 255 0.7631699 1.0000001
0.40326202 1.9770279 0.68354213 0.043771703 0.9935274 -0.10482118 254 101 101 255 0.83325213 1
0.3243655 1.9685073 0.6154828 -0.07293079 0.9823465 -0.17226903 254 101 101 255 0.7624465 1
0.40340403 1.95296 0.5474234 0.042740498 0.96963 -0.24081326 254 101 101 255 0.83337957 0.99999994
0.652965 1.983684 0.53883636 0.7013135 0.035289384 -0.71197903 254 101 101 255 0 0
0.40869823 2.0091 0.5441343 0.041089702 0.9310063 -0.36268288 254 101 101 255 0.83337355 0.99999994
0.3290482 2.0170946 0.6068918 -0.9590766 0.28057298 -0.038093217 254 101 101 255 0.7624465 1
0.60779244 2.0169024 0.6749461 0.045141757 0.36755043 0.9289074 254 101 101 255 0.001027413 0.0012328955
0.4080866 2.0015464 0.5388326 0.0009733175 0.021810077 -0.99976176 254 101 101 255 0.8333796 0.99999994
0.60817736 1.9927754 0.5388359 0.0041568214 0.03128549 -0.99950194 254 101 101 255 0 0
0.32824227 2.0050993 0.5388325 -0.6723291 0.17099413 -0.72023225 254 101 101 255 0.7617232 0.9999999
0.4079446 2.0256143 0.6749514 0.015957361 0.3619702 0.93205315 254 101 101 255 0.83325213 1
0.6511057 2.000716 0.60608846 0.80269986 0.5879889 -0.09970972 254 101 101 255 8.594667e-05 0.00010313602
0.6467548 2.0035148 0.6057562 0.37618187 0.9126076 -0.16010787 254 101 101 255 0.0001474312 0.00017691747
0.6506979 2.0124938 0.6722579 0.6074151 0.69924426 0.3769674 254 101 101 255 0.00018617851 0.00022341427
0.60823506 2.0211055 0.6722589 0.09974104 0.818881 0.56523067 254 101 101 255 0.0011895276 0.0014274525
0.4083838 2.0298176 0.67226416 0.036051434 0.8183698 0.57356 254 101 101 255 0.83321595 1
0.4085219 2.0064163 0.53991556 0.025305241 0.5728985 -0.81923556 254 101 101 255 0.83332837 0.99999994
0.6086093 1.9976467 0.5399186 0.07200327 0.5820008 -0.8099942 254 101 101 255 0.0002465776 0.0002958767
0.6087776 2.0003328 0.5441372 0.113584936 0.92647314 -0.35881191 254 101 101 255 4.85802e-05 5.8296246e-05
0.6515135 1.9889379 0.53991914 0.58898884 0.5343521 -0.6062673 254 101 101 255 1.2375656e-06 1.485079e-06
0.64713466 1.9925472 0.54413766 0.3265633 0.89303 -0.30960274 254 101 101 255 1.8175862e-05 2.1811038e-05
0.33218098 2.0332084 0.6722641 -0.44427818 0.8174835 0.36652124 254 101 101 255 0.76397085 1.0000001
0.3306138 2.0098827 0.53991556 -0.45342493 0.6452003 -0.6149166 254 101 101 255 0.76255095 0.9999999
0.3313973 2.0215454 0.6060898 -0.65684897 0.7438686 -0.123324774 254 101 101 255 0.7624466 1
0.32985407 2.0290895 0.67495126 -0.65923464 0.408287 0.6314361 254 101 101 255 0.7631699 1.0000001
0.54202586 0.9523089 1.25137 0.054748826 0.91321343 0.4037868 254 101 101 255 0.98436767 1
0.5798928 0.4578192 1.2853662 0.87261 0.017000636 -0.48812172 254 101 101 255 1 0.6968621
0.6945522 0.08738465 0.8982822 0.39332595 0.59148574 0.7038746 254 101 101 255 1 0.4486117
0.68730646 0.61259645 0.88920826 0.49045175 0.021949269 0.8711919 254 101 101 255 0.9999999 0.696862
0.69577175 -0.7795839 0.89679146 0.42809293 0.7312696 0.53101903 254 101 101 255 1 0.093385205
0.5773851 0.5665177 1.2861472 0.8711643 0.023439394 -0.49043176 254 101 101 255 1 0.77074695
0.57487744 0.6752163 1.2869283 0.7814153 -0.37397417 -0.49953327 254 101 101 255 1 0.8446318
0.39405987 -0.5992173 1.3547415 0.13934954 -0.6283616 0.7653389 254 101 101 255 0 0
0.19634128 -0.6170019 1.3576056 0.083975784 -0.8789367 0.4694873 254 101 101 255 0.6505257 0
0.29617605 -0.60620224 1.3635857 0.115149684 -0.64314467 0.7570373 254 101 101 255 0 0
0.5764893 -0.59596384 1.3090659 0.40562618 -0.5795795 0.7067921 254 101 101 255 0 0
0.19829223 -0.6131872 1.37243 0.086172365 -0.6406026 0.76302207 254 101 101 255 0 0
0.19634128 -0.6170019 1.3576056 0.083975784 -0.8789367 0.4694873 254 101 101 255 0 0
0.46799743 0.6411941 0.26798382 0.15262511 0.2627538 -0.9527151 254 101 101 255 1 0.77074695
0.46799743 -1.7346625 0.364957 0.2945341 0.48436862 -0.8237941 254 101 101 255 0 0
0.79837704 -0.8739252 0.2626842 0.70474744 -0.017143408 -0.70925117 254 101 101 255 1 0
0.6531036 -1.3495309 0.29102126 0.68569344 0.7278905 -3.637139e-07 254 101 101 255 1 1
-0.6531037 -1.3507609 0.2785323 -0.6856917 0.7139058 -0.14200528 254 101 101 255 0.96875 0.5
-0.6531037 -1.3495309 0.29102114 -0.68570065 0.7278837 2.574078e-07 254 101 101 255 1 0.5
0.6531036 -1.3507609 0.27853242 0.6856992 0.71389884 -0.14200377 254 101 101 255 0.96875 1
-0.6531037 -1.3544039 0.26652342 -0.68569887 0.6724745 -0.27855897 254 101 101 255 0.9375 0.5
0.6531036 -1.3544039 0.2665235 0.6856823 0.6724927 -0.2785559 254 101 101 255 0.9375 1
-0.6531037 -1.3603195 0.25545594 -0.68567234 0.60523516 -0.4044055 254 101 101 255 0.90625 0.5
0.6531036 -1.3603195 0.25545606 0.6857057 0.60521954 -0.40437242 254 101 101 255 0.90625 1
-0.6531037 -1.3682806 0.24575526 -0.68569964 0.51469135 -0.5146931 254 101 101 255 0.875 0.5
0.6531036 -1.3682806 0.24575534 0.6856924 0.5146966 -0.5146973 254 101 101 255 0.875 1
-0.6531037 -1.3779814 0.23779409 -0.6856934 0.40439388 -0.60521924 254 101 101 255 0.84375 0.5
0.6531036 -1.3779814 0.23779418 0.6857005 0.4043906 -0.60521334 254 101 101 255 0.84375 1
-0.6531037 -1.3890488 0.2318784 -0.6856995 0.27854955 -0.6724777 254 101 101 255 0.8125 0.5
0.6531036 -1.3890488 0.2318785 0.6856723 0.27856064 -0.67250097 254 101 101 255 0.8125 1
-0.6531037 -1.4010577 0.22823554 -0.68567055 0.14200832 -0.7139254 254 101 101 255 0.78125 0.5
0.6531036 -1.4010577 0.22823565 0.6857001 0.14200227 -0.7138982 254 101 101 255 0.78125 1
-0.6531037 -1.4135466 0.2270055 -0.6856998 1.5706561e-06 -0.7278845 254 101 101 255 0.75 0.5
0.6531036 -1.4135466 0.2270056 0.6856927 -1.6820155e-06 -0.7278912 254 101 101 255 0.75 1
-0.6531037 -1.4260354 0.22823554 -0.6856901 -0.14200318 -0.7139077 254 101 101 255 0.71875 0.5
0.6531036 -1.4260354 0.22823565 0.68570006 -0.14200309 -0.71389824 254 101 101 255 0.71875 1
-0.6531037 -1.4380443 0.2318784 -0.68569046 -0.2785457 -0.6724886 254 101 101 255 0.6875 0.5
0.6531036 -1.4380443 0.2318785 0.6856711 -0.2785584 -0.6725032 254 101 101 255 0.6875 1
-0.6531037 -1.4491118 0.23779409 -0.6856725 -0.40440586 -0.6052348 254 101 101 255 0.65625 0.5
0.6531036 -1.4491118 0.23779418 0.68569934 -0.40439138 -0.6052141 254 101 101 255 0.65625 1
-0.6531037 -1.4588125 0.24575526 -0.6856986 -0.51469344 -0.5146922 254 101 101 255 0.625 0.5
0.6531036 -1.4667736 0.2554561 0.68570393 -0.6052205 -0.40437397 254 101 101 255 0.59375 1
-0.6531037 -1.4667736 0.25545597 -0.68569326 -0.6052188 -0.40439448 254 101 101 255 0.59375 0.5
-0.6531037 -1.4726893 0.26652345 -0.68569887 -0.672475 -0.27855802 254 101 101 255 0.5625 0.5
0.6531036 -1.4726893 0.26652354 0.685674 -0.67249966 -0.27855954 254 101 101 255 0.5625 1
-0.6531037 -1.4763322 0.27853236 -0.68568087 -0.71391577 -0.14200714 254 101 101 255 0.53125 0.5
0.6531036 -1.4763322 0.27853245 0.6856993 -0.71389884 -0.14200342 254 101 101 255 0.53125 1
-0.6531037 -1.4775622 0.29102117 -0.68570065 -0.72788364 -2.6086337e-07 254 101 101 255 0.5 0.5
0.6531036 -1.4775622 0.2910213 0.6856935 -0.72789043 3.7412147e-07 254 101 101 255 0.5 1
-0.6531037 -1.4763322 0.30351 -0.6856919 -0.71390563 0.14200523 254 101 101 255 0.46875 0.5
0.6531036 -1.4763322 0.30351013 0.68569916 -0.7138989 0.14200382 254 101 101 255 0.46875 1
-0.6531037 -1.4726893 0.31551892 -0.68569875 -0.67247415 0.27856016 254 101 101 255 0.4375 0.5
0.6531036 -1.4726893 0.315519 0.6856827 -0.6724928 0.27855462 254 101 101 255 0.4375 1
-0.6531037 -1.4667736 0.32658637 -0.6856724 -0.60523456 0.40440655 254 101 101 255 0.40625 0.5
0.6531036 -1.4667736 0.32658648 0.6857055 -0.60522044 0.40437153 254 101 101 255 0.40625 1
-0.6531037 -1.4588125 0.33628708 -0.6856997 -0.5146913 0.51469296 254 101 101 255 0.375 0.5
0.6531036 -1.4588125 0.3362872 0.6856924 -0.5146959 0.514698 254 101 101 255 0.375 1
-0.6531037 -1.4491117 0.34424827 -0.68569297 -0.40439498 0.6052189 254 101 101 255 0.34375 0.5
0.6531036 -1.4491117 0.34424835 0.6857005 -0.40438974 0.6052139 254 101 101 255 0.34375 1
-0.6531037 -1.4380443 0.35016394 -0.6856999 -0.27854934 0.67247754 254 101 101 255 0.3125 0.5
0.6531036 -1.4380443 0.35016403 0.6856726 -0.27856165 0.6725002 254 101 101 255 0.3125 1
-0.6531037 -1.4260354 0.3538068 -0.68567073 -0.14200708 0.71392554 254 101 101 255 0.28125 0.5
0.6531036 -1.4260354 0.3538069 0.6856997 -0.14200489 0.7138982 254 101 101 255 0.28125 1
-0.6531037 -1.4135466 0.35503685 -0.68569976 1.0519778e-06 0.72788453 254 101 101 255 0.25 0.5
0.6531036 -1.4135466 0.35503694 0.6856928 -9.303023e-07 0.7278911 254 101 101 255 0.25 1
-0.6531037 -1.4010577 0.3538068 -0.68569005 0.14200576 0.7139073 254 101 101 255 0.21875 0.5
0.6531036 -1.4010577 0.3538069 0.68569964 0.14200185 0.71389884 254 101 101 255 0.21875 1
-0.6531037 -1.3890488 0.35016394 -0.6856906 0.27854568 0.67248845 254 101 101 255 0.1875 0.5
0.6531036 -1.3890488 0.35016403 0.6856713 0.27855936 0.67250246 254 101 101 255 0.1875 1
-0.6531037 -1.3779813 0.34424824 -0.68567216 0.40440524 0.60523564 254 101 101 255 0.15625 0.5
0.6531036 -1.3779813 0.34424832 0.6856992 0.4043924 0.60521346 254 101 101 255 0.15625 1
-0.6531037 -1.3682806 0.33628705 -0.6857004 0.51469254 0.5146908 254 101 101 255 0.125 0.5
0.6531036 -1.3682806 0.33628714 0.68569326 0.5146969 0.5146959 254 101 101 255 0.125 1
-0.6531037 -1.3603195 0.32658634 -0.6856917 0.60522014 0.40439522 254 101 101 255 0.09375 0.5
0.6531036 -1.3603195 0.32658646 0.6857053 0.6052193 0.40437335 254 101 101 255 0.09375 1
-0.6531037 -1.3544039 0.3155189 -0.68569875 0.6724746 0.27855912 254 101 101 255 0.0625 0.5
0.6531036 -1.4726893 0.315519 0.6856827 -0.6724928 0.27855462 254 101 101 255 0.15815598 0.028268918
0.6531036 -1.4380443 0.2318785 0.6856711 -0.2785584 -0.6725032 254 101 101 255 0.47173107 0.15815598
0.6531036 -1.3544039 0.2665235 0.6856823 0.6724927 -0.2785559 254 101 101 255 0.34184402 0.47173107
0.6531036 -1.3544039 0.31551898 0.68567413 0.67249995 0.27855837 254 101 101 255 0.0625 1
-0.6531037 -1.3507609 0.30350998 -0.6856807 0.713916 0.14200717 254 101 101 255 0.03125 0.5
0.6531036 -1.3507609 0.30351007 0.6856993 0.7138989 0.14200345 254 101 101 255 0.03125 1
-0.6531037 -1.3495309 0.29102114 -0.68570065 0.7278837 2.574078e-07 254 101 101 255 0 0.5
-0.6531037 -1.4763322 0.27853236 -0.68568087 -0.71391577 -0.14200714 254 101 101 255 0.79682165 0.014611542
-0.6531037 -1.4260354 0.3538068 -0.68567073 -0.14200708 0.71392554 254 101 101 255 0.51461154 0.20317832
-0.6531037 -1.3507609 0.30350998 -0.6856807 0.713916 0.14200717 254 101 101 255 0.70317835 0.48538846
0.6531025 1.0709708 0.2910213 0.68569344 0.72789043 -5.842341e-08 254 101 101 255 1 1
-0.6531048 1.0697408 0.27853233 -0.6856918 0.71390563 -0.14200565 254 101 101 255 0.96875 0.5
-0.6531048 1.0709708 0.29102117 -0.68570065 0.7278837 2.574078e-07 254 101 101 255 1 0.5
0.6531025 1.0697408 0.27853245 0.68569976 0.7138993 -0.14199904 254 101 101 255 0.96875 1
-0.6531048 1.0660979 0.26652345 -0.68569875 0.6724749 -0.2785582 254 101 101 255 0.9375 0.5
0.6531025 1.0660979 0.26652354 0.69061196 0.6708388 -0.2702418 254 101 101 255 0.9375 1
-0.6531048 1.0601822 0.25545597 -0.6856729 0.60523576 -0.40440384 254 101 101 255 0.90625 0.5
0.6531025 1.0601822 0.25545606 0.68569964 0.6052151 -0.40438947 254 101 101 255 0.90625 1
-0.6531048 1.0522211 0.24575529 -0.68569964 0.51469004 -0.5146944 254 101 101 255 0.875 0.5
0.6531025 1.0522211 0.24575537 0.6856925 0.5146973 -0.5146966 254 101 101 255 0.875 1
-0.6531048 1.0425203 0.23779412 -0.6856954 0.4043943 -0.6052166 254 101 101 255 0.84375 0.5
0.6531025 1.0425203 0.2377942 0.68570906 0.4043965 -0.6051996 254 101 101 255 0.84375 1
-0.6531048 1.0314529 0.23187843 -0.6856995 0.27854955 -0.6724777 254 101 101 255 0.8125 0.5
0.6531025 1.0314529 0.23187853 0.6856726 0.27856076 -0.6725006 254 101 101 255 0.8125 1
-0.6531048 1.019444 0.22823557 -0.68567085 0.14200704 -0.71392536 254 101 101 255 0.78125 0.5
0.6531025 1.019444 0.22823568 0.68570006 0.14200357 -0.71389806 254 101 101 255 0.78125 1
-0.6531048 1.0069551 0.22700553 -0.6856999 -1.0461233e-06 -0.7278844 254 101 101 255 0.75 0.5
0.6531025 1.0069551 0.22700563 0.6856927 9.372408e-07 -0.72789115 254 101 101 255 0.75 1
-0.6531048 0.9944663 0.22823557 -0.68569255 -0.14200495 -0.713905 254 101 101 255 0.71875 0.5
0.6531025 0.9944663 0.22823568 0.6857001 -0.14200178 -0.7138984 254 101 101 255 0.71875 1
-0.6531048 0.9824574 0.23187843 -0.6856902 -0.2785466 -0.6724885 254 101 101 255 0.6875 0.5
0.6531025 0.9824574 0.23187853 0.68567073 -0.27855924 -0.6725031 254 101 101 255 0.6875 1
-0.6531048 0.97138995 0.23779412 -0.68567246 -0.40440574 -0.605235 254 101 101 255 0.65625 0.5
0.6531025 0.97138995 0.2377942 0.6856999 -0.40439007 -0.60521436 254 101 101 255 0.65625 1
-0.6531048 0.96168923 0.24575529 -0.6856997 -0.5146931 -0.51469123 254 101 101 255 0.625 0.5
0.6531025 0.96168923 0.24575539 0.6856927 -0.5146973 -0.5146963 254 101 101 255 0.625 1
-0.6531048 0.9537281 0.25545603 -0.6856936 -0.605219 -0.40439376 254 101 101 255 0.59375 0.5
0.6531025 0.9537281 0.25545612 0.6857003 -0.60521495 -0.40438846 254 101 101 255 0.59375 1
-0.6531048 0.9478124 0.26652348 -0.6856978 -0.67247486 -0.2785609 254 101 101 255 0.5625 0.5
0.6531025 0.9478124 0.26652357 0.68567276 -0.67250156 -0.27855787 254 101 101 255 0.5625 1
-0.6531048 0.9441695 0.2785324 -0.68568027 -0.71391624 -0.14200778 254 101 101 255 0.53125 0.5
0.6531025 0.94293946 0.29102132 0.68569076 -0.727893 2.3159515e-07 254 101 101 255 0.5 1
-0.6531048 0.94293946 0.2910212 -0.6857013 -0.72788304 -8.0344805e-08 254 101 101 255 0.5 0.5
-0.6531048 0.9441695 0.30351004 -0.6856929 -0.7139048 0.14200473 254 101 101 255 0.46875 0.5
0.6531025 0.9441695 0.30351016 0.68570065 -0.7138984 0.14199933 254 101 101 255 0.46875 1
-0.6531048 0.9478124 0.31551895 -0.6856979 -0.6724759 0.27855828 254 101 101 255 0.4375 0.5
0.6531025 0.9478124 0.31551903 0.6906113 -0.66544455 0.28326604 254 101 101 255 0.4375 1
-0.6531048 0.9537281 0.32658643 -0.68567324 -0.60523427 0.40440544 254 101 101 255 0.40625 0.5
0.6531025 0.9537281 0.3265865 0.68570024 -0.60521376 0.40439045 254 101 101 255 0.40625 1
-0.6531048 0.96168923 0.3362871 -0.68570006 -0.51469195 0.51469177 254 101 101 255 0.375 0.5
0.6531025 0.96168923 0.33628723 0.6856924 -0.514697 0.5146969 254 101 101 255 0.375 1
-0.6531048 0.97138995 0.3442483 -0.6856946 -0.4043956 0.60521656 254 101 101 255 0.34375 0.5
0.6531025 0.97138995 0.34424838 0.6857001 -0.4043901 0.6052141 254 101 101 255 0.34375 1
-0.6531048 0.9824574 0.35016397 -0.6856998 -0.27854997 0.6724773 254 101 101 255 0.3125 0.5
0.6531025 0.9824574 0.35016406 0.73306954 -0.23086111 0.6397751 254 101 101 255 0.3125 1
-0.6531048 0.9944663 0.3538068 -0.6856692 -0.14200975 0.71392655 254 101 101 255 0.28125 0.5
0.64931154 1.0069551 0.35503694 0.5513004 0.042575005 0.8332198 254 101 101 255 0.25 1
-0.6531048 1.0069551 0.35503682 -0.6857017 5.495361e-08 0.7278826 254 101 101 255 0.25 0.5
-0.6531048 1.019444 0.3538068 -0.6856859 0.1419998 0.7139125 254 101 101 255 0.21875 0.5
0.64931154 1.019444 0.35380688 0.68568015 0.14200239 0.7139175 254 101 101 255 0.21875 1
-0.6531048 1.0314529 0.35016394 -0.6857103 0.27854988 0.6724667 254 101 101 255 0.1875 0.5
0.64931154 1.0314529 0.35016403 0.6639145 0.28617352 0.6908852 254 101 101 255 0.1875 1
-0.6531048 1.0425204 0.34424827 -0.6856728 0.40440637 0.6052341 254 101 101 255 0.15625 0.5
0.64931154 1.0425204 0.34424835 0.68569976 0.40439147 0.6052136 254 101 101 255 0.15625 1
-0.6531048 1.0522211 0.33628708 -0.6857078 0.51469785 0.5146755 254 101 101 255 0.125 0.5
0.64931154 1.0522211 0.33628717 0.5513002 0.55907464 0.61927676 254 101 101 255 0.125 1
-0.6531048 1.0601822 0.32658637 -0.68569374 0.6052192 0.40439335 254 101 101 255 0.09375 0.5
0.6531025 1.0601822 0.32658646 0.94174343 0.19013953 0.27742803 254 101 101 255 0.09375 1
-0.6531048 1.0660979 0.31551892 -0.68569887 0.6724741 0.27856028 254 101 101 255 0.0625 0.5
0.6531025 0.9478124 0.31551903 0.6906113 -0.66544455 0.28326604 254 101 101 255 0.15815598 0.028268918
0.6531025 0.9824574 0.23187853 0.68567073 -0.27855924 -0.6725031 254 101 101 255 0.47173107 0.15815598
0.6531025 1.0660979 0.26652354 0.69061196 0.6708388 -0.2702418 254 101 101 255 0.34184402 0.47173107
0.6531025 1.0660979 0.315519 0.7330702 0.61563313 0.28914356 254 101 101 255 0.0625 1
-0.6531048 1.0697408 0.30351 -0.6856807 0.713916 0.14200723 254 101 101 255 0.03125 0.5
0.6531025 1.0697408 0.3035101 0.6856993 0.71389884 0.14200355 254 101 101 255 0.03125 1
-0.6531048 1.0709708 0.29102117 -0.68570065 0.7278837 2.574078e-07 254 101 101 255 0 0.5
-0.6531048 0.9441695 0.2785324 -0.68568027 -0.71391624 -0.14200778 254 101 101 255 0.79682165 0.014611542
-0.6531048 0.9944663 0.3538068 -0.6856692 -0.14200975 0.71392655 254 101 101 255 0.51461154 0.20317832
-0.6531048 1.0697408 0.30351 -0.6856807 0.713916 0.14200723 254 101 101 255 0.70317835 0.48538846
-0.3999744 0.7023097 1.3403915 -0.14514507 0.08258458 0.98595786 254 101 101 255 0.8333332 0.84463173
-0.5141098 0.8762423 1.297135 -0.28598356 0.17933838 0.9413029 254 101 101 255 0.95109224 0.9678203
-0.5241863 0.6858355 1.3142935 -0.25758743 0.067743056 0.96387744 254 101 101 255 0.9390361 0.8446318
-0.19726175 0.89322096 1.3313221 -0.069570325 0.20485231 0.97631735 254 101 101 255 0.6666667 0.96332264
-0.19866888 0.7171806 1.3552598 -0.07443818 0.09811732 0.992387 254 101 101 255 0.6666666 0.8446318
-0.29932165 0.70974505 1.3478256 -0.07985644 0.09104912 0.9926395 254 101 101 255 0.7499999 0.8446318
-0.3994722 0.8850347 1.3181204 -0.1321873 0.19258636 0.9723359 254 101 101 255 0.83333325 0.9660629
-0.29843405 -0.54237115 1.3682477 -0.10046452 -0.06802273 0.99261266 254 101 101 255 0.7480421 0.032969296
-0.39405987 -0.5992173 1.3547415 -0.13934967 -0.62836176 0.7653387 254 101 101 255 0.8333333 0
-0.29617605 -0.60620224 1.3635857 -0.1151499 -0.64314425 0.75703776 254 101 101 255 0.75 0
-0.19829223 -0.6131872 1.37243 -0.086172484 -0.6406019 0.7630226 254 101 101 255 0.6666666 0
-0.5546606 -0.5433234 1.3290095 -0.3144811 -0.09980974 0.9440019 254 101 101 255 0.9582496 0.05291355
-0.5764893 -0.59596384 1.3090659 -0.40562668 -0.57957935 0.7067919 254 101 101 255 1 0
-0.30375832 0.05210398 1.373975 -0.084429 0.0043576816 0.99642 254 101 101 255 0.74939954 0.41447008
-0.40861517 0.095828876 1.3648946 -0.17466003 0.020434244 0.98441684 254 101 101 255 0.8333332 0.44861168
-0.40780488 0.046016082 1.365385 -0.17584157 0.001038638 0.9844179 254 101 101 255 0.8321325 0.41447008
-0.19962896 0.10807739 1.3828707 -0.08309664 0.015354411 0.99642324 254 101 101 255 0.6666666 0.4486117
-0.19971174 0.05819176 1.382565 -0.07970226 0.000307933 0.99681866 254 101 101 255 0.6666666 0.41447008
-0.545938 0.09069357 1.3275789 -0.35409585 0.010477324 0.93515044 254 101 101 255 0.94739753 0.44861168
-0.5467386 0.03536163 1.3267748 -0.35624325 -0.0035458894 0.93438655 254 101 101 255 0.9472367 0.41447008
-0.30021727 0.5946964 1.354102 -0.084757134 0.054923736 0.9948868 254 101 101 255 0.7499999 0.7707469
-0.4015865 0.5876955 1.3458515 -0.15535991 0.047555055 0.98671263 254 101 101 255 0.8333332 0.7707468
-0.19884801 0.6016973 1.3623524 -0.07955473 0.06136162 0.99494016 254 101 101 255 0.6666666 0.77074695
-0.5282668 0.5732398 1.3166898 -0.2794305 0.02787 0.9597614 254 101 101 255 0.9406386 0.77074695
-0.7167196 -0.7791726 0.90265656 -0.702563 0.112882316 0.70261145 254 101 101 255 1 0.093385205
-0.6213231 -0.5241531 1.2965494 -0.95415723 0.22020644 0.20271443 254 101 101 255 1 0.093385205
-0.4001845 -0.4322895 1.3635497 -0.1672069 -0.024897026 0.9856075 254 101 101 255 0.8208405 0.09338521
-0.5569469 -0.49722853 1.3279108 -0.32669336 0.0018761548 0.9451285 254 101 101 255 0.94599247 0.093385205
-0.20049016 -0.4221233 1.3877288 -0.07893567 -0.03812802 0.9961503 254 101 101 255 0.6666666 0.09338521
-0.30033734 -0.42720643 1.3756392 -0.11501521 -0.035437252 0.9927315 254 101 101 255 0.74375355 0.09338521
-0.71550006 0.0877958 0.90414727 -0.64970213 0.30309245 0.6971529 254 101 101 255 1 0.4486117
-0.61042523 0.029951312 1.2949247 -0.82782555 -0.37455976 0.41762418 254 101 101 255 1 0.41447005
-0.60926646 0.08779583 1.2962172 -0.8147455 0.3942597 0.42514613 254 101 101 255 1 0.4486117
-0.6458972 1.1860224 0.87280947 -0.42260703 0.30275515 0.8542497 254 101 101 255 0.9904586 1
-0.75184065 0.99584913 0.83086556 -0.81690466 0.10410822 0.5672993 254 101 101 255 1 0.8446318
-0.7039414 0.9256372 0.8896722 -0.741297 -0.11943751 0.6604646 254 101 101 255 1 0.8446318
-0.60037524 -0.52456415 1.2906843 -0.7627546 0.38971114 -0.5160725 254 101 101 255 1 0.093385205
-0.5883186 0.08738468 1.2903521 -0.697367 0.5884711 -0.40912226 254 101 101 255 1 0.4486117
-0.21159081 -0.9886803 0.9555299 -0.06566411 -0.5469781 0.83456767 254 101 101 255 0.015872918 0
-0.293913 -0.6100389 1.3487891 -0.10619245 -0.8759076 0.47064748 254 101 101 255 0 0
-0.19634128 -0.6170019 1.3576056 -0.083975926 -0.8789365 0.46948782 254 101 101 255 0 0
-0.5635773 -0.6005622 1.2972592 -0.035372548 -0.8685413 0.4943529 254 101 101 255 0 0
-0.39936188 -0.95906204 0.9500828 -0.18476404 -0.5430905 0.819094 254 101 101 255 0 0
-0.3907612 -0.6030816 1.3399956 -0.1145531 -0.8823376 0.45646232 254 101 101 255 0 0
-0.2143587 -2.0064707 0.81751233 -0.009397415 -0.119478896 0.9927923 254 101 101 255 0 0
-0.2143587 -1.744685 0.86694944 -0.011377113 -0.15664604 0.9875893 254 101 101 255 0 0
-0.32412794 -1.9907991 0.81751233 -0.3013755 -0.09848149 0.94840616 254 101 101 255 0 0
-0.32434696 -1.7310923 0.86694944 -0.403853 -0.1436972 0.9034678 254 101 101 255 0 0
-0.6658517 -1.9408113 0.79757446 -0.2669122 -0.6739224 0.68890244 254 101 101 255 0 0
-0.35048264 -1.7278622 0.8390287 -0.41659006 -0.13983683 0.8982752 254 101 101 255 0 0
-0.6694691 -1.6740898 0.82639956 -0.32803714 -0.0904 0.94032943 254 101 101 255 0 0
-0.2979643 0.98434824 1.2810174 -0.08568738 0.91396725 0.3966379 254 101 101 255 0.75007623 1
-0.39634636 1.3027948 0.8775436 -0.15761565 0.56074333 0.81284946 254 101 101 255 0.830992 1
-0.39894977 0.9769345 1.2758051 -0.16716251 0.9138038 0.37016138 254 101 101 255 0.8332027 1
-0.19615844 1.3233119 0.87571234 -0.04301246 0.57475656 0.8171933 254 101 101 255 0.66628826 1
-0.1967162 0.991655 1.2861409 -0.05446783 0.91706055 0.39501038 254 101 101 255 0.6667465 1
-0.628575 1.1772355 0.8790302 -0.06171608 0.69405204 0.7172746 254 101 101 255 0.9813667 1
-0.54202586 0.9523089 1.25137 -0.054748736 0.9132136 0.4037866 254 101 101 255 0.98436767 1
-0.29807937 1.7788237 0.7977276 -0.031879917 0.17545676 0.9839709 254 101 101 255 0.75 1
-0.39933184 1.9960216 0.75726056 -0.04396699 0.6048708 0.795109 254 101 101 255 0.8333333 1
-0.39936852 1.7704319 0.796494 -0.037834737 0.16683649 0.9852584 254 101 101 255 0.8333333 1
-0.19682692 2.0109496 0.7578238 -0.03371523 0.65051126 0.758748 254 101 101 255 0.6666666 1
-0.19682692 1.7873627 0.80005044 -0.026570726 0.18230543 0.98288286 254 101 101 255 0.6666666 1
-0.6418219 1.4505646 0.83256084 -0.28779525 0.14379102 0.9468358 254 101 101 255 0.672619 0.6785714
-0.7217314 1.2731086 0.8122807 -0.7038947 0.11971202 0.7001438 254 101 101 255 0.9991386 1
-0.75896764 0.0877958 0.8474605 -0.8603838 0.015363668 0.5094152 254 101 101 255 1 0.4486117
-0.71665883 0.029951284 0.9028548 -0.6541928 -0.27976942 0.70268124 254 101 101 255 1 0.41447005
-0.7047955 -1.934963 0.7769958 -0.5978221 -0.6576959 0.45830664 254 101 101 255 0 0
-0.7597096 -0.7791726 0.85317755 -0.8508988 -0.018253393 0.5250125 254 101 101 255 1 0.093385205
-0.81883794 0.69407374 0.47596654 -0.99711096 -0.07161952 0.02530565 254 101 101 255 1 0.73889095
-0.7951374 0.6130076 0.66331995 -0.9991 -0.034329306 0.024911663 254 101 101 255 1 0.6968621
-0.8181006 0.8022106 0.5893405 -0.9974929 -0.009543176 0.07012079 254 101 101 255 1 0.75296867
-0.7510559 -0.8736374 0.85841036 -0.7836921 -0.08129826 0.61580634 254 101 101 255 1 0
-0.68032146 -0.87392515 0.9128746 -0.4661944 -0.27941486 0.8393988 254 101 101 255 1 0
-0.70825434 0.6130076 0.89507335 -0.3075228 0.019974288 0.9513311 254 101 101 255 0.9999999 0.696862
-0.74515843 -1.0053562 0.8488418 -0.7779008 -0.0834234 0.6228249 254 101 101 255 0 0
-0.68864816 -1.1412734 0.8755406 -0.38042265 -0.112972885 0.9178867 254 101 101 255 0 0
-0.6877175 -1.0070394 0.89431286 -0.40032881 -0.11771696 0.90877926 254 101 101 255 0 0
-0.6869372 -1.2734002 0.86212736 -0.38610256 -0.1058853 0.9163587 254 101 101 255 0 0
-0.7239242 -1.4002248 0.81586665 -0.74500364 -0.087247185 0.66133016 254 101 101 255 0 0
-0.67914754 -1.406766 0.8492734 -0.36480913 -0.107928656 0.9248059 254 101 101 255 0 0
-0.6733331 -1.5401403 0.8353427 -0.33420888 -0.09612011 0.9375849 254 101 101 255 0 0
-0.71523786 -1.6644267 0.79542136 -0.7262426 -0.07401938 0.6834419 254 101 101 255 0 0
-0.3963223 -1.0335773 0.9337318 -0.15048622 -0.14587846 0.97779006 254 101 101 255 0 0
-0.3740936 -1.3347403 0.8925901 -0.30057147 -0.13375188 0.94433427 254 101 101 255 0 0
-0.35613558 -1.5971926 0.8601531 -0.36485437 -0.14011313 0.92046165 254 101 101 255 0 0
-0.33693242 -1.208501 0.92798287 -0.20344466 -0.117350265 0.9720284 254 101 101 255 0 0
-0.2143587 -1.0464486 0.9506918 -0.01936614 -0.054531395 0.99832433 254 101 101 255 0 0
-0.3354742 -1.0397395 0.94552505 -0.12768023 -0.068236 0.9894654 254 101 101 255 0 0
-0.33054647 -1.4707693 0.8999464 -0.3281193 -0.12111639 0.93683976 254 101 101 255 0 0
-0.2143587 -1.352007 0.9139647 -0.0061751935 -0.1065055 0.994293 254 101 101 255 0 0
-0.3351946 -1.3397387 0.9139647 -0.26703453 -0.11889835 0.9563241 254 101 101 255 0 0
-0.2143587 -1.6137923 0.883448 -0.008302325 -0.12517773 0.9920997 254 101 101 255 0 0
-0.32566878 -1.6011037 0.883448 -0.3351544 -0.13627361 0.9322559 254 101 101 255 0 0
-0.2143587 -1.2211143 0.92798287 -0.006798004 -0.11741722 0.9930594 254 101 101 255 0 0
-0.2143587 -1.4828995 0.8999464 -0.0071008787 -0.11616406 0.99320465 254 101 101 255 0 0
-0.81077284 0.63244796 0.34334472 -0.9653186 -0.22309412 -0.13560617 254 101 101 255 1 0.7273173
-0.80310655 0.6102107 0.4307163 -0.98669744 -0.1625548 -0.0020686595 254 101 101 255 0.99999994 0.696862
-0.8182309 0.66097397 0.41691476 -0.99314475 -0.11641518 -0.010546726 254 101 101 255 1 0.7335252
-0.6238772 -1.8021419 0.31768814 -0.06507765 -0.2813853 -0.9573857 254 101 101 255 0 0
-0.35048264 -1.861872 0.37000248 -0.036114987 -0.4032503 -0.91437685 254 101 101 255 0 0
-0.6658517 -1.8437612 0.37000248 -0.10058032 -0.31727538 -0.9429846 254 101 101 255 0 0
-0.79231465 0.61300755 0.28914717 -0.9889197 -0.08582855 -0.12112611 254 101 101 255 1 0.6968621
-0.7911715 0.5946896 0.26753846 -0.6846949 0.01508056 -0.7286738 254 101 101 255 1 0.7436765
-0.7925273 0.5945835 0.28917253 -0.99944526 0.01149347 -0.031259757 254 101 101 255 1 0.6881536
-0.31484723 -1.8669596 0.37000248 -0.043724164 -0.38118923 -0.9234625 254 101 101 255 0 0
-0.21435869 -1.8217561 0.31768814 -0.05900467 -0.3745927 -0.9253102 254 101 101 255 0 0
-0.21435869 -1.8813062 0.37000248 -0.02691421 -0.34039843 -0.93989605 254 101 101 255 0 0
-0.6814063 -1.7645316 0.32151204 -0.24606979 0.21129988 -0.9459398 254 101 101 255 0 0
-0.72496593 -1.8268988 0.3708985 -0.15212221 -0.16009061 -0.97531015 254 101 101 255 0 0
-0.79837704 0.029951356 0.2898702 -1 0 0 254 101 101 255 1 0.41447005
-0.79837704 -0.77917266 0.2626842 -0.70329666 -5.3671197e-08 -0.71089655 254 101 101 255 1 0.093385205
-0.79837704 -0.77917266 0.28996426 -1 0 0 254 101 101 255 1 0.093385205
-0.7475841 -1.7757573 0.37144992 -0.80451906 -0.031226082 -0.59310555 254 101 101 255 0 0
-0.7900592 -0.9545448 0.264457 -0.60258734 -0.05287236 -0.7962997 254 101 101 255 0 0
-0.7970932 -1.0073357 0.29361784 -0.9452752 -0.05342356 -0.32187095 254 101 101 255 0 0
-0.7977351 -0.94063044 0.29179105 -0.9872615 -0.017744215 -0.15811424 254 101 101 255 0 0
-0.39933184 1.8145031 0.3008425 -0.030629354 0.7052769 -0.70827 254 101 101 255 0.8333333 1
-0.61741984 1.8049635 0.32509837 -0.08518693 0.6916976 -0.7171455 254 101 101 255 0 0
-0.39933184 1.8145031 0.32509837 -0.03439363 0.7079245 -0.7054503 254 101 101 255 0.83333325 1
-0.73803425 1.5300317 0.3216854 -0.9806414 0.1934499 -0.030327898 254 101 101 255 0.6293587 0.6293587
-0.76352483 1.4124538 0.30033898 -0.7408239 0.104147136 -0.66357625 254 101 101 255 0.9488493 0.9488493
-0.763141 1.399709 0.31997895 -0.98662996 0.15892804 -0.03610168 254 101 101 255 0.9440381 0.9440381
-0.79837704 -0.8739252 0.28996426 -0.9999885 -0.0048116692 3.6327094e-10 254 101 101 255 1 0
-0.19682693 1.8235129 0.32509837 -0.015417306 0.70188683 -0.7121217 254 101 101 255 0.6666666 1
-0.61741984 1.8049635 0.3008425 -0.08821298 0.71995324 -0.68839365 254 101 101 255 0 0
-0.6878208 1.7906772 0.32509837 -0.36394742 0.37829825 -0.85113615 254 101 101 255 0 0
-0.79837704 0.08779576 0.2626841 -0.7028861 0.0061889947 -0.7112756 254 101 101 255 1 0.4486117
-0.79837704 0.08779576 0.2898702 -0.9999794 0.0064196796 -0.00042487547 254 101 101 255 1 0.4486117
-0.29807937 1.819008 0.3008425 -0.031373423 0.7051512 -0.70836264 254 101 101 255 0.75 1
-0.29807937 1.819008 0.32509837 -0.03142924 0.706402 -0.7071128 254 101 101 255 0.74999994 1
-0.29807937 2.0164332 0.72577816 -0.05318071 0.94519275 0.32215312 254 101 101 255 0.75 1
-0.39933184 2.021946 0.69458824 -0.044610262 0.9788807 0.1995056 254 101 101 255 0.83333325 1
-0.39933184 2.0104487 0.7259244 -0.05145567 0.9234318 0.38029715 254 101 101 255 0.83333325 1
-0.78061295 0.087795794 0.7979348 -0.91683525 0.011645743 0.39909616 254 101 101 255 1 0.44861168
-0.8022583 0.02995139 0.74840903 -0.9809951 0.0013409301 0.19402829 254 101 101 255 1 0.41447008
-0.7809839 0.029951394 0.79832613 -0.91953695 0.006010003 0.3929576 254 101 101 255 1 0.41447008
-0.6240446 2.000335 0.72322154 -0.1253252 0.9013895 0.41447636 254 101 101 255 0 0
-0.6878208 2.00105 0.69458824 -0.66547036 0.73276883 0.14212392 254 101 101 255 0 0
-0.68645346 1.9891402 0.71438146 -0.73199236 0.49642655 0.46663466 254 101 101 255 0 0
-0.19682693 2.0224175 0.72620606 -0.0347721 0.9748503 0.2201317 254 101 101 255 0.6666666 1
-0.7809839 -0.7791726 0.8016329 -0.92251045 -0.009451214 0.38585666 254 101 101 255 1 0.093385205
-0.8022583 -0.87392515 0.7500881 -0.9774242 -0.040016968 0.20746274 254 101 101 255 1 0
-0.7766571 -0.87378114 0.80424917 -0.9042795 -0.054741777 0.4234172 254 101 101 255 1 0
-0.7531609 -1.26865 0.78718823 -0.8771752 -0.07794894 0.47380129 254 101 101 255 0 0
-0.76555276 -1.4002249 0.746425 -0.89563006 -0.07276313 0.43880782 254 101 101 255 0 0
-0.74473846 -1.4002249 0.7811458 -0.8552965 -0.0726606 0.5130189 254 101 101 255 0 0
-0.72906566 1.5175469 0.7473495 -0.8806395 0.115826346 0.45941108 254 101 101 255 0.6666666 0.6666666
-0.7714872 1.2817502 0.7213926 -0.9503099 0.10359351 0.2935635 254 101 101 255 0.99999994 0.99999994
-0.7503718 1.2817502 0.76383346 -0.8717348 0.09913838 0.47984383 254 101 101 255 1 1
-0.7379787 -1.532063 0.775195 -0.8540794 -0.067073755 0.5158 254 101 101 255 0 0
-0.74719995 -1.6633749 0.7430671 -0.9256962 -0.090907104 0.36718175 254 101 101 255 0 0
-0.73121893 -1.6639009 0.7692442 -0.85232174 -0.070158705 0.51829094 254 101 101 255 0 0
-0.61741984 2.0124063 0.69458824 -0.106003866 0.9726435 0.2067075 254 101 101 255 0 0
-0.7691202 -1.005428 0.7987399 -0.89964515 -0.06955186 0.43104666 254 101 101 255 0 0
-0.78390557 -1.137075 0.7471881 -0.95254654 -0.06355317 0.2976848 254 101 101 255 0 0
-0.7615833 -1.1370748 0.79323065 -0.8955684 -0.07360397 0.43879348 254 101 101 255 0 0
-0.72496593 -1.9265249 0.74154073 -0.7916324 -0.5884729 0.16437107 254 101 101 255 0 0
-0.7148807 -1.9307439 0.7592683 -0.6957876 -0.6739312 0.24838768 254 101 101 255 0 0
-0.2143587 -2.0064707 0.7475473 -0.07453879 -0.99587184 -0.05180127 254 101 101 255 0 0
-0.2143587 -2.0064707 0.79165566 -0.050180893 -0.670668 -0.7400584 254 101 101 255 0 0
-0.8022583 -0.7791726 0.75008816 -0.9822188 0.00038282762 0.18773966 254 101 101 255 1 0.09338521
-0.6658517 -1.9408114 0.7484305 0.055561934 -0.97299445 -0.22404216 254 101 101 255 0 0
-0.6658517 -1.9408114 0.7730025 -0.15855195 -0.9873154 -0.0083521865 254 101 101 255 0 0
-0.3346796 -1.9908079 0.7913665 0.5127284 -0.6222107 -0.59157705 254 101 101 255 0 0
-0.77534795 0.6130076 0.7862749 -0.92492896 0.016236063 0.37979308 254 101 101 255 1 0.6968621
-0.8022583 0.087795794 0.74840903 -0.98004377 0.007533689 0.19863935 254 101 101 255 1 0.44861168
-0.35048264 -1.9870365 0.7685465 -0.78425676 -0.62043643 4.684165e-08 254 101 101 255 0 0
-0.78646207 1.3106587 0.4095404 -0.71415055 -0.5782138 -0.39453495 254 101 101 255 1 1
-0.79197603 1.316205 0.4668396 -0.9930826 0.11070413 -0.0391361 254 101 101 255 0.9480108 0.9480108
-0.7850584 1.3435624 0.40955433 -0.9896726 0.10770683 -0.09459116 254 101 101 255 0.9540631 0.9540631
-0.29807937 1.9260643 0.4672761 -0.037501667 0.94114685 0.33591112 254 101 101 255 0.74999994 1
-0.39933184 1.9951218 0.5262671 -0.036274098 0.85954905 -0.50976443 254 101 101 255 0.83333325 0.99999994
-0.29807937 1.9978737 0.5262671 0.016181003 0.86079377 -0.5086966 254 101 101 255 0.7499999 1
-0.79837704 0.08779577 0.47654808 -0.999992 -0.000283684 -0.004011059 254 101 101 255 1 0.44861168
-0.8011998 0.029951384 0.67426515 -0.99989814 -9.992642e-06 -0.0142739 254 101 101 255 1 0.41447008
-0.8011998 0.08779579 0.67426515 -0.9998823 0.0056152134 -0.014280023 254 101 101 255 1 0.4486117
-0.61741984 1.9120197 0.4672761 -0.118742704 0.93012494 0.34751686 254 101 101 255 0 0
-0.6878208 1.971296 0.5262672 -0.6547707 0.6462539 -0.3919582 254 101 101 255 0 0
-0.61741984 1.9855822 0.5262671 -0.1039804 0.8600319 -0.49953312 254 101 101 255 0 0
-0.19682693 1.994131 0.5262671 0.013752174 0.8765809 -0.4810582 254 101 101 255 0.6666666 1
-0.79837704 -0.7791726 0.47728738 -0.99997467 -5.80121e-06 -0.007116972 254 101 101 255 1 0.093385205
-0.8011998 -0.87392515 0.6756879 -0.99997276 0.00021509145 -0.007376243 254 101 101 255 1 0
-0.8011998 -0.7791726 0.67568797 -0.99989885 -1.3053864e-05 -0.014225839 254 101 101 255 0.99999994 0.0933852
-0.8007874 -1.2945838 0.6137305 -0.73764443 -0.2722308 -0.6178763 254 101 101 255 0 0
-0.79515666 -1.4002254 0.6725839 -0.978369 -0.062228154 0.19728607 254 101 101 255 0 0
-0.8019567 -1.2799599 0.6509864 -0.990612 -0.022075266 0.13491015 254 101 101 255 0 0
-0.76196945 1.4797307 0.5559921 -0.9866607 0.1556686 0.047624957 254 101 101 255 0.62571687 0.62571687
-0.80251026 1.2339481 0.5708546 -0.99226093 0.09971838 0.073991045 254 101 101 255 0.9385753 0.9385753
-0.7823248 -1.6128178 0.61626905 -0.98791796 -0.11941068 0.09878872 254 101 101 255 0 0
-0.7770814 -1.6419132 0.5389082 -0.7384236 0.45268628 -0.49980572 254 101 101 255 0 0
-0.77517027 -1.678313 0.55919313 -0.98775333 -0.15339683 0.028512085 254 101 101 255 0 0
-0.39933184 1.9215593 0.4672761 -0.041569676 0.9424645 0.33171174 254 101 101 255 0.83333325 1
-0.8043337 -1.0250401 0.63314664 -0.9981715 0.00426275 0.060294818 254 101 101 255 0 0
-0.810748 -1.1027362 0.47600996 -0.9998728 -0.008429201 0.01353954 254 101 101 255 0 0
-0.80746764 -1.1761551 0.5906053 -0.9980738 -0.020242158 0.05864394 254 101 101 255 0 0
-0.72496593 -1.9265249 0.6066142 -0.6982168 -0.70757306 -0.10878357 254 101 101 255 0 0
0 -2.0108664 0.81751233 0 -0.12117735 0.9926309 254 101 101 255 0 0
-0.6658517 -1.9233508 0.5562011 -0.14506593 -0.8208317 -0.5524411 254 101 101 255 0 0
-0.6658517 -1.9408114 0.6066142 0.05764609 -0.9975646 0.03926704 254 101 101 255 0 0
-0.33492061 -1.98101 0.58700913 0.52862924 -0.6565374 0.5380612 254 101 101 255 0 0
-0.21615939 -2.010381 0.58579844 -0.05830693 -0.74725306 0.6619768 254 101 101 255 0 0
-0.21435869 -1.9896526 0.5870092 -0.040251765 -0.7543139 0.6552788 254 101 101 255 0 0
-0.34790635 -1.9695759 0.55769444 -0.2970251 -0.5163419 -0.8032231 254 101 101 255 0 0
-0.35048264 -1.9870365 0.60661423 -0.94759434 -0.29602408 0.1201451 254 101 101 255 0 0
-0.7924806 0.59863377 0.34389833 -0.9746625 -0.21292232 -0.06853668 254 101 101 255 1 0.69006807
-0.73085696 1.8139964 0.36674744 -0.9954147 0.07871055 -0.054353017 254 101 101 255 0 0
-0.6976244 1.9734025 0.32846707 -0.60100216 0.34297952 -0.7219152 254 101 101 255 0 0
-0.73085696 1.7906772 0.32509837 -0.72304213 0.03635566 -0.68984663 254 101 101 255 0 0
-0.79837704 0.087795764 0.4294255 -0.9999948 8.667261e-05 -0.0032474352 254 101 101 255 1 0.44861168
-0.79837704 0.02995137 0.47654808 -0.9999746 -3.2591593e-06 -0.0071355756 254 101 101 255 1 0.41447005
-0.7157883 1.8977334 0.4672761 -0.67015326 0.15728694 0.72536576 254 101 101 255 0 0
-0.69649273 1.992531 0.41887403 -0.7716312 0.5967166 0.22026035 254 101 101 255 0 0
-0.73085696 1.8510951 0.4199328 -0.99144506 0.11964355 0.052175153 254 101 101 255 0 0
-0.19682693 1.9305692 0.4672761 0.00021119586 0.93194884 0.3625898 254 101 101 255 0.6666666 1
-0.29807937 2.0048256 0.4672761 -0.015637988 0.5237119 0.8517519 254 101 101 255 0.74999994 1
-0.79837704 -0.7791726 0.43000194 -1 0 0 254 101 101 255 1 0.093385205
-0.79837704 -0.87392515 0.47728738 -0.99966097 0.02600608 -0.0012965942 254 101 101 255 1 0
-0.8099396 -1.10903 0.42444795 -0.6972459 -0.6504705 -0.3012249 254 101 101 255 0 0
-0.80875987 -1.1369591 0.47597027 -0.7093664 -0.5946388 -0.37842312 254 101 101 255 0 0
-0.75725764 1.5100478 0.46698508 -0.98471427 0.17292441 -0.02085637 254 101 101 255 0.6320072 0.6320072
-0.6805495 1.9713688 0.4672761 -0.4366945 0.3695775 0.8201893 254 101 101 255 0 0
-0.6878208 1.8977334 0.4672761 -0.63738465 0.30435583 0.70789003 254 101 101 255 0 0
-0.6448521 1.9929171 0.4672761 -0.14582244 0.54203343 0.82760835 254 101 101 255 0 0
-0.8045625 -0.98833054 0.4766487 -0.99807096 0.056746475 0.025187049 254 101 101 255 0 0
-0.8120692 -1.0722861 0.42390668 -0.99977475 0.0043525924 0.020774404 254 101 101 255 0 0
-0.72496593 -1.8324001 0.48727363 -0.72064936 -0.63242865 -0.28407484 254 101 101 255 0 0
-0.72496593 -1.9090643 0.5562011 -0.6434322 -0.63530135 -0.42706814 254 101 101 255 0 0
-0.21435869 -1.9890101 0.5562012 -0.02651016 -0.24636354 -0.9688149 254 101 101 255 0 0
-0.6658517 -1.8466866 0.48727363 -0.13074027 -0.8690595 -0.47711906 254 101 101 255 0 0
-0.31631035 -1.9732356 0.55745244 -0.04388839 -0.26606134 -0.9629565 254 101 101 255 0 0
-0.21435869 -1.8842316 0.4872737 -0.07095741 -0.83753204 -0.5417612 254 101 101 255 0 0
-0.8010529 0.6118917 0.47596738 -0.99195075 -0.11698758 0.0484543 254 101 101 255 1 0.6968621
-0.35048264 -1.8647974 0.48727363 -0.094418146 -0.8490134 -0.5198668 254 101 101 255 0 0
-0.5539198 0.947102 1.26663 -0.53189224 0.5450756 0.6480613 254 101 101 255 1 1
-0.5958253 0.67562747 1.2927934 -0.8802345 -0.33791682 0.333166 254 101 101 255 1 0.8446318
-0.61458457 1.9941223 0.4672761 -0.018144058 0.5217672 0.852895 254 101 101 255 0 0
-0.79837704 0.087795764 0.3460548 -0.99998343 0.0057710446 -3.6906123e-08 254 101 101 255 1 0.44861168
-0.79837704 0.029951366 0.4294255 -1 0 0 254 101 101 255 1 0.41447005
-0.65947056 2.0148132 0.36739677 -0.26474714 0.9340052 -0.23988175 254 101 101 255 0 0
-0.66017675 2.017285 0.4199328 -0.30479997 0.9256047 0.22439499 254 101 101 255 0 0
-0.6144306 1.9957076 0.32857767 -0.033678114 0.5040037 -0.8630447 254 101 101 255 0 0
-0.79837704 -0.77917266 0.34634307 -1 0 0 254 101 101 255 1 0.093385205
-0.79837704 -0.87392515 0.43000194 -0.99931765 0.03685546 0.0024689445 254 101 101 255 1 0
-0.81124574 -1.0747466 0.34466198 -0.6972284 -0.6149497 -0.36838776 254 101 101 255 0 0
-0.75517315 1.5127399 0.4130138 -0.9785298 0.18968244 -0.08062255 254 101 101 255 0.63604206 0.63604206
-0.7759224 1.3711671 0.35852107 -0.97925353 0.1160951 -0.16608584 254 101 101 255 0.9435171 0.9435171
-0.8052231 -0.9731056 0.4269543 -0.99733055 0.06772019 0.027310925 254 101 101 255 0 0
-0.8132308 -1.0405548 0.34455144 -0.98680043 0.0019443809 -0.16193013 254 101 101 255 0 0
-0.77133286 -1.7354403 0.45811355 -0.9829104 -0.18062226 -0.035535168 254 101 101 255 0 0
-0.77307284 -1.7241793 0.48283455 -0.9679394 -0.23788275 0.08065454 254 101 101 255 0 0
-0.6658517 -1.8437612 0.4673653 -0.109176286 -0.7298941 0.6747854 254 101 101 255 0 0
-0.31484723 -1.869885 0.48727363 -0.11951643 -0.83983916 -0.52951485 254 101 101 255 0 0
-0.21435869 -1.8813062 0.4673653 -0.060673904 -0.7417714 0.66790265 254 101 101 255 0 0
-0.35048264 -1.861872 0.4673653 -0.0757969 -0.76154345 0.64366645 254 101 101 255 0 0
-0.7925874 0.99584913 0.72780335 -0.95927805 0.049519636 0.2780892 254 101 101 255 1 0.8446318
-0.77221406 0.99584913 0.7793345 -0.9261384 0.060587287 0.37228608 254 101 101 255 1 0.8446318
-0.79837704 0.02995136 0.3460548 -1 0 0 254 101 101 255 1 0.41447005
-0.6592916 1.9939795 0.3289554 -0.15947998 0.55769384 -0.81458193 254 101 101 255 0 0
-0.39933184 2.0005019 0.4672761 -0.01873388 0.51893795 0.8546066 254 101 101 255 0.83333325 1
-0.79837704 -0.8739252 0.34634307 -0.9994424 0.030704547 -0.013118305 254 101 101 255 1 0
-0.7817414 -1.0351646 0.2662298 -0.430328 -0.45724788 -0.77829456 254 101 101 255 0 0
-0.7465552 1.5187769 0.36126316 -0.9698444 0.19398454 -0.1475527 254 101 101 255 0.62901133 0.62901133
-0.8058039 -0.95723987 0.34544724 -0.99486077 0.06880161 -0.0742866 254 101 101 255 0 0
-0.35048264 -2.00881 0.46736532 -0.06392386 -0.47972062 0.87508976 254 101 101 255 0 0
-0.31484723 -1.8669596 0.4673653 -0.10689026 -0.7486955 0.6542398 254 101 101 255 0 0
-0.7067357 -1.9689479 0.37089851 -0.45675778 -0.4796169 -0.7492263 254 101 101 255 0 0
-0.70682156 -1.9708548 0.46736532 -0.44755685 -0.49305913 0.7460467 254 101 101 255 0 0
-0.72496593 -1.8294747 0.4673653 -0.51732576 -0.46460828 0.71868855 254 101 101 255 0 0
-0.76341665 -1.7488794 0.42922568 -0.9673755 -0.043278016 -0.2496234 254 101 101 255 0 0
-0.75838125 -1.8885458 0.45811358 -0.80414325 -0.23667838 0.5452862 254 101 101 255 0 0
-0.31484723 -2.015206 0.3700025 -0.058238912 -0.51132554 -0.8574115 254 101 101 255 0 0
-0.7905104 0.6411941 0.26798382 -0.5298651 0.41159895 -0.7415048 254 101 101 255 1 0.77074695
-0.8088024 0.6750978 0.33894998 -0.6819169 0.6087442 -0.40548718 254 101 101 255 1 0.77074695
-0.8158929 0.71011645 0.40987223 -0.69980145 0.6155631 -0.3624364 254 101 101 255 1 0.7707469
-0.81646115 0.7448544 0.46983543 -0.7217026 0.5367781 -0.43705225 254 101 101 255 1 0.77074695
-0.8153992 0.83202314 0.5475541 -0.757898 0.3019911 -0.57826656 254 101 101 255 1 0.77074695
-0.77378094 0.8044284 0.78280467 -0.9274533 0.014366811 0.37366325 254 101 101 255 1 0.77074695
-0.7961959 0.6130076 0.7354921 -0.982491 0.014055513 0.18577956 254 101 101 255 0.99999994 0.69686204
-0.7676059 1.3794364 0.30236894 -0.6875399 -0.29489142 -0.6635722 254 101 101 255 1 1
-0.70609784 0.76932234 0.8923728 -0.30150077 0.018837916 0.9532799 254 101 101 255 0.99999994 0.7707469
-0.7545 0.6130076 0.83705777 -0.861448 0.017438283 0.5075465 254 101 101 255 1 0.6968621
-0.68299353 0.92522603 0.8838071 -0.4339777 -0.7114724 0.5526938 254 101 101 255 1 0.8446318
-0.5323472 0.4606441 1.3190861 -0.30871704 0.02875599 0.95071924 254 101 101 255 0.94224113 0.6968621
-0.19902712 0.48621425 1.369445 -0.08443504 0.047530115 0.99529475 254 101 101 255 0.6666666 0.6968621
-0.30412206 0.101953134 1.3738827 -0.08624808 0.018421266 0.99610347 254 101 101 255 0.7499999 0.44861168
-0.4031986 0.4730812 1.3513117 -0.16612922 0.041011505 0.9852509 254 101 101 255 0.8333332 0.696862
-0.6008407 0.45823035 1.2912313 -0.9973263 0.032877233 -0.06526417 254 101 101 255 1 0.6968621
-0.598333 0.566929 1.2920123 -0.9984672 0.0405989 -0.0376177 254 101 101 255 1 0.77074695
-0.39771286 -0.5465771 1.3580585 -0.14556849 -0.0587108 0.9876047 254 101 101 255 0.8294175 0.029270478
-0.19915526 -0.5381652 1.3784372 -0.06759901 -0.0778742 0.9946688 254 101 101 255 0.6666666 0.036668114
-0.63066936 1.9853337 0.7518548 -0.19557643 0.572035 0.7965714 254 101 101 255 0 0
-0.6407362 1.7162088 0.7922115 -0.25996742 0.14678279 0.954396 254 101 101 255 0.3333333 0.3333333
-0.39933184 0.9745657 1.2937002 -0.15793078 0.7431009 0.65027606 254 101 101 255 0.8333333 1
-0.19682692 0.9891979 1.3039622 -0.06547121 0.75912994 0.6476383 254 101 101 255 0.6666666 1
-0.29836696 0.8891278 1.3247212 -0.07219367 0.19909878 0.9773166 254 101 101 255 0.75 0.9646928
-0.7936677 1.2772249 0.46766233 -0.72494036 -0.51580364 -0.45651743 254 101 101 255 1 1
-0.78526545 1.2578492 0.6461236 -0.9800621 0.11713587 0.16049142 254 101 101 255 0.96928763 0.96928763
-0.81123865 0.9958117 0.6302777 -0.99490595 0.04135015 0.09193687 254 101 101 255 1 0.8446318
-0.801913 0.99583036 0.6790405 -0.981134 0.046638463 0.18761948 254 101 101 255 1 0.8446318
-0.8016143 0.8037527 0.6882954 -0.9868107 -0.015294779 0.16115452 254 101 101 255 1 0.765331
-0.7956667 0.6130076 0.699406 -0.9999664 -0.0008275023 -0.008160004 254 101 101 255 1 0.6968621
-0.6658517 -1.9408114 0.6775223 0.41439435 -0.9100974 6.871044e-08 254 101 101 255 0 0
-0.64016247 -1.891361 0.7402592 -0.082377106 -0.93644804 -0.34099716 254 101 101 255 0 0
-0.8017291 0.08779579 0.7113371 -0.99988246 0.0056018066 -0.014279939 254 101 101 255 1 0.44861168
-0.33474874 -1.9866738 0.666887 0.64525473 -0.7621457 -0.052729268 254 101 101 255 0 0
-0.21435869 -1.9980617 0.66727823 -0.06294001 -0.99310607 -0.09888841 254 101 101 255 0 0
-0.72496593 -1.9265249 0.67407745 -0.7491725 -0.6622993 0.010017589 254 101 101 255 0 0
-0.8017291 0.029951388 0.7113371 -0.9998982 -1.3132387e-05 -0.014276337 254 101 101 255 1 0.41447008
-0.8017291 -0.7791726 0.71288806 -0.99989885 -1.4175836e-05 -0.014225068 254 101 101 255 1 0.093385205
-0.7647624 -1.6380963 0.67966807 -0.9680594 -0.12724093 0.21603434 254 101 101 255 0 0
-0.7956866 -1.156615 0.6688967 -0.9857822 -0.023145892 0.16642654 254 101 101 255 0 0
-0.79870784 -1.0152702 0.69089234 -0.99396604 -0.03635074 0.10348965 254 101 101 255 0 0
-0.6659525 1.9901285 0.6077007 0.47081494 0.8680738 -0.1574203 254 101 101 255 8.589882e-05 0.0001030786
-0.6482825 1.9350986 0.547427 -0.051235374 0.97871506 0.19872576 254 101 101 255 0 0
-0.6664098 1.9769194 0.53349245 0.056152124 0.99591285 0.07074282 254 101 101 255 0 0
-0.7724021 -1.5227556 0.70068234 -0.94337165 -0.107855275 0.31371507 254 101 101 255 0 0
-0.7527839 1.5006237 0.63422495 -0.98751163 0.13586017 0.07976746 254 101 101 255 0.6461917 0.6461917
-0.78834295 -1.2743049 0.69889647 -0.96028227 -0.007188987 0.27893797 254 101 101 255 0 0
-0.78035474 -1.4002252 0.7095044 -0.92925644 -0.06915658 0.3629048 254 101 101 255 0 0
-0.8017291 -0.87392515 0.712888 -0.9997537 -0.02126428 -0.0063566403 254 101 101 255 1 0
-0.19682693 2.009008 0.6104277 0.014924333 0.9838767 -0.17822488 254 101 101 255 0.6666666 1
-0.61715245 2.0131416 0.68191004 -0.08778174 0.72704643 -0.6809536 254 101 101 255 0.001027413 0.0012328957
-0.6474438 1.9593261 0.6835358 -0.04447262 0.8621479 -0.504701 254 101 101 255 0.00017179764 0.0002061572
-0.6654952 2.0033379 0.68190897 0.09370882 0.92183584 -0.37608182 254 101 101 255 0.00017179764 0.0002061572
-0.6175722 1.9868329 0.53349197 -0.10680863 0.8568897 0.50431323 254 101 101 255 0 0
-0.7621315 -1.7140193 0.41858244 -0.6609166 0.5903038 -0.4633905 254 101 101 255 0 0
-0.77251285 -1.7036977 0.44539514 -0.73660547 0.54794204 -0.39644936 254 101 101 255 0 0
-0.77484185 -1.693805 0.46842957 -0.75421613 0.5448962 -0.36639637 254 101 101 255 0 0
-0.7884278 -1.5137112 0.6566187 -0.98020035 -0.10153357 0.16999532 254 101 101 255 0 0
-0.78351784 -1.5873384 0.58285636 -0.74584967 0.28724417 -0.6009984 254 101 101 255 0 0
-0.78884083 -1.5009785 0.6185876 -0.73727536 0.123116046 -0.66427964 254 101 101 255 0 0
-0.7563764 -1.5317998 0.744746 -0.90654975 -0.07859308 0.4147176 254 101 101 255 0 0
-0.36252835 -1.4673983 0.8754925 -0.36683667 -0.126943 0.92158365 254 101 101 255 0 0
-0.719581 -1.5323256 0.805644 -0.7224203 -0.08260148 0.6865027 254 101 101 255 0 0
-0.805496 -1.2053888 0.55874294 -0.7255571 -0.47421873 -0.49868175 254 101 101 255 0 0
-0.77472913 -1.26865 0.74680656 -0.9289906 -0.04998518 0.3667124 254 101 101 255 0 0
-0.3850779 -1.2028383 0.9096946 -0.23990172 -0.13246883 0.9617168 254 101 101 255 0 0
-0.73159266 -1.2686499 0.82757 -0.7629854 -0.09475743 0.63943297 254 101 101 255 0 0
-0.58947736 0.029540159 1.2890596 -0.72041637 -0.56591135 -0.40092963 254 101 101 255 1 0.41447005
-0.7531703 0.8044284 0.83396167 -0.8594648 0.01603545 0.5109435 254 101 101 255 1 0.77074695
-0.7776445 1.3319165 0.3598965 -0.6501716 -0.5919126 -0.47635746 254 101 101 255 1 1
-0.79439163 0.8044284 0.73164773 -0.96417826 0.006500552 0.26517543 254 101 101 255 1 0.77074695
-0.30111286 0.47964773 1.3603784 -0.09024151 0.04456809 0.99492216 254 101 101 255 0.7499999 0.69686204
-0.8025676 1.2101771 0.54286975 -0.79060435 -0.24191757 -0.562513 254 101 101 255 1 1
-0.7676059 1.3626465 0.32193753 -0.6641249 -0.49298266 -0.56205535 254 101 101 255 0.99999994 0.99999994
-0.29807937 2.0127506 0.6104277 0.053420324 0.98425496 -0.16848882 254 101 101 255 0.7499999 1
-0.34970707 -1.9903042 0.55648375 -0.63307863 -0.4000409 -0.66270566 254 101 101 255 0 0
-0.29807937 0.9818818 1.2988312 -0.08825764 0.7506911 0.6547316 254 101 101 255 0.75 1
-0.21435869 -2.0236166 0.3700025 -0.026433567 -0.51040953 -0.8595251 254 101 101 255 0 0
-0.7225392 1.7038906 0.4671306 -0.89334965 -0.14825957 0.42420006 254 101 101 255 0.3160036 0.3160036
-0.7305572 1.6819174 0.4164733 -0.6993496 -0.6817814 0.21467258 254 101 101 255 0.318021 0.318021
-0.72149694 1.6819174 0.4164733 -0.7861189 -0.5907491 0.18174888 254 101 101 255 0.31802103 0.31802103
-0.29807937 2.0085287 0.32509837 -0.015823916 0.53001136 -0.84784293 254 101 101 255 0.74999994 1
-0.39933184 2.004205 0.32509837 -0.024182314 0.5230487 -0.85195965 254 101 101 255 0.83333325 1
-0.32592866 -2.0115275 0.81630164 -0.2952858 -0.62245065 0.7248183 254 101 101 255 0 0
-0.35048264 -1.9870365 0.6765949 -0.99871504 -0.050677832 3.82607e-09 254 101 101 255 0 0
-0.35228336 -2.0077648 0.74536484 -0.81082773 -0.585285 4.418779e-08 254 101 101 255 0 0
-0.35048264 -1.9870365 0.7465756 -0.9157462 -0.3275966 -0.23257153 254 101 101 255 0 0
-0.29807937 2.0246978 0.69458824 0.010432961 0.9964853 0.08311639 254 101 101 255 0.74999994 1
-0.19682693 1.8235129 0.3008425 -0.015632357 0.7108092 -0.70321125 254 101 101 255 0.6666666 1
-0.31484723 -1.8163643 0.31768814 -0.020819718 -0.12382654 -0.99208546 254 101 101 255 0 0
-0.29807937 2.0034857 0.7569681 -0.04677157 0.6268418 0.7777415 254 101 101 255 0.75 1
-0.29677662 1.3126749 0.8753868 -0.05210579 0.5791877 0.8135273 254 101 101 255 0.74909925 0.99999994
-0.3318228 -0.9695298 0.9518751 -0.10904873 -0.5465233 0.8303136 254 101 101 255 0 0
-0.33499432 -0.9842028 0.94643986 -0.08297177 -0.19782253 0.97672 254 101 101 255 0 0
-0.40287355 -0.9733924 0.9443778 -0.13288423 -0.25152177 0.9586859 254 101 101 255 0 0
-0.8011998 -0.87392515 0.6756879 -0.99997276 0.00021509145 -0.007376243 254 101 101 255 0 0
-0.8017291 -0.87392515 0.712888 -0.9997537 -0.02126428 -0.0063566403 254 101 101 255 0 0
-0.79837704 -0.8739252 0.34634307 -0.9994424 0.030704547 -0.013118305 254 101 101 255 0 0
-0.79837704 -0.87392515 0.43000194 -0.99931765 0.03685546 0.0024689445 254 101 101 255 0 0
-0.79837704 -0.87392515 0.47728738 -0.99966097 0.02600608 -0.0012965942 254 101 101 255 0 0
-0.7766571 -0.87378114 0.80424917 -0.9042795 -0.054741777 0.4234172 254 101 101 255 0 0
-0.79308194 -1.0055001 0.7486381 -0.96176237 -0.06252585 0.26665306 254 101 101 255 0 0
-0.79837704 -0.8739252 0.2626842 -0.7047474 -0.017143402 -0.7092512 254 101 101 255 0 0
-0.79837704 -0.8739252 0.28996426 -0.9999885 -0.0048116692 3.6327094e-10 254 101 101 255 0 0
-0.2143587 -1.003415 0.9501046 -0.03488829 -0.16003235 0.986495 254 101 101 255 0 0
-0.68032146 -0.87392515 0.9128746 -0.4661944 -0.27941486 0.8393988 254 101 101 255 0 0
-0.7510559 -0.8736374 0.85841036 -0.7836921 -0.08129826 0.61580634 254 101 101 255 0 0
-0.6878208 1.9861729 0.6104277 -0.7319215 0.6715561 -0.115340725 254 101 101 255 0 0
-0.3992332 2.0226402 0.68191594 -0.031387016 0.7128481 -0.70061576 254 101 101 255 0.83325213 1
-0.39938805 1.996396 0.5334886 -0.037764385 0.85579354 0.51593727 254 101 101 255 0.83337957 0.99999994
-0.31408122 2.026429 0.68191594 -0.1957045 0.94949996 -0.24525453 254 101 101 255 0.7631699 1.0000001
-0.31232366 2.0002694 0.5334886 -0.24441303 0.9692871 -0.027292911 254 101 101 255 0.7617232 0.9999999
-0.31320244 2.013349 0.60770226 -0.5892138 0.79449207 -0.14700165 254 101 101 255 0.7624465 1
-0.8022583 -0.87392515 0.7500881 -0.9774242 -0.040016968 0.20746274 254 101 101 255 0 0
-0.19682693 2.0246978 0.69458824 -0.009682455 0.99831295 -0.057249807 254 101 101 255 0.6666666 1
-0.3235596 1.9565123 0.5474234 -0.120056726 0.97361064 0.1940848 254 101 101 255 0.7617232 0.9999999
-0.7435984 1.5215168 0.71245784 -0.963951 0.12249597 0.23620607 254 101 101 255 0.66666657 0.66666657
-0.6034949 1.94419 0.5474265 -0.09338154 0.96389085 -0.24938802 254 101 101 255 0 0
-0.33457687 -1.9908223 0.7467649 0.63613915 -0.7711032 -0.026959468 254 101 101 255 0 0
-0.64016247 -1.891361 0.61467934 -0.08225198 -0.936603 0.34060183 254 101 101 255 0 0
-0.71570957 1.7612834 0.7035231 -0.9790251 0.1198688 0.16474666 254 101 101 255 0.33333328 0.33333328
-0.72030234 1.7433983 0.6223263 -0.99066395 0.13368998 0.026686687 254 101 101 255 0.32309586 0.32309586
-0.19682692 1.3401886 0.86954755 -0.026689237 0.23568234 0.9714636 254 101 101 255 0.6666666 1
-0.29807937 1.5541615 0.83712834 -0.04164603 0.15302528 0.98734444 254 101 101 255 0.75 1
-0.29807937 1.3294994 0.8692319 -0.020585101 0.24707568 0.96877754 254 101 101 255 0.75 1
-0.19682692 1.5637757 0.8408479 -0.035816107 0.15205868 0.98772234 254 101 101 255 0.6666666 1
-0.7248951 1.7255133 0.54112965 -0.98738945 0.15612592 -0.026208038 254 101 101 255 0.31285843 0.31285843
-0.39933184 1.3188101 0.87091047 -0.06673609 0.25004092 0.9659327 254 101 101 255 0.8333333 1
-0.39933184 1.5445473 0.8346304 -0.04900508 0.15683965 0.9864076 254 101 101 255 0.8333333 1
-0.717188 1.6663866 0.3640053 -0.790806 -0.60956854 0.055245243 254 101 101 255 0.31450567 0.31450567
-0.7219878 1.6603544 0.32339188 -0.51784587 -0.64135945 -0.5661217 254 101 101 255 0.31467935 0.31467935
-0.7129275 1.6603544 0.32339188 -0.9414456 -0.09856522 -0.32243627 254 101 101 255 0.31467935 0.31467935
-0.70775956 1.7533436 0.73086554 -0.8925861 0.11781825 0.43521145 254 101 101 255 0.3333333 0.3333333
-0.7130555 1.6646028 0.30067465 -0.70633274 0.13804363 -0.69428957 254 101 101 255 0.31628308 0.31628308
-0.73829013 1.5385282 0.3005068 -0.7206952 0.1416755 -0.6786211 254 101 101 255 0.63256615 0.63256615
-0.6867785 1.7389636 0.76570874 -0.6551849 0.13228714 0.7437962 254 101 101 255 0.33333328 0.33333328
-0.70547974 1.5057311 0.78850645 -0.6877413 0.1262234 0.71489835 254 101 101 255 0.66740775 0.66814893
-0.6683724 1.9797192 0.73960495 -0.4959297 0.46968368 0.7303774 254 101 101 255 0 0
-0.33648032 -2.0115364 0.79015577 0.14747886 -0.9454968 -0.29032043 254 101 101 255 0 0
-0.73926103 -1.1370748 0.8392732 -0.76376456 -0.090178646 0.63916475 254 101 101 255 0 0
-0.35048264 -1.9870363 0.8000252 -0.6248921 -0.32251373 0.7109816 254 101 101 255 0 0
-0.3363776 -2.0115507 0.74555415 0.585596 -0.8105905 -0.004516013 254 101 101 255 0 0
-0.7597096 0.029951397 0.84824336 -0.86017525 0.010323365 0.509894 254 101 101 255 1 0.41447005
-0.35228336 -2.0077648 0.7988145 -0.77441335 -0.51479226 0.36779493 254 101 101 255 0 0
-0.46799743 0.71011645 0.40987223 -0.7043515 0.62566704 -0.33530557 254 101 101 255 1 0.7707469
-0.46799743 1.3319165 0.3598965 -0.7361998 -0.5795735 -0.3494346 254 101 101 255 1 1
-0.46420643 0.6750978 0.33894998 -0.9976224 0.062065396 -0.029960202 254 101 101 255 1 0.77074695
-0.46799743 0.99585766 0.57599366 -0.6675197 0.006899545 -0.74456024 254 101 101 255 1 0.8446318
-0.8093801 0.99585766 0.57599366 -0.7271537 0.03362258 -0.6856508 254 101 101 255 1 0.8446318
-0.46799743 1.3106587 0.4095404 -0.69351995 -0.6444918 -0.32196352 254 101 101 255 1 1
-0.46799743 0.7448544 0.46983543 -0.66853714 0.5764544 -0.46984938 254 101 101 255 1 0.77074695
-0.46799743 1.3794364 0.30236894 -0.1707429 -0.18511209 -0.9677709 254 101 101 255 1 1
-0.46799743 1.2101771 0.54286975 -0.6383652 -0.3676838 -0.6762385 254 101 101 255 1 1
-0.46799743 1.2772249 0.46766233 -0.68274325 -0.59251255 -0.4275402 254 101 101 255 1 1
-0.46799743 0.8320231 0.5475541 -0.6502047 0.33048022 -0.6841175 254 101 101 255 1 0.77074695
-0.46799743 0.6411941 0.26798382 -0.15921302 0.253831 -0.95405513 254 101 101 255 1 0.77074695
-0.46799743 -1.10903 0.42444795 -0.69665664 -0.64558244 -0.3128785 254 101 101 255 0 0
-0.46799743 -1.2945838 0.6137305 -0.6574687 -0.26001054 -0.7071984 254 101 101 255 0 0
-0.7947896 -1.4002395 0.6299345 -0.7303861 -0.05918798 -0.68046534 254 101 101 255 0 0
-0.46799743 -1.7243409 0.3917697 -0.70710516 0.6599022 -0.25403038 254 101 101 255 0 0
-0.7413688 -1.7346625 0.364957 -0.55139977 0.5457678 -0.6309484 254 101 101 255 0 0
-0.7517501 -1.7243409 0.3917697 -0.63146883 0.61999124 -0.46568024 254 101 101 255 0 0
-0.46799743 -1.4002395 0.6299345 -0.67541426 -0.014756502 -0.7372909 254 101 101 255 0 0
-0.46799743 -1.5009785 0.6185876 -0.67337656 0.18450177 -0.7159073 254 101 101 255 0 0
-0.46799743 -1.6419132 0.5389082 -0.6761857 0.5321001 -0.5095512 254 101 101 255 0 0
-0.46799743 -1.5873384 0.58285636 -0.6726764 0.3773287 -0.636498 254 101 101 255 0 0
-0.46799743 -1.2053888 0.55874294 -0.66722804 -0.4890246 -0.56183785 254 101 101 255 0 0
-0.46799743 -1.693805 0.46842957 -0.67987627 0.63633806 -0.3644752 254 101 101 255 0 0
-0.46799743 -1.0747466 0.34466198 -0.7139363 -0.63452554 -0.29609507 254 101 101 255 0 0
-0.46799743 -1.1369591 0.47597027 -0.6842278 -0.60444146 -0.4080231 254 101 101 255 0 0
-0.79837704 0.029951354 0.2626841 -0.70211935 0.00055617903 -0.71205914 254 101 101 255 1 0.41447005
-0.46799743 -1.0351646 0.2662298 -0.12941228 -0.25923887 -0.95710385 254 101 101 255 0 0
-0.75815594 -1.8859189 0.40033785 -0.9731387 -0.22736461 -0.03614776 254 101 101 255 0 0
-0.70435905 -1.9883249 0.40305412 -0.53422636 -0.8188838 -0.20983714 254 101 101 255 0 0
-0.21435869 -2.042169 0.40245676 -0.04909041 -0.96566284 -0.25511846 254 101 101 255 0 0
0 -2.0450337 0.40245676 0 -0.96714383 -0.25422996 254 101 101 255 0 0
-0.6658517 -1.9768708 0.3700025 -0.08005718 -0.51517886 -0.8533357 254 101 101 255 0 0
-0.6658517 -1.9942238 0.4024568 -0.1263812 -0.9618939 -0.24246237 254 101 101 255 0 0
-0.31470743 -2.0333555 0.40277547 -0.103995174 -0.9599894 -0.26001027 254 101 101 255 0 0
-0.35048264 -2.0095055 0.3700025 -0.064850815 -0.48642394 -0.871313 254 101 101 255 0 0
-0.35048264 -2.0287519 0.40245676 -0.117225386 -0.9584601 -0.26002428 254 101 101 255 0 0
-0.6658517 -1.976244 0.46736532 -0.05924974 -0.508303 0.8591377 254 101 101 255 0 0
-0.31484723 -2.014508 0.46736532 -0.06122438 -0.49409747 0.8672481 254 101 101 255 0 0
-0.7580433 -1.8846054 0.37144998 -0.7487476 -0.16384631 -0.6422862 254 101 101 255 0 0
-0.21435869 -2.0229464 0.46736532 -0.023317782 -0.5022041 0.8644347 254 101 101 255 0 0
-0.39933184 2.0248697 0.4199328 -0.03515915 0.9712299 0.23553449 254 101 101 255 0.83333325 1
-0.61458457 2.0184903 0.4199328 -0.034700274 0.9725298 0.2301775 254 101 101 255 0 0
-0.19682693 2.006527 0.4672761 -0.004402432 0.52275676 0.85247064 254 101 101 255 0.6666666 1
-0.29807937 2.0291934 0.36674744 -0.028902715 0.9732895 -0.22775473 254 101 101 255 0.74999994 1
-0.29807937 2.0291934 0.4199328 -0.028852064 0.9715885 0.2349114 254 101 101 255 0.7499999 1
-0.19682693 2.0308948 0.4199328 -0.008156218 0.97192544 0.23514803 254 101 101 255 0.66666657 0.99999994
-0.39933184 2.0248697 0.36674744 -0.03522006 0.97294414 -0.2283405 254 101 101 255 0.83333325 1
-0.61458457 2.0184903 0.36674744 -0.059141856 0.96300507 -0.26291344 254 101 101 255 0 0
-0.19682693 2.0308948 0.36674744 -0.008171009 0.9736319 -0.22797841 254 101 101 255 0.6666666 1
-0.19682693 2.01023 0.32509837 -0.004455461 0.5290559 -0.84857535 254 101 101 255 0.6666666 1
-0.69899464 1.99444 0.36705926 -0.7575079 0.63395375 -0.15583463 254 101 101 255 0 0
-0.72624826 1.6663866 0.3640053 -0.681203 -0.7244115 0.105785206 254 101 101 255 0.31450567 0.31450567
-0.73159945 1.7038906 0.4671306 -0.612829 -0.43190888 0.66173667 254 101 101 255 0.3160036 0.3160036
-0.35048264 -2.0287519 0.43491104 -0.12537257 -0.95541644 0.2673222 254 101 101 255 0 0
-0.31484723 -2.0345325 0.43491104 -0.11494816 -0.96123517 0.25062698 254 101 101 255 0 0
-0.6658517 -1.9942238 0.43491107 -0.11643997 -0.9622594 0.24596463 254 101 101 255 0 0
-0.21435869 -2.042169 0.43491104 -0.045480307 -0.96432984 0.2607672 254 101 101 255 0 0
-0.70435905 -1.9891834 0.43520972 -0.5209428 -0.8315628 0.19267063 254 101 101 255 0 0
-0.7582686 -1.8872323 0.4292257 -0.9655901 -0.25974438 -0.01298498 254 101 101 255 0 0
-0.46799743 -1.7036977 0.44539514 -0.7027583 0.6589329 -0.268213 254 101 101 255 0 0
-0.46799743 -1.7140193 0.41858244 -0.7071048 0.65990233 -0.25403118 254 101 101 255 0 0
-0.7555004 -1.7623184 0.4003378 -0.96163017 0.018649 -0.27371475 254 101 101 255 0 0
-0.31811106 -1.993964 0.55624175 -0.059202302 -0.57104087 -0.8187841 254 101 101 255 0 0
-0.33672133 -2.0017383 0.5857984 0.1270525 -0.98732704 0.095095664 254 101 101 255 0 0
-0.35168153 -2.0008368 0.6058081 -0.7849358 -0.61486894 -0.07623695 254 101 101 255 0 0
-0.33654946 -2.0074022 0.66567624 0.6594627 -0.7492021 -0.061686695 254 101 101 255 0 0
-0.35228336 -2.0077648 0.67538416 -0.7374014 -0.67383033 -0.04681789 254 101 101 255 0 0
-0.35228336 -2.0077648 0.7673358 -0.8109136 -0.585166 -8.75292e-05 254 101 101 255 0 0
-0.2161594 -2.027199 0.7904449 -0.056178816 -0.69941443 -0.71250504 254 101 101 255 0 0
-0.2161594 -2.027199 0.81630164 -0.05993143 -0.7375309 0.67264885 254 101 101 255 0 0
0 -1.9940484 0.58700913 2.1359932e-08 -0.75969046 0.6502849 254 101 101 255 0 0
-0.64694303 -1.9376214 0.61467934 -0.6549918 -0.48749635 -0.57734996 254 101 101 255 0 0
-0.64016247 -1.891361 0.6774692 -0.30732158 -0.95160574 7.1844234e-08 254 101 101 255 0 0
-0.64694303 -1.9376214 0.7402592 -0.65341985 -0.4874401 0.57917583 254 101 101 255 0 0
-0.36089987 -1.9322937 0.7386166 -0.1901094 -0.92097276 -0.34009954 254 101 101 255 0 0
-0.36089987 -1.9322937 0.61467934 -0.18995191 -0.9208604 0.34049132 254 101 101 255 0 0
-0.36768043 -1.978554 0.676648 0.59709567 -0.8021701 6.056216e-08 254 101 101 255 0 0
-0.64694303 -1.9376214 0.6774692 -0.8021879 -0.59707177 4.5077666e-08 254 101 101 255 0 0
-0.36768043 -1.978554 0.73861665 0.48900044 -0.6554862 0.57551414 254 101 101 255 0 0
-0.36089987 -1.9322937 0.67664796 0.021302544 -0.99977314 7.548077e-08 254 101 101 255 0 0
-0.36768043 -1.978554 0.6146794 0.48751825 -0.6549786 -0.57734656 254 101 101 255 0 0
-0.6086033 2.0112555 0.60575646 -0.11983284 0.97761464 -0.17294468 254 101 101 255 0.0005137065 0.0006164478
-0.64637494 2.0144823 0.66737485 -0.33362862 0.9425627 -0.01635558 254 101 101 255 0.00027612405 0.00033134889
-0.608429 2.0221782 0.6673757 -0.12123981 0.9923679 0.022512505 254 101 101 255 0.0009788328 0.0011745994
-0.65254563 1.9957981 0.6068907 -0.9956305 0.09280173 -0.010382736 254 101 101 255 8.589882e-05 0.0001030786
-0.64786315 1.9472123 0.6154814 -0.24150442 0.9556385 -0.16861401 254 101 101 255 8.589882e-05 0.0001030786
-0.6087776 2.0003328 0.5441372 -0.11358436 0.92647296 -0.35881254 254 101 101 255 4.858055e-05 5.8296664e-05
-0.6467548 2.0035148 0.6057562 -0.37618434 0.91260666 -0.1601074 254 101 101 255 0.00014743101 0.00017691724
-0.33546472 2.0123582 0.54413426 0.103145264 0.9431124 -0.31606993 254 101 101 255 0.7676502 0.9999999
-0.40863392 2.019996 0.6057576 -0.043361027 0.9838039 -0.17392443 254 101 101 255 0.83331585 1
-0.3361944 2.0232189 0.6057576 0.14837699 0.97421956 -0.16994268 254 101 101 255 0.768305 1
-0.40856963 2.030892 0.66738087 -0.043989655 0.9987992 0.021570506 254 101 101 255 0.83325815 1
-0.3369241 2.0340796 0.6673809 0.10057141 0.9946574 -0.02328169 254 101 101 255 0.76896 1.0000001
-0.3251714 1.9805024 0.68354213 -0.112656616 0.849317 -0.5157221 254 101 101 255 0.7631699 1.0000001
-0.60310996 1.968317 0.68353677 -0.124934874 0.9861212 -0.1093451 254 101 101 255 0.001027413 0.0012328957
-0.652965 1.983684 0.53883636 -0.7013136 0.03529027 -0.7119789 254 101 101 255 0 0
-0.40869823 2.0091 0.5441343 -0.041089665 0.9310063 -0.3626829 254 101 101 255 0.83337355 0.99999994
-0.3290482 2.0170946 0.6068918 0.95907694 0.28057164 -0.038092915 254 101 101 255 0.7624465 1
-0.3243655 1.9685073 0.6154828 0.072930604 0.9823465 -0.17226872 254 101 101 255 0.7624465 1
-0.65212625 2.0079114 0.6749452 -0.72146416 0.26634264 0.63917994 254 101 101 255 0.00017179763 0.0002061572
-0.4080866 2.0015464 0.5388326 -0.0009733175 0.021810079 -0.99976176 254 101 101 255 0.8333796 0.99999994
-0.40340403 1.95296 0.5474234 -0.042739965 0.9696302 -0.24081257 254 101 101 255 0.83337957 0.99999994
-0.32824227 2.0050993 0.5388325 0.67233086 0.17098865 -0.720232 254 101 101 255 0.7617232 0.9999999
-0.4079446 2.0256143 0.6749514 -0.015957324 0.36197168 0.93205255 254 101 101 255 0.83325213 1
-0.40326202 1.9770279 0.68354213 -0.043770716 0.9935275 -0.10482094 254 101 101 255 0.83325213 1
-0.6511057 2.000716 0.60608846 -0.8027022 0.5879858 -0.099709235 254 101 101 255 8.594667e-05 0.00010313602
-0.6467548 2.0035148 0.6057562 -0.37618434 0.91260666 -0.1601074 254 101 101 255 0.0001474312 0.00017691747
-0.6506979 2.0124938 0.6722579 -0.6074148 0.69924456 0.37696746 254 101 101 255 0.00018617851 0.00022341427
-0.60823506 2.0211055 0.6722589 -0.09974083 0.8188815 0.5652298 254 101 101 255 0.0011895276 0.0014274525
-0.60779244 2.0169024 0.6749461 -0.0451417 0.3675523 0.9289067 254 101 101 255 0.001027413 0.0012328955
-0.4083838 2.0298176 0.67226416 -0.036051817 0.8183708 0.5735587 254 101 101 255 0.83321595 1
-0.60817736 1.9927754 0.5388359 -0.0041571106 0.031284936 -0.99950194 254 101 101 255 0 0
-0.4085219 2.0064163 0.53991556 -0.025305241 0.57289857 -0.81923556 254 101 101 255 0.83332837 0.99999994
-0.6086093 1.9976467 0.5399186 -0.07200338 0.5819998 -0.80999506 254 101 101 255 0.0002465776 0.0002958767
-0.6515135 1.9889379 0.53991914 -0.58898854 0.53435296 -0.6062669 254 101 101 255 1.2375656e-06 1.485079e-06
-0.64713466 1.9925472 0.54413766 -0.3265627 0.89303005 -0.30960324 254 101 101 255 1.8175862e-05 2.1811038e-05
-0.33218098 2.0332084 0.6722641 0.44427744 0.81748456 0.36651948 254 101 101 255 0.76397085 1.0000001
-0.3306138 2.0098827 0.53991556 0.45342764 0.6451964 -0.6149187 254 101 101 255 0.76255095 0.9999999
-0.3313973 2.0215454 0.6060898 0.6568506 0.7438673 -0.123324536 254 101 101 255 0.7624466 1
-0.32985407 2.0290895 0.67495126 0.6592344 0.4082883 0.6314355 254 101 101 255 0.7631699 1.0000001
-0.5798928 0.4578192 1.2853662 -0.87261 0.017000638 -0.48812172 254 101 101 255 1 0.6968621
-0.6945522 0.08738465 0.8982822 -0.39332595 0.59148574 0.7038745 254 101 101 255 1 0.4486117
-0.69571096 0.029540129 0.8969897 -0.41268268 -0.5684766 0.7117074 254 101 101 255 1 0.41447005
-0.69577175 -0.7795839 0.89679146 -0.42809185 0.7312703 0.5310189 254 101 101 255 1 0.093385205
-0.5773851 0.5665177 1.2861472 -0.87116444 0.023439398 -0.49043176 254 101 101 255 1 0.77074695
-0.68730646 0.61259645 0.88920826 -0.4904518 0.021949269 0.87119186 254 101 101 255 0.9999999 0.696862
-0.57487744 0.6752163 1.2869283 -0.78141534 -0.3739741 -0.49953339 254 101 101 255 1 0.8446318
-0.68514997 0.7689112 0.8865077 -0.49017677 0.021938 0.871347 254 101 101 255 0.99999994 0.7707469
-0.39405987 -0.5992173 1.3547415 -0.13934967 -0.62836176 0.7653387 254 101 101 255 0 0
-0.19634128 -0.6170019 1.3576056 -0.083975926 -0.8789365 0.46948782 254 101 101 255 0.6505257 0
-0.29617605 -0.60620224 1.3635857 -0.1151499 -0.64314425 0.75703776 254 101 101 255 0 0
-0.5764893 -0.59596384 1.3090659 -0.40562668 -0.57957935 0.7067919 254 101 101 255 0 0
-0.66211396 -0.8643374 0.91982925 -0.075646974 -0.6503802 0.75583285 254 101 101 255 0 0
-0.19829223 -0.6131872 1.37243 -0.086172484 -0.6406019 0.7630226 254 101 101 255 0 0
-0.6878208 1.7906772 0.3008425 -0.56588435 0.56473345 -0.60070884 254 101 101 255 0 0
-0.46799743 -1.7346625 0.364957 -0.29453403 0.4843685 -0.82379425 254 101 101 255 0 0
-0.35048264 -1.8121192 0.31768814 0.0053873286 -0.07451082 -0.99720573 254 101 101 255 0 0
-0.79837704 -0.8739252 0.2626842 -0.7047474 -0.017143402 -0.7092512 254 101 101 255 1 0
0.6531037 -1.3507609 0.2785323 0.68568087 0.71391594 -0.14200656 254 101 101 255 0.96875 0.5
-0.6531036 -1.3495309 0.29102126 -0.6856825 0.72790086 -3.5678053e-07 254 101 101 255 1 1
0.6531037 -1.3495309 0.29102114 0.68570065 0.7278837 2.574078e-07 254 101 101 255 1 0.5
0.6531037 -1.3544039 0.26652342 0.68569887 0.6724745 -0.27855897 254 101 101 255 0.9375 0.5
-0.6531036 -1.3507609 0.27853242 -0.68569916 0.71389884 -0.14200377 254 101 101 255 0.96875 1
0.6531037 -1.3603195 0.25545594 0.6856944 0.605222 -0.40438798 254 101 101 255 0.90625 0.5
-0.6531036 -1.3544039 0.2665235 -0.6856934 0.67248315 -0.27855176 254 101 101 255 0.9375 1
0.6531037 -1.3682806 0.24575526 0.68569964 0.5146913 -0.514693 254 101 101 255 0.875 0.5
-0.6531036 -1.3603195 0.25545606 -0.6857057 0.60521954 -0.40437242 254 101 101 255 0.90625 1
0.6531037 -1.3779814 0.23779409 0.6856739 0.40440416 -0.60523444 254 101 101 255 0.84375 0.5
-0.6531036 -1.3682806 0.24575534 -0.6856728 0.5147097 -0.5147104 254 101 101 255 0.875 1
0.6531037 -1.3890488 0.2318784 0.6856995 0.27854955 -0.6724777 254 101 101 255 0.8125 0.5
-0.6531036 -1.3779814 0.23779418 -0.6857005 0.4043906 -0.60521334 254 101 101 255 0.84375 1
0.6531037 -1.4010577 0.22823554 0.6856902 0.1420038 -0.7139074 254 101 101 255 0.78125 0.5
-0.6531036 -1.3890488 0.2318785 -0.6856924 0.27855375 -0.6724832 254 101 101 255 0.8125 1
0.6531037 -1.4135466 0.2270055 0.6856998 1.5706561e-06 -0.7278845 254 101 101 255 0.75 0.5
-0.6531036 -1.4010577 0.22823565 -0.6857001 0.14200227 -0.7138982 254 101 101 255 0.78125 1
0.6531037 -1.4260354 0.22823554 0.6856707 -0.14200774 -0.7139254 254 101 101 255 0.71875 0.5
-0.6531036 -1.4135466 0.2270056 -0.68567055 -1.6820637e-06 -0.72791207 254 101 101 255 0.75 1
0.6531037 -1.4380443 0.2318784 0.68570006 -0.2785496 -0.67247725 254 101 101 255 0.6875 0.5
-0.6531036 -1.4260354 0.22823565 -0.68570006 -0.14200309 -0.71389824 254 101 101 255 0.71875 1
0.6531037 -1.4491118 0.23779409 0.6856922 -0.40439558 -0.6052194 254 101 101 255 0.65625 0.5
-0.6531036 -1.4380443 0.2318785 -0.68569297 -0.2785505 -0.67248404 254 101 101 255 0.6875 1
0.6531037 -1.4588125 0.24575526 0.6856987 -0.51469344 -0.5146922 254 101 101 255 0.625 0.5
-0.6531036 -1.4491118 0.23779418 -0.68569934 -0.40439138 -0.6052141 254 101 101 255 0.65625 1
-0.6531036 -1.4667736 0.2554561 -0.685704 -0.60522044 -0.40437397 254 101 101 255 0.59375 1
-0.6531036 -1.4588125 0.24575536 -0.68567497 -0.5147099 -0.51470727 254 101 101 255 0.625 1
0.6531037 -1.4726893 0.26652345 0.6856988 -0.672475 -0.27855802 254 101 101 255 0.5625 0.5
0.6531037 -1.4667736 0.25545597 0.68567413 -0.6052345 -0.40440372 254 101 101 255 0.59375 0.5
0.6531037 -1.4763322 0.27853236 0.68569183 -0.71390563 -0.14200535 254 101 101 255 0.53125 0.5
-0.6531036 -1.4726893 0.26652354 -0.6856938 -0.67248285 -0.2785514 254 101 101 255 0.5625 1
0.6531037 -1.4775622 0.29102117 0.68570065 -0.72788364 -2.6086337e-07 254 101 101 255 0.5 0.5
-0.6531036 -1.4763322 0.27853245 -0.6856993 -0.7138988 -0.1420034 254 101 101 255 0.53125 1
0.6531037 -1.4763322 0.30351 0.6856809 -0.7139159 0.14200655 254 101 101 255 0.46875 0.5
-0.6531036 -1.4775622 0.2910213 -0.6856825 -0.7279008 3.624638e-07 254 101 101 255 0.5 1
0.6531037 -1.4726893 0.31551892 0.68569875 -0.67247415 0.27856016 254 101 101 255 0.4375 0.5
-0.6531036 -1.4763322 0.30351013 -0.68569916 -0.7138989 0.14200382 254 101 101 255 0.46875 1
0.6531037 -1.4667736 0.32658637 0.68569446 -0.6052213 0.4043889 254 101 101 255 0.40625 0.5
-0.6531036 -1.4726893 0.315519 -0.6856937 -0.6724834 0.27855048 254 101 101 255 0.4375 1
0.6531037 -1.4588125 0.33628708 0.6856997 -0.51469135 0.514693 254 101 101 255 0.375 0.5
-0.6531036 -1.4667736 0.32658648 -0.6857055 -0.60522044 0.40437153 254 101 101 255 0.40625 1
0.6531037 -1.4491117 0.34424827 0.6856733 -0.40440533 0.6052342 254 101 101 255 0.34375 0.5
-0.6531036 -1.4588125 0.3362872 -0.6856729 -0.51470894 0.5147111 254 101 101 255 0.375 1
0.6531037 -1.4380443 0.35016394 0.6856999 -0.2785493 0.6724775 254 101 101 255 0.3125 0.5
-0.6531036 -1.4491117 0.34424835 -0.6857005 -0.40438974 0.6052139 254 101 101 255 0.34375 1
0.6531037 -1.4260354 0.3538068 0.68569034 -0.14200255 0.71390754 254 101 101 255 0.28125 0.5
-0.6531036 -1.4380443 0.35016403 -0.6856927 -0.27855483 0.67248255 254 101 101 255 0.3125 1
0.6531037 -1.4135466 0.35503685 0.68569976 1.0519778e-06 0.72788453 254 101 101 255 0.25 0.5
-0.6531036 -1.4260354 0.3538069 -0.6856997 -0.14200489 0.7138982 254 101 101 255 0.28125 1
0.6531037 -1.4010577 0.3538068 0.6856706 0.1420103 0.713925 254 101 101 255 0.21875 0.5
-0.6531036 -1.4135466 0.35503694 -0.68567073 -9.303288e-07 0.72791183 254 101 101 255 0.25 1
0.6531037 -1.3890488 0.35016394 0.6857002 0.27854958 0.67247707 254 101 101 255 0.1875 0.5
-0.6531036 -1.4010577 0.3538069 -0.68569964 0.14200185 0.71389884 254 101 101 255 0.21875 1
0.6531037 -1.3779813 0.34424824 0.68569195 0.4043949 0.6052202 254 101 101 255 0.15625 0.5
-0.6531036 -1.3890488 0.35016403 -0.6856934 0.2785515 0.6724833 254 101 101 255 0.1875 1
0.6531037 -1.3682806 0.33628705 0.6857004 0.51469254 0.5146908 254 101 101 255 0.125 0.5
-0.6531036 -1.3779813 0.34424832 -0.6856992 0.40439245 0.6052135 254 101 101 255 0.15625 1
0.6531037 -1.3603195 0.32658634 0.68567246 0.6052359 0.4044045 254 101 101 255 0.09375 0.5
-0.6531036 -1.3682806 0.33628714 -0.6856735 0.5147099 0.51470935 254 101 101 255 0.125 1
0.6531037 -1.3544039 0.3155189 0.68569875 0.6724746 0.27855912 254 101 101 255 0.0625 0.5
-0.6531036 -1.3603195 0.32658646 -0.6857053 0.6052193 0.40437335 254 101 101 255 0.09375 1
-0.6531036 -1.4775622 0.2910213 -0.6856825 -0.7279008 3.624638e-07 254 101 101 255 0.25 0.010000005
-0.6531036 -1.4135466 0.35503694 -0.68567073 -9.303288e-07 0.72791183 254 101 101 255 0.010000005 0.25
-0.6531036 -1.3495309 0.29102126 -0.6856825 0.72790086 -3.5678053e-07 254 101 101 255 0.25 0.49
0.6531037 -1.3507609 0.30350998 0.6856918 0.7139057 0.14200535 254 101 101 255 0.03125 0.5
-0.6531036 -1.3544039 0.31551898 -0.68569404 0.6724832 0.27855015 254 101 101 255 0.0625 1
0.6531037 -1.3495309 0.29102114 0.68570065 0.7278837 2.574078e-07 254 101 101 255 0 0.5
-0.6531036 -1.3507609 0.30351007 -0.6856993 0.7138989 0.14200345 254 101 101 255 0.03125 1
0.6531037 -1.4763322 0.30351 0.6856809 -0.7139159 0.14200655 254 101 101 255 0.70317835 0.014611542
0.6531037 -1.4260354 0.22823554 0.6856707 -0.14200774 -0.7139254 254 101 101 255 0.98538846 0.20317832
0.6531037 -1.3507609 0.2785323 0.68568087 0.71391594 -0.14200656 254 101 101 255 0.79682165 0.48538846
0.6531048 1.0697408 0.27853233 0.6856808 0.71391577 -0.14200749 254 101 101 255 0.96875 0.5
-0.6531025 1.0709708 0.2910213 -0.6944123 0.719383 0.016723705 254 101 101 255 1 1
0.6531048 1.0709708 0.29102117 0.68570065 0.7278837 2.574078e-07 254 101 101 255 1 0.5
0.6531048 1.0660979 0.26652345 0.68569875 0.6724749 -0.2785582 254 101 101 255 0.9375 0.5
-0.6531025 1.0697408 0.27853245 -0.6856993 0.7138988 -0.14200415 254 101 101 255 0.96875 1
0.6531048 1.0601822 0.25545597 0.68569314 0.6052209 -0.40439174 254 101 101 255 0.90625 0.5
-0.6531025 1.0660979 0.26652354 -0.68569344 0.67248297 -0.27855206 254 101 101 255 0.9375 1
0.6531048 1.0522211 0.24575529 0.68569964 0.51469004 -0.5146944 254 101 101 255 0.875 0.5
-0.6531025 1.0601822 0.25545606 -0.68569964 0.6052151 -0.40438947 254 101 101 255 0.90625 1
0.6531048 1.0425203 0.23779412 0.6856732 0.404403 -0.6052359 254 101 101 255 0.84375 0.5
-0.6531025 1.0522211 0.24575537 -0.68567324 0.51471066 -0.5147088 254 101 101 255 0.875 1
0.6531048 1.0314529 0.23187843 0.68569 0.27854568 -0.6724891 254 101 101 255 0.8125 0.5
-0.6531025 1.0425203 0.2377942 -0.68570906 0.4043965 -0.6051996 254 101 101 255 0.84375 1
0.6531048 1.019444 0.22823557 0.6856876 0.14200193 -0.7139104 254 101 101 255 0.78125 0.5
-0.6531025 1.0314529 0.23187853 -0.6856928 0.2785539 -0.6724829 254 101 101 255 0.8125 1
0.6531048 1.0069551 0.22700553 0.6856999 -1.0461233e-06 -0.7278844 254 101 101 255 0.75 0.5
-0.6531025 1.019444 0.22823568 -0.68570006 0.14200357 -0.71389806 254 101 101 255 0.78125 1
0.6531048 0.9944663 0.22823557 0.68567085 -0.14200902 -0.713925 254 101 101 255 0.71875 0.5
-0.6531025 1.0069551 0.22700563 -0.68567055 9.3726766e-07 -0.72791207 254 101 101 255 0.75 1
0.6531048 0.9824574 0.23187843 0.6856998 -0.27855048 -0.6724771 254 101 101 255 0.6875 0.5
-0.6531025 0.9944663 0.22823568 -0.6857001 -0.14200178 -0.7138984 254 101 101 255 0.71875 1
0.6531048 0.97138995 0.23779412 0.6856949 -0.4043971 -0.6052154 254 101 101 255 0.65625 0.5
-0.6531025 0.9824574 0.23187853 -0.6856927 -0.27855134 -0.6724839 254 101 101 255 0.6875 1
0.6531048 0.96168923 0.24575529 0.6856997 -0.5146931 -0.51469123 254 101 101 255 0.625 0.5
-0.6531025 0.97138995 0.2377942 -0.6856999 -0.40439007 -0.60521436 254 101 101 255 0.65625 1
0.6531048 0.9537281 0.25545603 0.6856735 -0.6052338 -0.4044058 254 101 101 255 0.59375 0.5
-0.6531025 0.96168923 0.24575539 -0.68567294 -0.5147104 -0.5147096 254 101 101 255 0.625 1
0.6531048 0.9478124 0.26652348 0.6856978 -0.6724748 -0.27856088 254 101 101 255 0.5625 0.5
-0.6531025 0.9537281 0.25545612 -0.6857003 -0.60521495 -0.40438846 254 101 101 255 0.59375 1
0.6531048 0.9441695 0.2785324 0.68569285 -0.71390456 -0.14200573 254 101 101 255 0.53125 0.5
-0.6531025 0.9478124 0.26652357 -0.6856919 -0.672484 -0.27855325 254 101 101 255 0.5625 1
0.6531048 0.94293946 0.2910212 0.6856997 -0.7278846 -3.970564e-07 254 101 101 255 0.5 0.5
-0.6531025 0.9441695 0.27853248 -0.6857007 -0.71389854 -0.14199825 254 101 101 255 0.53125 1
0.6531048 0.9441695 0.30351004 0.6856819 -0.71391493 0.14200677 254 101 101 255 0.46875 0.5
-0.6531025 0.94293946 0.29102132 -0.6906109 -0.7231922 0.007048502 254 101 101 255 0.5 1
0.6531048 0.9478124 0.31551895 0.6856979 -0.6724759 0.27855828 254 101 101 255 0.4375 0.5
-0.6531025 0.9441695 0.30351016 -0.68570113 -0.7138989 0.14199422 254 101 101 255 0.46875 1
0.6531048 0.9537281 0.32658643 0.6856935 -0.6052194 0.40439335 254 101 101 255 0.40625 0.5
-0.6531025 0.9478124 0.31551903 -0.6856927 -0.6724836 0.27855235 254 101 101 255 0.4375 1
0.6531048 0.96168923 0.3362871 0.68570006 -0.51469195 0.51469177 254 101 101 255 0.375 0.5
-0.6531025 0.9537281 0.3265865 -0.68570024 -0.60521376 0.40439045 254 101 101 255 0.40625 1
0.6531048 0.97138995 0.3442483 0.6856722 -0.40440428 0.60523623 254 101 101 255 0.34375 0.5
-0.6531025 0.96168923 0.33628723 -0.72227883 -0.47437987 0.50326645 254 101 101 255 0.375 1
0.6531048 0.9824574 0.35016397 0.6856903 -0.27854607 0.67248863 254 101 101 255 0.3125 0.5
-0.6531025 0.97138995 0.34424838 -0.6857001 -0.4043901 0.6052141 254 101 101 255 0.34375 1
0.6531048 0.9944663 0.3538068 0.68569124 -0.14200571 0.71390617 254 101 101 255 0.28125 0.5
-0.6531025 0.9824574 0.35016406 -0.81238014 -0.17235644 0.5570745 254 101 101 255 0.3125 1
-0.64931154 1.0069551 0.35503694 -0.6724669 0.025855191 0.7396755 254 101 101 255 0.25 1
-0.6531025 0.9944663 0.35380688 -0.94174653 0.061719637 0.33061174 254 101 101 255 0.28125 1
0.6531048 1.019444 0.3538068 0.685671 0.14200525 0.7139257 254 101 101 255 0.21875 0.5
0.6531048 1.0069551 0.35503682 0.6857017 5.495361e-08 0.7278826 254 101 101 255 0.25 0.5
0.6531048 1.0314529 0.35016394 0.6857007 0.278546 0.6724781 254 101 101 255 0.1875 0.5
-0.64931154 1.019444 0.35380688 -0.6856903 0.14200449 0.71390724 254 101 101 255 0.21875 1
0.6531048 1.0425204 0.34424827 0.68569267 0.4043961 0.6052185 254 101 101 255 0.15625 0.5
-0.64931154 1.0314529 0.35016403 -0.6856952 0.27855235 0.67248106 254 101 101 255 0.1875 1
0.6531048 1.0522211 0.33628708 0.6857078 0.51469785 0.5146755 254 101 101 255 0.125 0.5
-0.64931154 1.0425204 0.34424835 -0.68569976 0.40439147 0.6052136 254 101 101 255 0.15625 1
0.6531048 1.0601822 0.32658637 0.6856734 0.6052339 0.40440568 254 101 101 255 0.09375 0.5
-0.64931154 1.0522211 0.33628717 -0.6580167 0.50723636 0.5565298 254 101 101 255 0.125 1
0.6531048 1.0660979 0.31551892 0.68569887 0.6724741 0.27856028 254 101 101 255 0.0625 0.5
-0.6531025 1.0601822 0.32658646 -0.9417435 0.19013955 0.2774279 254 101 101 255 0.09375 1
-0.6531025 0.94293946 0.29102132 -0.6906109 -0.7231922 0.007048502 254 101 101 255 0.25 0.010000005
-0.64931154 1.0069551 0.35503694 -0.6724669 0.025855191 0.7396755 254 101 101 255 0.010000005 0.25
-0.6531025 1.0709708 0.2910213 -0.6944123 0.719383 0.016723705 254 101 101 255 0.25 0.49
0.6531048 1.0697408 0.30351 0.68569183 0.7139057 0.14200535 254 101 101 255 0.03125 0.5
-0.6531025 1.0660979 0.315519 -0.81238 0.51578784 0.27203277 254 101 101 255 0.0625 1
0.6531048 1.0709708 0.29102117 0.68570065 0.7278837 2.574078e-07 254 101 101 255 0 0.5
-0.6531025 1.0697408 0.3035101 -0.6856998 0.7138994 0.14199847 254 101 101 255 0.03125 1
0.6531048 0.9441695 0.30351004 0.6856819 -0.71391493 0.14200677 254 101 101 255 0.70317835 0.014611542
0.6531048 0.9944663 0.22823557 0.68567085 -0.14200902 -0.713925 254 101 101 255 0.98538846 0.20317832
0.6531048 1.0697408 0.27853233 0.6856808 0.71391577 -0.14200749 254 101 101 255 0.79682165 0.48538846
0.68032146 -0.87392515 0.9128746 0.46619406 -0.2794149 0.83939886 254 101 101 255 1 0
0.6531036 -1.4588125 0.24575536 0.6856948 -0.51469696 -0.51469386 254 101 101 255 0.625 1
0.6531036 -1.3507609 0.27853242 0.6856992 0.71389884 -0.14200377 254 101 101 255 0.29682168 0.48538846
0.6531036 -1.3495309 0.29102126 0.68569344 0.7278905 -3.637139e-07 254 101 101 255 0.25 0.49
0.6531036 -1.3507609 0.30351007 0.6856993 0.7138989 0.14200345 254 101 101 255 0.20317832 0.48538846
0.6531036 -1.3544039 0.31551898 0.68567413 0.67249995 0.27855837 254 101 101 255 0.15815598 0.47173107
0.6531036 -1.3603195 0.32658646 0.6857053 0.6052193 0.40437335 254 101 101 255 0.11666314 0.4495527
0.6531036 -1.3682806 0.33628714 0.68569326 0.5146969 0.5146959 254 101 101 255 0.080294386 0.41970563
0.6531036 -1.3779813 0.34424832 0.6856992 0.4043924 0.60521346 254 101 101 255 0.0504473 0.38333684
0.6531036 -1.3890488 0.35016403 0.6856713 0.27855936 0.67250246 254 101 101 255 0.028268918 0.34184402
0.6531036 -1.4010577 0.3538069 0.68569964 0.14200185 0.71389884 254 101 101 255 0.014611542 0.29682168
0.6531036 -1.4135466 0.35503694 0.6856928 -9.303023e-07 0.7278911 254 101 101 255 0.010000005 0.25
0.6531036 -1.4260354 0.3538069 0.6856997 -0.14200489 0.7138982 254 101 101 255 0.014611542 0.20317832
0.6531036 -1.4380443 0.35016403 0.6856726 -0.27856165 0.6725002 254 101 101 255 0.028268918 0.15815598
0.6531036 -1.4491117 0.34424835 0.6857005 -0.40438974 0.6052139 254 101 101 255 0.0504473 0.11666314
0.6531036 -1.4588125 0.3362872 0.6856924 -0.5146959 0.514698 254 101 101 255 0.080294386 0.080294386
0.6531036 -1.4667736 0.32658648 0.6857055 -0.60522044 0.40437153 254 101 101 255 0.11666314 0.0504473
0.6531036 -1.4763322 0.30351013 0.68569916 -0.7138989 0.14200382 254 101 101 255 0.20317832 0.014611542
0.6531036 -1.4775622 0.2910213 0.6856935 -0.72789043 3.7412147e-07 254 101 101 255 0.25 0.010000005
0.6531036 -1.4763322 0.27853245 0.6856993 -0.71389884 -0.14200342 254 101 101 255 0.29682168 0.014611542
0.6531036 -1.4726893 0.26652354 0.685674 -0.67249966 -0.27855954 254 101 101 255 0.34184402 0.028268918
0.6531036 -1.4667736 0.2554561 0.68570393 -0.6052205 -0.40437397 254 101 101 255 0.38333684 0.0504473
0.6531036 -1.4588125 0.24575536 0.6856948 -0.51469696 -0.51469386 254 101 101 255 0.41970563 0.080294386
0.6531036 -1.4491118 0.23779418 0.68569934 -0.40439138 -0.6052141 254 101 101 255 0.4495527 0.11666314
0.6531036 -1.4260354 0.22823565 0.68570006 -0.14200309 -0.71389824 254 101 101 255 0.48538846 0.20317832
0.6531036 -1.4135466 0.2270056 0.6856927 -1.6820155e-06 -0.7278912 254 101 101 255 0.49 0.25
0.6531036 -1.4010577 0.22823565 0.6857001 0.14200227 -0.7138982 254 101 101 255 0.48538846 0.29682168
0.6531036 -1.3890488 0.2318785 0.6856723 0.27856064 -0.67250097 254 101 101 255 0.47173107 0.34184402
0.6531036 -1.3779814 0.23779418 0.6857005 0.4043906 -0.60521334 254 101 101 255 0.4495527 0.38333684
0.6531036 -1.3682806 0.24575534 0.6856924 0.5146966 -0.5146973 254 101 101 255 0.41970563 0.41970563
0.6531036 -1.3603195 0.25545606 0.6857057 0.60521954 -0.40437242 254 101 101 255 0.38333684 0.4495527
0.6531036 -1.3495309 0.29102126 0.68569344 0.7278905 -3.637139e-07 254 101 101 255 0 1
-0.6531037 -1.3495309 0.29102114 -0.68570065 0.7278837 2.574078e-07 254 101 101 255 0.75 0.49
-0.6531037 -1.3507609 0.2785323 -0.6856917 0.7139058 -0.14200528 254 101 101 255 0.79682165 0.48538846
-0.6531037 -1.3544039 0.26652342 -0.68569887 0.6724745 -0.27855897 254 101 101 255 0.841844 0.47173107
-0.6531037 -1.3603195 0.25545594 -0.68567234 0.60523516 -0.4044055 254 101 101 255 0.88333684 0.4495527
-0.6531037 -1.3682806 0.24575526 -0.68569964 0.51469135 -0.5146931 254 101 101 255 0.9197056 0.41970563
-0.6531037 -1.3779814 0.23779409 -0.6856934 0.40439388 -0.60521924 254 101 101 255 0.9495527 0.38333684
-0.6531037 -1.3890488 0.2318784 -0.6856995 0.27854955 -0.6724777 254 101 101 255 0.97173107 0.34184402
-0.6531037 -1.4010577 0.22823554 -0.68567055 0.14200832 -0.7139254 254 101 101 255 0.98538846 0.29682168
-0.6531037 -1.4135466 0.2270055 -0.6856998 1.5706561e-06 -0.7278845 254 101 101 255 0.99 0.25
-0.6531037 -1.4260354 0.22823554 -0.6856901 -0.14200318 -0.7139077 254 101 101 255 0.98538846 0.20317832
-0.6531037 -1.4380443 0.2318784 -0.68569046 -0.2785457 -0.6724886 254 101 101 255 0.97173107 0.15815598
-0.6531037 -1.4491118 0.23779409 -0.6856725 -0.40440586 -0.6052348 254 101 101 255 0.9495527 0.11666314
-0.6531037 -1.4588125 0.24575526 -0.6856986 -0.51469344 -0.5146922 254 101 101 255 0.9197056 0.080294386
-0.6531037 -1.4667736 0.25545597 -0.68569326 -0.6052188 -0.40439448 254 101 101 255 0.88333684 0.0504473
-0.6531037 -1.4726893 0.26652345 -0.68569887 -0.672475 -0.27855802 254 101 101 255 0.841844 0.028268918
-0.6531037 -1.4775622 0.29102117 -0.68570065 -0.72788364 -2.6086337e-07 254 101 101 255 0.75 0.010000005
-0.6531037 -1.4763322 0.30351 -0.6856919 -0.71390563 0.14200523 254 101 101 255 0.70317835 0.014611542
-0.6531037 -1.4726893 0.31551892 -0.68569875 -0.67247415 0.27856016 254 101 101 255 0.658156 0.028268918
-0.6531037 -1.4667736 0.32658637 -0.6856724 -0.60523456 0.40440655 254 101 101 255 0.61666316 0.0504473
-0.6531037 -1.4588125 0.33628708 -0.6856997 -0.5146913 0.51469296 254 101 101 255 0.5802944 0.080294386
-0.6531037 -1.4491117 0.34424827 -0.68569297 -0.40439498 0.6052189 254 101 101 255 0.5504473 0.11666314
-0.6531037 -1.4380443 0.35016394 -0.6856999 -0.27854934 0.67247754 254 101 101 255 0.52826893 0.15815598
-0.6531037 -1.4135466 0.35503685 -0.68569976 1.0519778e-06 0.72788453 254 101 101 255 0.51 0.25
-0.6531037 -1.4010577 0.3538068 -0.68569005 0.14200576 0.7139073 254 101 101 255 0.51461154 0.29682168
-0.6531037 -1.3890488 0.35016394 -0.6856906 0.27854568 0.67248845 254 101 101 255 0.52826893 0.34184402
-0.6531037 -1.3779813 0.34424824 -0.68567216 0.40440524 0.60523564 254 101 101 255 0.5504473 0.38333684
-0.6531037 -1.3682806 0.33628705 -0.6857004 0.51469254 0.5146908 254 101 101 255 0.5802944 0.41970563
-0.6531037 -1.3603195 0.32658634 -0.6856917 0.60522014 0.40439522 254 101 101 255 0.61666316 0.4495527
-0.6531037 -1.3544039 0.3155189 -0.68569875 0.6724746 0.27855912 254 101 101 255 0.658156 0.47173107
0.6531025 0.9441695 0.27853248 0.6857028 -0.7138975 -0.14199315 254 101 101 255 0.53125 1
0.6531025 0.9944663 0.35380688 0.94174653 0.061719637 0.33061174 254 101 101 255 0.28125 1
0.6531025 1.0697408 0.27853245 0.68569976 0.7138993 -0.14199904 254 101 101 255 0.29682168 0.48538846
0.6531025 1.0709708 0.2910213 0.68569344 0.72789043 -5.842341e-08 254 101 101 255 0.25 0.49
0.6531025 1.0697408 0.3035101 0.6856993 0.71389884 0.14200355 254 101 101 255 0.20317832 0.48538846
0.6531025 1.0660979 0.315519 0.7330702 0.61563313 0.28914356 254 101 101 255 0.15815598 0.47173107
0.6531025 1.0601822 0.32658646 0.94174343 0.19013953 0.27742803 254 101 101 255 0.11666314 0.4495527
0.64931154 1.0522211 0.33628717 0.5513002 0.55907464 0.61927676 254 101 101 255 0.080294386 0.41970563
0.64931154 1.0425204 0.34424835 0.68569976 0.40439147 0.6052136 254 101 101 255 0.0504473 0.38333684
0.64931154 1.0314529 0.35016403 0.6639145 0.28617352 0.6908852 254 101 101 255 0.028268918 0.34184402
0.64931154 1.019444 0.35380688 0.68568015 0.14200239 0.7139175 254 101 101 255 0.014611542 0.29682168
0.64931154 1.0069551 0.35503694 0.5513004 0.042575005 0.8332198 254 101 101 255 0.010000005 0.25
0.6531025 0.9944663 0.35380688 0.94174653 0.061719637 0.33061174 254 101 101 255 0.014611542 0.20317832
0.6531025 0.9824574 0.35016406 0.73306954 -0.23086111 0.6397751 254 101 101 255 0.028268918 0.15815598
0.6531025 0.97138995 0.34424838 0.6857001 -0.4043901 0.6052141 254 101 101 255 0.0504473 0.11666314
0.6531025 0.96168923 0.33628723 0.6856924 -0.514697 0.5146969 254 101 101 255 0.080294386 0.080294386
0.6531025 0.9537281 0.3265865 0.68570024 -0.60521376 0.40439045 254 101 101 255 0.11666314 0.0504473
0.6531025 0.9441695 0.30351016 0.68570065 -0.7138984 0.14199933 254 101 101 255 0.20317832 0.014611542
0.6531025 0.94293946 0.29102132 0.68569076 -0.727893 2.3159515e-07 254 101 101 255 0.25 0.010000005
0.6531025 0.9441695 0.27853248 0.6857028 -0.7138975 -0.14199315 254 101 101 255 0.29682168 0.014611542
0.6531025 0.9478124 0.26652357 0.68567276 -0.67250156 -0.27855787 254 101 101 255 0.34184402 0.028268918
0.6531025 0.9537281 0.25545612 0.6857003 -0.60521495 -0.40438846 254 101 101 255 0.38333684 0.0504473
0.6531025 0.96168923 0.24575539 0.6856927 -0.5146973 -0.5146963 254 101 101 255 0.41970563 0.080294386
0.6531025 0.97138995 0.2377942 0.6856999 -0.40439007 -0.60521436 254 101 101 255 0.4495527 0.11666314
0.6531025 0.9944663 0.22823568 0.6857001 -0.14200178 -0.7138984 254 101 101 255 0.48538846 0.20317832
0.6531025 1.0069551 0.22700563 0.6856927 9.372408e-07 -0.72789115 254 101 101 255 0.49 0.25
0.6531025 1.019444 0.22823568 0.68570006 0.14200357 -0.71389806 254 101 101 255 0.48538846 0.29682168
0.6531025 1.0314529 0.23187853 0.6856726 0.27856076 -0.6725006 254 101 101 255 0.47173107 0.34184402
0.6531025 1.0425203 0.2377942 0.68570906 0.4043965 -0.6051996 254 101 101 255 0.4495527 0.38333684
0.6531025 1.0522211 0.24575537 0.6856925 0.5146973 -0.5146966 254 101 101 255 0.41970563 0.41970563
0.6531025 1.0601822 0.25545606 0.68569964 0.6052151 -0.40438947 254 101 101 255 0.38333684 0.4495527
0.6531025 1.0709708 0.2910213 0.68569344 0.72789043 -5.842341e-08 254 101 101 255 0 1
-0.6531048 1.0709708 0.29102117 -0.68570065 0.7278837 2.574078e-07 254 101 101 255 0.75 0.49
-0.6531048 1.0697408 0.27853233 -0.6856918 0.71390563 -0.14200565 254 101 101 255 0.79682165 0.48538846
-0.6531048 1.0660979 0.26652345 -0.68569875 0.6724749 -0.2785582 254 101 101 255 0.841844 0.47173107
-0.6531048 1.0601822 0.25545597 -0.6856729 0.60523576 -0.40440384 254 101 101 255 0.88333684 0.4495527
-0.6531048 1.0522211 0.24575529 -0.68569964 0.51469004 -0.5146944 254 101 101 255 0.9197056 0.41970563
-0.6531048 1.0425203 0.23779412 -0.6856954 0.4043943 -0.6052166 254 101 101 255 0.9495527 0.38333684
-0.6531048 1.0314529 0.23187843 -0.6856995 0.27854955 -0.6724777 254 101 101 255 0.97173107 0.34184402
-0.6531048 1.019444 0.22823557 -0.68567085 0.14200704 -0.71392536 254 101 101 255 0.98538846 0.29682168
-0.6531048 1.0069551 0.22700553 -0.6856999 -1.0461233e-06 -0.7278844 254 101 101 255 0.99 0.25
-0.6531048 0.9944663 0.22823557 -0.68569255 -0.14200495 -0.713905 254 101 101 255 0.98538846 0.20317832
-0.6531048 0.9824574 0.23187843 -0.6856902 -0.2785466 -0.6724885 254 101 101 255 0.97173107 0.15815598
-0.6531048 0.97138995 0.23779412 -0.68567246 -0.40440574 -0.605235 254 101 101 255 0.9495527 0.11666314
-0.6531048 0.96168923 0.24575529 -0.6856997 -0.5146931 -0.51469123 254 101 101 255 0.9197056 0.080294386
-0.6531048 0.9537281 0.25545603 -0.6856936 -0.605219 -0.40439376 254 101 101 255 0.88333684 0.0504473
-0.6531048 0.9478124 0.26652348 -0.6856978 -0.67247486 -0.2785609 254 101 101 255 0.841844 0.028268918
-0.6531048 0.94293946 0.2910212 -0.6857013 -0.72788304 -8.0344805e-08 254 101 101 255 0.75 0.010000005
-0.6531048 0.9441695 0.30351004 -0.6856929 -0.7139048 0.14200473 254 101 101 255 0.70317835 0.014611542
-0.6531048 0.9478124 0.31551895 -0.6856979 -0.6724759 0.27855828 254 101 101 255 0.658156 0.028268918
-0.6531048 0.9537281 0.32658643 -0.68567324 -0.60523427 0.40440544 254 101 101 255 0.61666316 0.0504473
-0.6531048 0.96168923 0.3362871 -0.68570006 -0.51469195 0.51469177 254 101 101 255 0.5802944 0.080294386
-0.6531048 0.97138995 0.3442483 -0.6856946 -0.4043956 0.60521656 254 101 101 255 0.5504473 0.11666314
-0.6531048 0.9824574 0.35016397 -0.6856998 -0.27854997 0.6724773 254 101 101 255 0.52826893 0.15815598
-0.6531048 1.0069551 0.35503682 -0.6857017 5.495361e-08 0.7278826 254 101 101 255 0.51 0.25
-0.6531048 1.019444 0.3538068 -0.6856859 0.1419998 0.7139125 254 101 101 255 0.51461154 0.29682168
-0.6531048 1.0314529 0.35016394 -0.6857103 0.27854988 0.6724667 254 101 101 255 0.52826893 0.34184402
-0.6531048 1.0425204 0.34424827 -0.6856728 0.40440637 0.6052341 254 101 101 255 0.5504473 0.38333684
-0.6531048 1.0522211 0.33628708 -0.6857078 0.51469785 0.5146755 254 101 101 255 0.5802944 0.41970563
-0.6531048 1.0601822 0.32658637 -0.68569374 0.6052192 0.40439335 254 101 101 255 0.61666316 0.4495527
-0.6531048 1.0660979 0.31551892 -0.68569887 0.6724741 0.27856028 254 101 101 255 0.658156 0.47173107
-0.46799743 1.3626465 0.32193753 -0.7103003 -0.54070765 -0.45067582 254 101 101 255 0.99999994 0.99999994
-0.21615939 -2.0097384 0.5549905 -0.06446678 -0.690952 -0.7200204 254 101 101 255 0 0
-0.6087776 2.0003328 0.5441372 -0.11358436 0.92647296 -0.35881254 254 101 101 255 4.85802e-05 5.8296246e-05
-0.6531036 -1.3507609 0.27853242 -0.68569916 0.71389884 -0.14200377 254 101 101 255 0.29682168 0.48538846
-0.6531036 -1.3544039 0.2665235 -0.6856934 0.67248315 -0.27855176 254 101 101 255 0.34184402 0.47173107
-0.6531036 -1.3603195 0.25545606 -0.6857057 0.60521954 -0.40437242 254 101 101 255 0.38333684 0.4495527
-0.6531036 -1.3682806 0.24575534 -0.6856728 0.5147097 -0.5147104 254 101 101 255 0.41970563 0.41970563
-0.6531036 -1.3779814 0.23779418 -0.6857005 0.4043906 -0.60521334 254 101 101 255 0.4495527 0.38333684
-0.6531036 -1.3890488 0.2318785 -0.6856924 0.27855375 -0.6724832 254 101 101 255 0.47173107 0.34184402
-0.6531036 -1.4010577 0.22823565 -0.6857001 0.14200227 -0.7138982 254 101 101 255 0.48538846 0.29682168
-0.6531036 -1.4135466 0.2270056 -0.68567055 -1.6820637e-06 -0.72791207 254 101 101 255 0.49 0.25
-0.6531036 -1.4260354 0.22823565 -0.68570006 -0.14200309 -0.71389824 254 101 101 255 0.48538846 0.20317832
-0.6531036 -1.4380443 0.2318785 -0.68569297 -0.2785505 -0.67248404 254 101 101 255 0.47173107 0.15815598
-0.6531036 -1.4491118 0.23779418 -0.68569934 -0.40439138 -0.6052141 254 101 101 255 0.4495527 0.11666314
-0.6531036 -1.4588125 0.24575536 -0.68567497 -0.5147099 -0.51470727 254 101 101 255 0.41970563 0.080294386
-0.6531036 -1.4667736 0.2554561 -0.685704 -0.60522044 -0.40437397 254 101 101 255 0.38333684 0.0504473
-0.6531036 -1.4726893 0.26652354 -0.6856938 -0.67248285 -0.2785514 254 101 101 255 0.34184402 0.028268918
-0.6531036 -1.4763322 0.27853245 -0.6856993 -0.7138988 -0.1420034 254 101 101 255 0.29682168 0.014611542
-0.6531036 -1.4763322 0.30351013 -0.68569916 -0.7138989 0.14200382 254 101 101 255 0.20317832 0.014611542
-0.6531036 -1.4726893 0.315519 -0.6856937 -0.6724834 0.27855048 254 101 101 255 0.15815598 0.028268918
-0.6531036 -1.4667736 0.32658648 -0.6857055 -0.60522044 0.40437153 254 101 101 255 0.11666314 0.0504473
-0.6531036 -1.4588125 0.3362872 -0.6856729 -0.51470894 0.5147111 254 101 101 255 0.080294386 0.080294386
-0.6531036 -1.4491117 0.34424835 -0.6857005 -0.40438974 0.6052139 254 101 101 255 0.0504473 0.11666314
-0.6531036 -1.4380443 0.35016403 -0.6856927 -0.27855483 0.67248255 254 101 101 255 0.028268918 0.15815598
-0.6531036 -1.4260354 0.3538069 -0.6856997 -0.14200489 0.7138982 254 101 101 255 0.014611542 0.20317832
-0.6531036 -1.4010577 0.3538069 -0.68569964 0.14200185 0.71389884 254 101 101 255 0.014611542 0.29682168
-0.6531036 -1.3890488 0.35016403 -0.6856934 0.2785515 0.6724833 254 101 101 255 0.028268918 0.34184402
-0.6531036 -1.3779813 0.34424832 -0.6856992 0.40439245 0.6052135 254 101 101 255 0.0504473 0.38333684
-0.6531036 -1.3682806 0.33628714 -0.6856735 0.5147099 0.51470935 254 101 101 255 0.080294386 0.41970563
-0.6531036 -1.3603195 0.32658646 -0.6857053 0.6052193 0.40437335 254 101 101 255 0.11666314 0.4495527
-0.6531036 -1.3544039 0.31551898 -0.68569404 0.6724832 0.27855015 254 101 101 255 0.15815598 0.47173107
-0.6531036 -1.3507609 0.30351007 -0.6856993 0.7138989 0.14200345 254 101 101 255 0.20317832 0.48538846
-0.6531036 -1.3495309 0.29102126 -0.6856825 0.72790086 -3.5678053e-07 254 101 101 255 0 1
0.6531037 -1.3495309 0.29102114 0.68570065 0.7278837 2.574078e-07 254 101 101 255 0.75 0.49
0.6531037 -1.3507609 0.30350998 0.6856918 0.7139057 0.14200535 254 101 101 255 0.70317835 0.48538846
0.6531037 -1.3544039 0.3155189 0.68569875 0.6724746 0.27855912 254 101 101 255 0.658156 0.47173107
0.6531037 -1.3603195 0.32658634 0.68567246 0.6052359 0.4044045 254 101 101 255 0.61666316 0.4495527
0.6531037 -1.3682806 0.33628705 0.6857004 0.51469254 0.5146908 254 101 101 255 0.5802944 0.41970563
0.6531037 -1.3779813 0.34424824 0.68569195 0.4043949 0.6052202 254 101 101 255 0.5504473 0.38333684
0.6531037 -1.3890488 0.35016394 0.6857002 0.27854958 0.67247707 254 101 101 255 0.52826893 0.34184402
0.6531037 -1.4010577 0.3538068 0.6856706 0.1420103 0.713925 254 101 101 255 0.51461154 0.29682168
0.6531037 -1.4135466 0.35503685 0.68569976 1.0519778e-06 0.72788453 254 101 101 255 0.51 0.25
0.6531037 -1.4260354 0.3538068 0.68569034 -0.14200255 0.71390754 254 101 101 255 0.51461154 0.20317832
0.6531037 -1.4380443 0.35016394 0.6856999 -0.2785493 0.6724775 254 101 101 255 0.52826893 0.15815598
0.6531037 -1.4491117 0.34424827 0.6856733 -0.40440533 0.6052342 254 101 101 255 0.5504473 0.11666314
0.6531037 -1.4588125 0.33628708 0.6856997 -0.51469135 0.514693 254 101 101 255 0.5802944 0.080294386
0.6531037 -1.4667736 0.32658637 0.68569446 -0.6052213 0.4043889 254 101 101 255 0.61666316 0.0504473
0.6531037 -1.4726893 0.31551892 0.68569875 -0.67247415 0.27856016 254 101 101 255 0.658156 0.028268918
0.6531037 -1.4775622 0.29102117 0.68570065 -0.72788364 -2.6086337e-07 254 101 101 255 0.75 0.010000005
0.6531037 -1.4763322 0.27853236 0.68569183 -0.71390563 -0.14200535 254 101 101 255 0.79682165 0.014611542
0.6531037 -1.4726893 0.26652345 0.6856988 -0.672475 -0.27855802 254 101 101 255 0.841844 0.028268918
0.6531037 -1.4667736 0.25545597 0.68567413 -0.6052345 -0.40440372 254 101 101 255 0.88333684 0.0504473
0.6531037 -1.4588125 0.24575526 0.6856987 -0.51469344 -0.5146922 254 101 101 255 0.9197056 0.080294386
0.6531037 -1.4491118 0.23779409 0.6856922 -0.40439558 -0.6052194 254 101 101 255 0.9495527 0.11666314
0.6531037 -1.4380443 0.2318784 0.68570006 -0.2785496 -0.67247725 254 101 101 255 0.97173107 0.15815598
0.6531037 -1.4135466 0.2270055 0.6856998 1.5706561e-06 -0.7278845 254 101 101 255 0.99 0.25
0.6531037 -1.4010577 0.22823554 0.6856902 0.1420038 -0.7139074 254 101 101 255 0.98538846 0.29682168
0.6531037 -1.3890488 0.2318784 0.6856995 0.27854955 -0.6724777 254 101 101 255 0.97173107 0.34184402
0.6531037 -1.3779814 0.23779409 0.6856739 0.40440416 -0.60523444 254 101 101 255 0.9495527 0.38333684
0.6531037 -1.3682806 0.24575526 0.68569964 0.5146913 -0.514693 254 101 101 255 0.9197056 0.41970563
0.6531037 -1.3603195 0.25545594 0.6856944 0.605222 -0.40438798 254 101 101 255 0.88333684 0.4495527
0.6531037 -1.3544039 0.26652342 0.68569887 0.6724745 -0.27855897 254 101 101 255 0.841844 0.47173107
-0.6531025 1.0697408 0.27853245 -0.6856993 0.7138988 -0.14200415 254 101 101 255 0.29682168 0.48538846
-0.6531025 1.0660979 0.26652354 -0.68569344 0.67248297 -0.27855206 254 101 101 255 0.34184402 0.47173107
-0.6531025 1.0601822 0.25545606 -0.68569964 0.6052151 -0.40438947 254 101 101 255 0.38333684 0.4495527
-0.6531025 1.0522211 0.24575537 -0.68567324 0.51471066 -0.5147088 254 101 101 255 0.41970563 0.41970563
-0.6531025 1.0425203 0.2377942 -0.68570906 0.4043965 -0.6051996 254 101 101 255 0.4495527 0.38333684
-0.6531025 1.0314529 0.23187853 -0.6856928 0.2785539 -0.6724829 254 101 101 255 0.47173107 0.34184402
-0.6531025 1.019444 0.22823568 -0.68570006 0.14200357 -0.71389806 254 101 101 255 0.48538846 0.29682168
-0.6531025 1.0069551 0.22700563 -0.68567055 9.3726766e-07 -0.72791207 254 101 101 255 0.49 0.25
-0.6531025 0.9944663 0.22823568 -0.6857001 -0.14200178 -0.7138984 254 101 101 255 0.48538846 0.20317832
-0.6531025 0.9824574 0.23187853 -0.6856927 -0.27855134 -0.6724839 254 101 101 255 0.47173107 0.15815598
-0.6531025 0.97138995 0.2377942 -0.6856999 -0.40439007 -0.60521436 254 101 101 255 0.4495527 0.11666314
-0.6531025 0.96168923 0.24575539 -0.68567294 -0.5147104 -0.5147096 254 101 101 255 0.41970563 0.080294386
-0.6531025 0.9537281 0.25545612 -0.6857003 -0.60521495 -0.40438846 254 101 101 255 0.38333684 0.0504473
-0.6531025 0.9478124 0.26652357 -0.6856919 -0.672484 -0.27855325 254 101 101 255 0.34184402 0.028268918
-0.6531025 0.9441695 0.27853248 -0.6857007 -0.71389854 -0.14199825 254 101 101 255 0.29682168 0.014611542
-0.6531025 0.9441695 0.30351016 -0.68570113 -0.7138989 0.14199422 254 101 101 255 0.20317832 0.014611542
-0.6531025 0.9478124 0.31551903 -0.6856927 -0.6724836 0.27855235 254 101 101 255 0.15815598 0.028268918
-0.6531025 0.9537281 0.3265865 -0.68570024 -0.60521376 0.40439045 254 101 101 255 0.11666314 0.0504473
-0.6531025 0.96168923 0.33628723 -0.72227883 -0.47437987 0.50326645 254 101 101 255 0.080294386 0.080294386
-0.6531025 0.97138995 0.34424838 -0.6857001 -0.4043901 0.6052141 254 101 101 255 0.0504473 0.11666314
-0.6531025 0.9824574 0.35016406 -0.81238014 -0.17235644 0.5570745 254 101 101 255 0.028268918 0.15815598
-0.6531025 0.9944663 0.35380688 -0.94174653 0.061719637 0.33061174 254 101 101 255 0.014611542 0.20317832
-0.64931154 1.019444 0.35380688 -0.6856903 0.14200449 0.71390724 254 101 101 255 0.014611542 0.29682168
-0.64931154 1.0314529 0.35016403 -0.6856952 0.27855235 0.67248106 254 101 101 255 0.028268918 0.34184402
-0.64931154 1.0425204 0.34424835 -0.68569976 0.40439147 0.6052136 254 101 101 255 0.0504473 0.38333684
-0.64931154 1.0522211 0.33628717 -0.6580167 0.50723636 0.5565298 254 101 101 255 0.080294386 0.41970563
-0.6531025 1.0601822 0.32658646 -0.9417435 0.19013955 0.2774279 254 101 101 255 0.11666314 0.4495527
-0.6531025 1.0660979 0.315519 -0.81238 0.51578784 0.27203277 254 101 101 255 0.15815598 0.47173107
-0.6531025 1.0697408 0.3035101 -0.6856998 0.7138994 0.14199847 254 101 101 255 0.20317832 0.48538846
-0.6531025 1.0709708 0.2910213 -0.6944123 0.719383 0.016723705 254 101 101 255 0 1
0.6531048 1.0709708 0.29102117 0.68570065 0.7278837 2.574078e-07 254 101 101 255 0.75 0.49
0.6531048 1.0697408 0.30351 0.68569183 0.7139057 0.14200535 254 101 101 255 0.70317835 0.48538846
0.6531048 1.0660979 0.31551892 0.68569887 0.6724741 0.27856028 254 101 101 255 0.658156 0.47173107
0.6531048 1.0601822 0.32658637 0.6856734 0.6052339 0.40440568 254 101 101 255 0.61666316 0.4495527
0.6531048 1.0522211 0.33628708 0.6857078 0.51469785 0.5146755 254 101 101 255 0.5802944 0.41970563
0.6531048 1.0425204 0.34424827 0.68569267 0.4043961 0.6052185 254 101 101 255 0.5504473 0.38333684
0.6531048 1.0314529 0.35016394 0.6857007 0.278546 0.6724781 254 101 101 255 0.52826893 0.34184402
0.6531048 1.019444 0.3538068 0.685671 0.14200525 0.7139257 254 101 101 255 0.51461154 0.29682168
0.6531048 1.0069551 0.35503682 0.6857017 5.495361e-08 0.7278826 254 101 101 255 0.51 0.25
0.6531048 0.9944663 0.3538068 0.68569124 -0.14200571 0.71390617 254 101 101 255 0.51461154 0.20317832
0.6531048 0.9824574 0.35016397 0.6856903 -0.27854607 0.67248863 254 101 101 255 0.52826893 0.15815598
0.6531048 0.97138995 0.3442483 0.6856722 -0.40440428 0.60523623 254 101 101 255 0.5504473 0.11666314
0.6531048 0.96168923 0.3362871 0.68570006 -0.51469195 0.51469177 254 101 101 255 0.5802944 0.080294386
0.6531048 0.9537281 0.32658643 0.6856935 -0.6052194 0.40439335 254 101 101 255 0.61666316 0.0504473
0.6531048 0.9478124 0.31551895 0.6856979 -0.6724759 0.27855828 254 101 101 255 0.658156 0.028268918
0.6531048 0.94293946 0.2910212 0.6856997 -0.7278846 -3.970564e-07 254 101 101 255 0.75 0.010000005
0.6531048 0.9441695 0.2785324 0.68569285 -0.71390456 -0.14200573 254 101 101 255 0.79682165 0.014611542
0.6531048 0.9478124 0.26652348 0.6856978 -0.6724748 -0.27856088 254 101 101 255 0.841844 0.028268918
0.6531048 0.9537281 0.25545603 0.6856735 -0.6052338 -0.4044058 254 101 101 255 0.88333684 0.0504473
0.6531048 0.96168923 0.24575529 0.6856997 -0.5146931 -0.51469123 254 101 101 255 0.9197056 0.080294386
0.6531048 0.97138995 0.23779412 0.6856949 -0.4043971 -0.6052154 254 101 101 255 0.9495527 0.11666314
0.6531048 0.9824574 0.23187843 0.6856998 -0.27855048 -0.6724771 254 101 101 255 0.97173107 0.15815598
0.6531048 1.0069551 0.22700553 0.6856999 -1.0461233e-06 -0.7278844 254 101 101 255 0.99 0.25
0.6531048 1.019444 0.22823557 0.6856876 0.14200193 -0.7139104 254 101 101 255 0.98538846 0.29682168
0.6531048 1.0314529 0.23187843 0.68569 0.27854568 -0.6724891 254 101 101 255 0.97173107 0.34184402
0.6531048 1.0425203 0.23779412 0.6856732 0.404403 -0.6052359 254 101 101 255 0.9495527 0.38333684
0.6531048 1.0522211 0.24575529 0.68569964 0.51469004 -0.5146944 254 101 101 255 0.9197056 0.41970563
0.6531048 1.0601822 0.25545597 0.68569314 0.6052209 -0.40439174 254 101 101 255 0.88333684 0.4495527
0.6531048 1.0660979 0.26652345 0.68569875 0.6724749 -0.2785582 254 101 101 255 0.841844 0.47173107
-0.64784247 -1.2379717 0.14369641 0.664377 0.5725377 -0.48042062 0 0 0 0 0.88888884 0.5
-0.79610586 -1.2034479 0.20349336 -0.7016303 0.63191 -0.32924858 0 0 0 0 0.93707997 1
-0.7857145 -1.1981721 0.21263137 -0.043824263 0.9387889 -0.34169415 0 0 0 0 0.9444444 0.98866546
-0.79610586 -1.2034479 0.20349336 -0.7016303 0.63191 -0.32924858 0 0 0 0 0.34165356 0.4700017
-0.79610586 -1.2583174 0.16076848 -0.9332732 -0.2751382 0.23086861 0 0 0 0 0.38639233 0.41254604
-0.79610586 -1.2284055 0.2125772 -0.97822666 -0.20413053 -0.037462056 0 0 0 0 0.33214158 0.44386777
-0.6478425 -1.3737469 0.06530666 0.6643752 0.12978211 -0.73604506 0 0 0 0 0.7777777 0.5
-0.7961059 -1.3638316 0.068915606 -0.7016224 0.21451999 -0.6794904 0 0 0 0 0.7851421 1
-0.78571457 -1.2989482 0.09253119 -0.043825474 0.49951902 -0.86519367 0 0 0 0 0.83333325 0.98866546
-0.7961059 -1.3088635 0.08892232 -0.70163214 0.2724342 -0.6584011 0 0 0 0 0.4616251 0.3596173
-0.79610586 -1.3684436 0.09507142 -0.97822696 0.072343096 0.19452123 0 0 0 0 0.4551862 0.29722887
-0.79610586 -1.3221432 0.11192338 -0.97822666 -0.18045303 0.102514446 0 0 0 0 0.43753985 0.34571168
-0.7961059 -1.3842986 0.06530672 -0.7016382 0.030817064 -0.71186674 0 0 0 0 0.48635384 0.28062654
-0.7961059 -1.448734 0.09146257 -0.93327343 0.062368307 0.35371032 0 0 0 0 0.45896515 0.21315378
-0.7961059 -1.3889105 0.09146254 -0.97822636 -0.13450831 0.15805313 0 0 0 0 0.45896518 0.2757972
-0.64784247 -1.5891212 0.1436965 0.66435254 -0.57255805 -0.48043013 0 0 0 0 0.6111109 0.5
-0.79610586 -1.5810382 0.13691409 -0.7016283 -0.48119214 -0.52552056 0 0 0 0 0.6184754 1
-0.78571457 -1.5281448 0.09253125 -0.04382558 -0.49951994 -0.8651931 0 0 0 0 0.6666665 0.98866546
-0.79610586 -1.5362278 0.099313736 -0.7016376 -0.4339731 -0.5651302 0 0 0 0 0.45074394 0.12153596
-0.79610586 -1.5606925 0.1539861 -0.9782266 0.20463347 0.03461042 0 0 0 0 0.39349446 0.095918
-0.79610586 -1.5229481 0.12231478 -0.97822654 -0.0014470039 0.20753485 0 0 0 0 0.4266587 0.13544154
-0.79610586 -1.5740514 0.16990656 -0.9782268 0.069622174 0.19551288 0 0 0 0 0.37682357 0.08192945
-0.79610586 -1.6289208 0.21263146 -0.66435754 -0.70233995 -0.25563216 0 0 0 0 0.33208483 0.024473771
-0.79610586 -1.6039631 0.22171529 -0.933274 0.33750525 0.12284161 0 0 0 0 0.32257283 0.050607756
-0.64784247 -1.6289208 0.36941114 0.6643753 -0.7023246 0.25562778 0 0 0 0 0.44444424 0.5
-0.79610586 -1.630753 0.35901982 -0.7016211 -0.6957172 0.15396565 0 0 0 0 0.45180866 1
-0.7857145 -1.642743 0.29102132 -0.043824613 -0.99903935 7.7795767e-07 0 0 0 0 0.4999998 0.98866546
-0.79610586 -1.6409107 0.30141267 -0.7016372 -0.70640403 0.09326621 0 0 0 0 0.23911884 0.011918645
-0.79610586 -1.6057954 0.349936 -0.97822666 0.13229197 -0.15991111 0 0 0 0 0.1883083 0.048689134
-0.79610586 -1.6143514 0.30141267 -0.978227 0.17900415 0.10502158 0 0 0 0 0.23911884 0.03972986
-0.79610586 -1.623645 0.37854916 -0.7016373 -0.63190407 0.32924524 0 0 0 0 0.15834643 0.029998284
-0.79610586 -1.5687755 0.42127407 -0.9332731 0.27513835 -0.23086876 0 0 0 0 0.113607675 0.08745396
-0.79610586 -1.5986873 0.36946535 -0.97822636 0.20413178 0.03746225 0 0 0 0 0.16785842 0.056132283
-0.6478424 -1.4533459 0.5167358 0.6643547 -0.12978554 0.7360629 0 0 0 0 0.27777758 0.5
-0.7961058 -1.4632612 0.51312697 -0.7016201 -0.2145205 0.6794927 0 0 0 0 0.28514203 1
-0.78571445 -1.5281447 0.4895113 -0.04382336 -0.4995183 0.8651942 0 0 0 0 0.33333313 0.98866546
-0.7961058 -1.5182294 0.49312022 -0.7016373 -0.27243087 0.65839696 0 0 0 0 0.038374927 0.14038268
-0.79610586 -1.4586493 0.4869712 -0.97822756 -0.07234117 -0.19451945 0 0 0 0 0.044813834 0.20277113
-0.79610586 -1.5049497 0.47011918 -0.9782266 0.18045436 -0.102513455 0 0 0 0 0.062460147 0.15428826
-0.7961058 -1.4427943 0.5167359 -0.70163655 -0.03081685 0.7118683 0 0 0 0 0.013646156 0.21937346
-0.7961058 -1.3783588 0.49058002 -0.9332732 -0.062369138 -0.35371074 0 0 0 0 0.041034844 0.28684616
-0.7961058 -1.4381824 0.49058008 -0.9782261 0.1345109 -0.1580524 0 0 0 0 0.04103484 0.22420283
-0.64784247 -1.2379717 0.4383459 0.6643748 0.57254267 0.4804176 0 0 0 0 0.111110926 0.5
-0.79610586 -1.2460546 0.44512844 -0.7016281 0.4811924 0.5255207 0 0 0 0 0.11847536 1
-0.78571445 -1.298948 0.48951125 -0.04382318 0.4995208 0.8651928 0 0 0 0 0.16666648 0.98866546
-0.79610586 -1.2908651 0.4827288 -0.7016301 0.43397573 0.5651374 0 0 0 0 0.04925608 0.37846404
-0.79610586 -1.2664003 0.42805645 -0.9782266 -0.20463341 -0.03461063 0 0 0 0 0.1065055 0.404082
-0.79610586 -1.3041447 0.45972776 -0.978227 0.00144692 -0.2075327 0 0 0 0 0.0733413 0.3645584
-0.7807082 -1.4329793 0.2747152 -0.95074314 -0.23657498 -0.20029913 0 0 0 0 0.28039822 0.21377271
-0.79590523 -1.4221894 0.2760515 -0.8301333 -0.2787824 -0.48286548 0 0 0 0 0.29095545 0.22635427
-0.7807082 -1.4262304 0.26905215 -0.9479736 -0.146784 -0.28248996 0 0 0 0 0.29095545 0.22635427
-0.79610586 -1.2326958 0.42920798 -0.70163035 0.60109276 0.3826257 0 0 0 0 0.105299704 0.43937513
-0.79610586 -1.2231296 0.36032724 -0.93327343 -0.3375065 -0.12284241 0 0 0 0 0.17742714 0.44939223
-0.79610586 -1.2530414 0.412136 -0.97822684 -0.06962208 -0.19551264 0 0 0 0 0.123176396 0.41807055
-0.79610586 -1.1981721 0.36941105 -0.6643649 0.70233375 0.25563002 0 0 0 0 0.16791517 0.4755262
-0.79610586 -1.2127414 0.30141258 -0.9782265 -0.17900766 0.105019845 0 0 0 0 0.23911884 0.46027017
-0.6478424 -1.298948 0.48951122 0.66435736 0.37371027 0.6472789 0 0 0 0 0.5421539 0.37
-0.64784247 -1.5891212 0.1436965 0.66435254 -0.57255805 -0.48043013 0 0 0 0 0.90426904 0.06614934
-0.6478425 -1.2989482 0.092531145 0.66436416 0.37370154 -0.647277 0 0 0 0 0.9578461 0.37
-0.64784247 -1.1981721 0.21263134 0.6643572 0.70233977 -0.25563338 0 0 0 0 0.9444444 0.5
-0.79610586 -1.1963398 0.22302271 -0.701628 0.6957104 -0.15396486 0 0 0 0 0.95180887 1
-0.7857145 -1.1843499 0.2910212 -0.04382459 0.99903935 -2.2950405e-06 0 0 0 0 1 0.98866546
-0.64784247 -1.1843499 0.29102117 0.664377 0.74739766 -3.2171872e-06 0 0 0 0 -1.8626451e-07 0.5
-0.79610586 -1.1861821 0.30141255 -0.7016273 0.70641387 0.09326694 0 0 0 0 0.007364256 1
-0.79610586 -1.1981721 0.36941105 -0.6643649 0.70233375 0.25563002 0 0 0 0 0.05555537 1
-0.6478425 -1.2989482 0.092531145 0.66436416 0.37370154 -0.647277 0 0 0 0 0.83333325 0.5
-0.79610586 -1.2908652 0.09931368 -0.7016282 0.43397862 -0.5651375 0 0 0 0 0.8406977 1
-0.79610586 -1.2379717 0.14369647 -0.6643721 0.5725438 -0.48041993 0 0 0 0 0.88888884 1
-0.6478425 -1.453346 0.06530669 0.6643552 -0.12979023 -0.73606163 0 0 0 0 0.7222221 0.5
-0.7961059 -1.3842986 0.06530672 -0.7016382 0.030817064 -0.71186674 0 0 0 0 0.7704132 1
-0.78571457 -1.3737469 0.06530671 -0.04382613 0.1734795 -0.9838619 0 0 0 0 0.7777777 0.98866546
-0.7961059 -1.453346 0.06530675 -0.6643652 -0.12978494 -0.7360536 0 0 0 0 0.48635384 0.20832443
-0.79610586 -1.5049498 0.11192341 -0.97822654 0.18045354 0.102516145 0 0 0 0 0.43753985 0.15428826
-0.6478425 -1.5281448 0.092531204 0.6643764 -0.37370142 -0.6472644 0 0 0 0 0.6666665 0.5
-0.7961059 -1.5182295 0.08892238 -0.7016287 -0.2724351 -0.6584044 0 0 0 0 0.67403096 1
-0.7961059 -1.453346 0.06530675 -0.6643652 -0.12978494 -0.7360536 0 0 0 0 0.7222221 1
-0.64784247 -1.6289208 0.21263143 0.66437656 -0.7023254 -0.2556225 0 0 0 0 0.55555534 0.5
-0.79610586 -1.5943971 0.15283456 -0.70163673 -0.60108775 -0.38262194 0 0 0 0 0.6037465 1
-0.7857145 -1.5891212 0.14369655 -0.04382483 -0.7653105 -0.6421677 0 0 0 0 0.6111109 0.98866546
-0.79610586 -1.6143514 0.28062996 -0.9782265 0.17900763 -0.10501988 0 0 0 0 0.26088116 0.039729856
-0.64784247 -1.642743 0.2910213 0.6643566 -0.7474157 2.9863857e-06 0 0 0 0 0.4999998 0.5
-0.79610586 -1.6409107 0.28062996 -0.7016273 -0.7064138 -0.093267284 0 0 0 0 0.5073642 1
-0.79610586 -1.6289208 0.21263146 -0.66435754 -0.70233995 -0.25563216 0 0 0 0 0.55555534 1
-0.64784247 -1.5891211 0.43834603 0.6643483 -0.57255757 0.48043644 0 0 0 0 0.3888887 0.5
-0.79610586 -1.623645 0.37854916 -0.7016373 -0.63190407 0.32924524 0 0 0 0 0.4370798 1
-0.7857145 -1.6289208 0.36941117 -0.04382423 -0.9387894 0.3416929 0 0 0 0 0.44444424 0.98866546
-0.79610586 -1.5362277 0.48272887 -0.7016209 -0.43398136 0.5651446 0 0 0 0 0.049256094 0.12153595
-0.79610586 -1.522948 0.45972782 -0.9782269 -0.0014457776 -0.20753361 0 0 0 0 0.07334131 0.13544154
-0.6478424 -1.5281447 0.48951128 0.66437835 -0.3736957 0.64726585 0 0 0 0 0.33333313 0.5
-0.79610586 -1.5362277 0.48272887 -0.7016209 -0.43398136 0.5651446 0 0 0 0 0.3406976 1
-0.79610586 -1.5891211 0.4383461 -0.66437197 -0.5725439 0.48042 0 0 0 0 0.3888887 1
-0.6478424 -1.3737468 0.5167358 0.66437656 0.12978736 0.7360428 0 0 0 0 0.22222203 0.5
-0.7961058 -1.4427943 0.5167359 -0.70163655 -0.03081685 0.7118683 0 0 0 0 0.27041313 1
-0.78571445 -1.4533459 0.51673585 -0.043823007 -0.17347917 0.98386204 0 0 0 0 0.27777758 0.98866546
-0.7961058 -1.3088634 0.49312016 -0.70162696 0.2724348 0.6584063 0 0 0 0 0.038374923 0.35961735
-0.79610586 -1.3221431 0.47011915 -0.97822636 -0.180455 -0.10251455 0 0 0 0 0.06246015 0.34571168
-0.6478424 -1.298948 0.48951122 0.66435736 0.37371027 0.6472789 0 0 0 0 0.16666648 0.5
-0.7961058 -1.3088634 0.49312016 -0.70162696 0.2724348 0.6584063 0 0 0 0 0.17403091 1
-0.7961058 -1.3737468 0.51673585 -0.66437215 0.12978405 0.73604745 0 0 0 0 0.22222203 1
-0.64784247 -1.1981721 0.36941105 0.6643553 0.70234317 0.25562885 0 0 0 0 0.05555537 0.5
-0.79610586 -1.2326958 0.42920798 -0.70163035 0.60109276 0.3826257 0 0 0 0 0.103746496 1
-0.7857145 -1.2379717 0.43834597 -0.04382426 0.76531017 0.642168 0 0 0 0 0.111110926 0.98866546
-0.75994676 -1.4252498 0.22464803 -0.60776246 -0.13789739 -0.7820544 0 0 0 0 0.35619193 0.23127544
-0.79610586 -1.4441595 0.21721527 -0.83161885 0.24843428 -0.49667948 0 0 0 0 0.34818453 0.20927528
-0.79610586 -1.4276218 0.21119604 -0.60576427 -0.14062634 -0.78311807 0 0 0 0 0.35619193 0.23127544
-0.79610586 -1.2908652 0.09931368 -0.7016282 0.43397862 -0.5651375 0 0 0 0 0.4507439 0.37846407
-0.79610586 -1.3041449 0.12231472 -0.97822636 0.0014460902 0.20753583 0 0 0 0 0.4266587 0.3645584
-0.79610586 -1.4100227 0.21119602 -0.8316185 -0.40332678 -0.38175675 0 0 0 0 0.356192 0.2546876
-0.75994676 -1.2536948 0.24203476 -0.7052562 -0.11698092 0.69923466 0 0 0 0 0.31169167 0.45131093
-0.79610586 -1.2127414 0.28062987 -0.9782265 -0.17900726 -0.10502077 0 0 0 0 0.26088116 0.46027017
-0.79610586 -1.2212974 0.23210655 -0.97822684 -0.13228987 0.15991196 0 0 0 0 0.31169167 0.45131093
-0.79610586 -1.3829334 0.21721524 -0.8316127 -0.2484308 -0.49669152 0 0 0 0 0.3481846 0.2907247
-0.75994676 -1.3935987 0.22764874 -0.47888085 0.7208474 -0.5010511 0 0 0 0 0.35139108 0.28191492
-0.79610586 -1.3895558 0.21480489 -0.8594634 0.49571258 -0.124867596 0 0 0 0 0.35139108 0.28191492
-0.79610586 -1.3595364 0.349906 -0.8594668 -0.13972121 0.49172634 0 0 0 0 0.17166534 0.32184976
-0.75994676 -1.2911971 0.4049636 -0.70525604 -0.6640457 0.24830885 0 0 0 0 0.1065055 0.404082
-0.75994676 -1.3619171 0.2476992 -0.6077575 0.6083328 -0.51045275 0 0 0 0 0.31931192 0.33260268
-0.79610586 -1.364935 0.2276066 -0.8316177 0.5543561 -0.03318984 0 0 0 0 0.3343609 0.314668
-0.79610586 -1.3514534 0.23891902 -0.60576415 0.607887 -0.51334524 0 0 0 0 0.31931192 0.33260268
-0.75994676 -1.2800894 0.39172602 -0.7052348 0.12925519 -0.69709176 0 0 0 0 0.12317639 0.41807055
-0.79610586 -1.3461776 0.3339855 -0.83161765 0.5322758 -0.15841268 0 0 0 0 0.19284445 0.33962116
-0.75994676 -1.5718746 0.23339461 -0.9012958 0.40707898 0.14816433 0 0 0 0 0.32257283 0.050607756
-0.75994676 -1.3502138 0.3140725 -0.60775775 0.7462312 0.27160558 0 0 0 0 0.2131199 0.3513272
-0.79610586 -1.334322 0.30141258 -0.8316191 0.30591977 0.4634898 0 0 0 0 0.23617634 0.3553927
-0.79610586 -1.337378 0.3187443 -0.6057645 0.74851286 0.26977363 0 0 0 0 0.2131199 0.3513272
-0.79610586 -1.3829334 0.3648273 -0.8316189 -0.24843358 0.4966797 0 0 0 0 0.15181541 0.2907247
-0.75994676 -1.3375461 0.43993795 -0.7052348 -0.70894635 0.006243467 0 0 0 0 0.062460147 0.34571168
-0.79610586 -1.3426539 0.25416023 -0.8316185 0.12894805 -0.5401695 0 0 0 0 0.2990364 0.34430873
-0.75994676 -1.3225808 0.43129772 -0.7052418 0.35987616 -0.6108382 0 0 0 0 0.0733413 0.36455843
-0.79610586 -1.364935 0.35443595 -0.8316091 0.5543681 0.03320462 0 0 0 0 0.16563909 0.31466797
-0.79610586 -1.334322 0.28062987 -0.83161175 0.3059341 -0.46349367 0 0 0 0 0.2638237 0.35539266
-0.75994676 -1.3486903 0.27661029 -0.47888127 0.7943468 0.37374574 0 0 0 0 0.2730564 0.35376465
-0.79610586 -1.3355458 0.27368957 -0.8594633 0.35599494 0.36686578 0 0 0 0 0.2730564 0.35376465
-0.79610586 -1.4375371 0.3672377 -0.85946536 -0.4957105 0.12486135 0 0 0 0 0.14860891 0.21808511
-0.75994676 -1.4510486 0.4539501 -0.7052559 -0.5470649 -0.45092598 0 0 0 0 0.044813827 0.20277113
-0.75994676 -1.5358958 0.17707899 -0.7052558 0.6640457 -0.24830936 0 0 0 0 0.39349446 0.095918
-0.75994676 -1.2552183 0.34864798 -0.9012957 -0.40707916 -0.14816464 0 0 0 0 0.17742714 0.44939223
-0.79610586 -1.3428811 0.29102126 -0.98278487 -0.18409796 -0.015557414 0 0 0 0 0.25 0.34653383
-0.7807082 -1.3897085 0.28234497 -0.9507379 0.29176542 -0.10473986 0 0 0 0 0.2661746 0.29443932
-0.75994676 -1.4340308 0.45695084 -0.70523506 0.66832674 -0.23660734 0 0 0 0 0.041034844 0.22420283
-0.79610586 -1.41707 0.37084657 -0.83161896 0.40332618 0.38175642 0 0 0 0 0.14380798 0.24531242
-0.79610586 -1.3471427 0.2668523 -0.976477 -0.16137104 0.14301065 0 0 0 0 0.2830165 0.34071213
-0.7807082 -1.3941135 0.2747152 -0.94520265 0.24090157 -0.22035961 0 0 0 0 0.28039825 0.28622726
-0.7807082 -1.3881787 0.29102126 -0.9479741 0.31803423 0.014125986 0 0 0 0 0.25000003 0.2972913
-0.79610586 -1.3782138 0.2298233 -0.98278475 -0.10552203 0.15165487 0 0 0 0 0.33360073 0.29826692
-0.7807082 -1.4091414 0.2660389 -0.95073766 0.05517555 -0.30504704 0 0 0 0 0.29657277 0.258212
-0.79610586 -1.4012755 0.2214295 -0.976477 0.0431654 0.2112567 0 0 0 0 0.34506726 0.2667629
-0.7807082 -1.4179516 0.2660389 -0.9452025 -0.070385806 -0.31880748 0 0 0 0 0.29657283 0.24178796
-0.79610586 -1.4488791 0.22982332 -0.98278487 0.078575805 0.16721231 0 0 0 0 0.33360073 0.20173305
-0.79610586 -1.4675565 0.23213655 -0.85946655 0.13972147 -0.49172682 0 0 0 0 0.32833466 0.1781502
-0.79610586 -1.4676793 0.24559847 -0.9764771 0.20453593 0.068246156 0 0 0 0 0.31205073 0.17605075
-0.79610586 -1.4897149 0.26329827 -0.6057643 -0.74851334 -0.26977304 0 0 0 0 0.2868801 0.14867279
-0.7807082 -1.4373844 0.282345 -0.9452026 -0.3112857 -0.09845503 0 0 0 0 0.26617458 0.20556068
-0.79610586 -1.4842118 0.2910213 -0.98278487 0.18409811 0.015557125 0 0 0 0 0.25000003 0.15346617
-0.7807082 -1.4389142 0.2910213 -0.94797343 -0.31803575 -0.014133996 0 0 0 0 0.25 0.20270866
-0.79610586 -1.4915471 0.30835298 -0.85946643 -0.3559873 -0.36686566 0 0 0 0 0.22694357 0.14623529
-0.7807082 -1.4373844 0.29969758 -0.95073766 -0.2917688 0.10473252 0 0 0 0 0.23382539 0.2055607
-0.79610586 -1.4799501 0.31519026 -0.97647697 0.1613714 -0.1430111 0 0 0 0 0.21698348 0.15928787
-0.79610586 -1.4756395 0.34312356 -0.60576427 -0.6078871 0.5133449 0 0 0 0 0.18068808 0.1673973
-0.7807082 -1.4329793 0.3073274 -0.9452027 -0.240907 0.22035363 0 0 0 0 0.21960169 0.21377274
-0.79610586 -1.4488791 0.35221928 -0.98278487 0.10552199 -0.15165502 0 0 0 0 0.16639929 0.20173308
-0.7807082 -1.4262303 0.31299043 -0.94797355 -0.17125846 0.26835915 0 0 0 0 0.20904453 0.22635435
-0.7807082 -1.4179515 0.31600368 -0.95073795 -0.055183902 0.30504447 0 0 0 0 0.20342714 0.241788
-0.79610586 -1.4258173 0.3606131 -0.976477 -0.043165278 -0.211257 0 0 0 0 0.15493271 0.23323709
-0.79610586 -1.399471 0.37084657 -0.6057644 0.14062655 0.78311795 0 0 0 0 0.14380798 0.26872444
-0.7807082 -1.4091414 0.31600368 -0.94520295 0.07037807 0.3188077 0 0 0 0 0.20342714 0.25821203
-0.79610586 -1.3782138 0.35221925 -0.98278487 -0.07857579 -0.1672122 0 0 0 0 0.16639924 0.29826692
-0.7807082 -1.4008626 0.31299043 -0.94797385 0.1467766 0.28249288 0 0 0 0 0.20904455 0.27364567
-0.7807082 -1.3941135 0.3073274 -0.95073235 0.23660037 0.20032051 0 0 0 0 0.21960175 0.2862273
-0.79610586 -1.3594136 0.33644408 -0.976477 -0.20453638 -0.06824611 0 0 0 0 0.18794926 0.3239492
-0.7807082 -1.3897085 0.29969758 -0.945203 0.3112871 0.09844709 0 0 0 0 0.23382537 0.29443932
-0.7807082 -1.4008626 0.26905215 -0.94797355 0.17125104 -0.26836413 0 0 0 0 0.29095542 0.27364564
-0.79610586 -1.1963398 0.22302271 -0.701628 0.6957104 -0.15396486 0 0 0 0 0.33142862 0.4737233
-0.7857145 -1.1981721 0.21263137 -0.043824263 0.9387889 -0.34169415 0 0 0 0 0.33208483 0.4755262
-0.79610586 -1.1861821 0.30141255 -0.7016273 0.70641387 0.09326694 0 0 0 0 0.23911884 0.4880814
-0.7857145 -1.1843499 0.2910212 -0.04382459 0.99903935 -2.2950405e-06 0 0 0 0 0.25 0.49
-0.79610586 -1.1861821 0.28062984 -0.70163727 0.7064041 -0.093265824 0 0 0 0 0.25 0.48808137
-0.79610586 -1.2908652 0.09931368 -0.7016282 0.43397862 -0.5651375 0 0 0 0 0.45618454 0.3690407
-0.78571457 -1.2989482 0.09253119 -0.043825474 0.49951902 -0.86519367 0 0 0 0 0.4578461 0.37
-0.7961059 -1.3638316 0.068915606 -0.7016224 0.21451999 -0.6794904 0 0 0 0 0.48446435 0.29134238
-0.78571457 -1.3737469 0.06530671 -0.04382613 0.1734795 -0.9838619 0 0 0 0 0.48635384 0.29167557
-0.7961059 -1.5182295 0.08892238 -0.7016287 -0.2724351 -0.6584044 0 0 0 0 0.45618454 0.13095932
-0.78571457 -1.5281448 0.09253125 -0.04382558 -0.49951994 -0.8651931 0 0 0 0 0.4578461 0.13
-0.79610586 -1.5810382 0.13691409 -0.7016283 -0.48119214 -0.52552056 0 0 0 0 0.40303573 0.0676191
-0.7857145 -1.5891212 0.14369655 -0.04382483 -0.7653105 -0.6421677 0 0 0 0 0.40426904 0.06614934
-0.79610586 -1.5943971 0.15283456 -0.70163673 -0.60108775 -0.38262194 0 0 0 0 0.39470032 0.06062483
-0.79610586 -1.6409107 0.28062996 -0.7016273 -0.7064138 -0.093267284 0 0 0 0 0.25 0.011918649
-0.7857145 -1.642743 0.29102132 -0.043824613 -0.99903935 7.7795767e-07 0 0 0 0 0.25 0.010000005
-0.79610586 -1.630753 0.35901982 -0.7016211 -0.6957172 0.15396565 0 0 0 0 0.16857138 0.0262767
-0.7857145 -1.6289208 0.36941117 -0.04382423 -0.9387894 0.3416929 0 0 0 0 0.16791517 0.024473771
-0.79610586 -1.5362277 0.48272887 -0.7016209 -0.43398136 0.5651446 0 0 0 0 0.0438155 0.13095932
-0.78571445 -1.5281447 0.4895113 -0.04382336 -0.4995183 0.8651942 0 0 0 0 0.04215391 0.13
-0.7961058 -1.4632612 0.51312697 -0.7016201 -0.2145205 0.6794927 0 0 0 0 0.015535651 0.2086576
-0.78571445 -1.4533459 0.51673585 -0.043823007 -0.17347917 0.98386204 0 0 0 0 0.013646156 0.20832443
-0.7961058 -1.3088634 0.49312016 -0.70162696 0.2724348 0.6584063 0 0 0 0 0.0438155 0.36904067
-0.78571445 -1.298948 0.48951125 -0.04382318 0.4995208 0.8651928 0 0 0 0 0.04215391 0.37
-0.79610586 -1.2460546 0.44512844 -0.7016281 0.4811924 0.5255207 0 0 0 0 0.096964255 0.43238086
-0.7857145 -1.2379717 0.43834597 -0.04382426 0.76531017 0.642168 0 0 0 0 0.095730975 0.43385065
-0.79610586 -1.3355458 0.27368957 -0.8594633 0.35599494 0.36686578 0 0 0 0 0.27513143 0.35453337
-0.79610586 -1.334322 0.30141258 -0.8316191 0.30591977 0.4634898 0 0 0 0 0.2378633 0.35682476
-0.79610586 -1.364935 0.2276066 -0.8316177 0.5543561 -0.03318984 0 0 0 0 0.33644453 0.31392303
-0.79610586 -1.3895558 0.21480489 -0.8594634 0.49571258 -0.124867596 0 0 0 0 0.35309425 0.28050226
-0.79610586 -1.4621578 0.22760662 -0.8316089 -0.5543684 -0.033204652 0 0 0 0 0.33436087 0.18533197
-0.79610586 -1.4441595 0.21721527 -0.83161885 0.24843428 -0.49667948 0 0 0 0 0.34858128 0.20709832
-0.79610586 -1.4809153 0.24805704 -0.8316174 -0.53227615 0.15841335 0 0 0 0 0.30715555 0.16037881
-0.79610586 -1.4675565 0.23213655 -0.85946655 0.13972147 -0.49172682 0 0 0 0 0.32796282 0.17596878
-0.79610586 -1.4927709 0.30141264 -0.83160883 -0.30594024 0.46349475 0 0 0 0 0.23617636 0.1446073
-0.79610586 -1.4927709 0.28062993 -0.8316189 -0.30591977 -0.46349034 0 0 0 0 0.26213673 0.14317529
-0.79610586 -1.484439 0.32788232 -0.8316178 -0.12894778 0.5401707 0 0 0 0 0.20096357 0.15569124
-0.79610586 -1.4915471 0.30835298 -0.85946643 -0.3559873 -0.36686566 0 0 0 0 0.22486855 0.14546658
-0.79610586 -1.4441595 0.36482733 -0.8316105 0.24842598 0.49669766 0 0 0 0 0.15181544 0.2092753
-0.79610586 -1.4621578 0.35443598 -0.8316176 -0.55435616 0.033189658 0 0 0 0 0.16355547 0.18607695
-0.79610586 -1.4375371 0.3672377 -0.85946536 -0.4957105 0.12486135 0 0 0 0 0.14690565 0.21949776
-0.79610586 -1.3829334 0.3648273 -0.8316189 -0.24843358 0.4966797 0 0 0 0 0.15141872 0.29290172
-0.79610586 -1.3595364 0.349906 -0.8594668 -0.13972121 0.49172634 0 0 0 0 0.17203712 0.3240311
-0.79610586 -1.1861821 0.28062984 -0.70163727 0.7064041 -0.093265824 0 0 0 0 0.26088116 0.48808137
-0.79610586 -1.1963398 0.22302271 -0.701628 0.6957104 -0.15396486 0 0 0 0 0.32120368 0.47744486
-0.79610586 -1.5810382 0.13691409 -0.7016283 -0.48119214 -0.52552056 0 0 0 0 0.4113712 0.07461338
-0.79610586 -1.2460546 0.44512844 -0.7016281 0.4811924 0.5255207 0 0 0 0 0.08862881 0.4253866
-0.79610586 -1.4621578 0.35443598 -0.8316176 -0.55435616 0.033189658 0 0 0 0 0.16563912 0.185332
-0.75994676 -1.2465806 0.28238103 -0.7052413 -0.34906355 -0.61708134 0 0 0 0 0.26088116 0.46027017
-0.75994676 -1.3476727 0.28238103 -0.47888735 0.61860955 -0.6228878 0 0 0 0 0.2638237 0.35539266
-0.75994676 -1.259605 0.22579645 -0.70523477 -0.5390717 -0.4604842 0 0 0 0 0.33214158 0.44386777
-0.75994676 -1.3546005 0.26037198 -0.47888756 0.3682629 -0.79689986 0 0 0 0 0.2990364 0.34430873
-0.75994676 -1.2465806 0.29966146 -0.70523506 -0.3490666 0.61708677 0 0 0 0 0.23911884 0.46027017
-0.75994676 -1.3476727 0.2996615 -0.47888812 0.6186108 0.622886 0 0 0 0 0.23617634 0.3553927
-0.75994676 -1.3375462 0.14210458 -0.70524144 -0.70893973 -0.0062426575 0 0 0 0 0.43753988 0.3457117
-0.75994676 -1.3880923 0.22965291 -0.47888768 -0.23013042 -0.8471757 0 0 0 0 0.3481846 0.2907247
-0.75994676 -1.3930621 0.12509178 -0.7052346 -0.66832685 0.23660816 0 0 0 0 0.45896518 0.2757972
-0.75994676 -1.4106165 0.22464803 -0.47888744 -0.5060035 -0.71737534 0 0 0 0 0.356192 0.2546876
-0.75994676 -1.4428043 0.12509179 -0.9012928 0.07522612 0.4266291 0 0 0 0 0.45896515 0.21315378
-0.75994676 -1.4390006 0.22965291 -0.4788775 0.23013173 -0.847181 0 0 0 0 0.34818453 0.20927528
-0.75994676 -1.5045121 0.15074484 -0.7052415 -0.3598763 0.61083835 0 0 0 0 0.4266587 0.13544154
-0.75994676 -1.4584547 0.24205971 -0.47887987 -0.073499314 -0.87479824 0 0 0 0 0.32833466 0.1781502
-0.75994676 -1.4539659 0.23829314 -0.478888 -0.8487409 -0.22428864 0 0 0 0 0.33436084 0.18533196
-0.75994676 -1.5470035 0.19031659 -0.7052352 -0.12925538 0.6970914 0 0 0 0 0.37682357 0.08192945
-0.75994676 -1.4768791 0.2679701 -0.60775745 -0.7462314 -0.2716059 0 0 0 0 0.2868801 0.14867279
-0.75994676 -1.4695624 0.2552973 -0.4788875 -0.874267 0.079523675 0 0 0 0 0.30715555 0.16037883
-0.75994676 -1.5805122 0.2823811 -0.70523477 0.3490662 -0.6170873 0 0 0 0 0.26088116 0.039729856
-0.75994676 -1.4794201 0.28238106 -0.47888735 -0.6186105 -0.62288684 0 0 0 0 0.2638237 0.14460732
-0.75994676 -1.5805122 0.29966155 -0.7052503 0.3490816 0.6170609 0 0 0 0 0.23911884 0.039729856
-0.75994676 -1.4784026 0.3054323 -0.47887945 -0.7943474 -0.37374696 0 0 0 0 0.22694358 0.14623529
-0.75994676 -1.4794201 0.29966152 -0.4788887 -0.61860996 0.6228864 0 0 0 0 0.23617636 0.1446073
-0.75994676 -1.5674877 0.35624614 -0.7052352 0.53907126 0.46048406 0 0 0 0 0.16785842 0.05613228
-0.75994676 -1.4651756 0.3343434 -0.60776275 -0.6083303 0.51044947 0 0 0 0 0.18068808 0.1673973
-0.75994676 -1.4724923 0.3216706 -0.47888786 -0.36826444 0.79689884 0 0 0 0 0.20096359 0.15569125
-0.75994676 -1.5426166 0.39932415 -0.9012929 0.33185837 -0.27846244 0 0 0 0 0.113607675 0.08745396
-0.75994676 -1.4539659 0.3437495 -0.47887766 -0.8487461 0.22429031 0 0 0 0 0.16563912 0.185332
-0.75994676 -1.4895467 0.43993798 -0.705242 0.70893925 0.006243049 0 0 0 0 0.062460143 0.15428826
-0.75994676 -1.4334942 0.3543939 -0.4788804 -0.72084767 0.5010512 0 0 0 0 0.14860891 0.21808511
-0.75994676 -1.4390006 0.3523897 -0.4788888 0.23013079 0.8471749 0 0 0 0 0.15181544 0.2092753
-0.75994676 -1.4018431 0.35739458 -0.6077578 0.13789853 0.7820578 0 0 0 0 0.14380798 0.26872444
-0.75994676 -1.4164762 0.3573946 -0.4788878 0.50600314 0.7173753 0 0 0 0 0.14380798 0.24531242
-0.75994676 -1.3880922 0.3523897 -0.47888806 -0.23013003 0.84717554 0 0 0 0 0.15181541 0.2907247
-0.75994676 -1.368638 0.33998287 -0.4788805 0.07349931 0.8747979 0 0 0 0 0.17166534 0.32184976
-0.75994676 -1.3731269 0.34374946 -0.4788882 0.8487407 0.22428839 0 0 0 0 0.16563909 0.31466797
-0.75994676 -1.3575304 0.32674527 -0.47888803 0.8742667 -0.07952398 0 0 0 0 0.19284445 0.33962116
-0.75994676 -1.3225809 0.15074481 -0.705235 0.35987988 0.6108438 0 0 0 0 0.4266587 0.3645584
-0.75994676 -1.3731269 0.23829313 -0.4788879 0.84874064 -0.22428943 0 0 0 0 0.3343609 0.314668
-0.79610586 -1.4927709 0.28062993 -0.8316189 -0.30591977 -0.46349034 0 0 0 0 0.2638237 0.14460732
-0.75994676 -1.2844762 0.18271843 -0.9012958 -0.33185372 0.2784586 0 0 0 0 0.38639233 0.41254604
-0.75994676 -1.3760442 0.12809248 -0.7052561 0.5470647 0.45092565 0 0 0 0 0.4551862 0.2972289
-0.75994676 -1.4895467 0.14210461 -0.70524794 0.7089333 -0.006242899 0 0 0 0 0.43753988 0.15428826
-0.75994676 -1.3842885 0.4569508 -0.90129596 -0.07522544 -0.42662272 0 0 0 0 0.041034844 0.28684616
-0.75994676 -1.573398 0.34000784 -0.70524746 0.11695667 -0.6992476 0 0 0 0 0.1883083 0.04868913
-0.75994676 -1.504512 0.43129778 -0.7052474 -0.35987374 -0.610833 0 0 0 0 0.0733413 0.13544154
-0.79590523 -1.4105449 0.27399826 -0.8301337 0.096820295 -0.54909384 0 0 0 0 0.29657277 0.258212
-0.79590523 -1.4221892 0.30599105 -0.830133 -0.2787824 0.482866 0 0 0 0 0.20904453 0.22635435
-0.79590523 -1.4003049 0.30213225 -0.83013797 0.42711422 0.35839158 0 0 0 0 0.21960175 0.2862273
-0.79590523 -1.4049037 0.30599105 -0.8301438 0.27877402 0.48285225 0 0 0 0 0.20904455 0.27364567
-0.79590523 -1.4297897 0.28510922 -0.8301299 -0.52394456 -0.19069973 0 0 0 0 0.26617458 0.20556068
-0.79590523 -1.3962609 0.29102126 -0.8301352 0.5575622 -9.565565e-08 0 0 0 0 0.25000003 0.2972913
-0.79590523 -1.430832 0.29102126 -0.8301416 -0.55755264 2.051598e-07 0 0 0 0 0.25 0.20270866
-0.79590523 -1.3973033 0.28510922 -0.83014333 0.5239256 -0.19069368 0 0 0 0 0.2661746 0.29443932
-0.79590523 -1.4297897 0.2969333 -0.83013344 -0.5239397 0.19069828 0 0 0 0 0.23382539 0.2055607
-0.79590523 -1.4003049 0.2799103 -0.8301337 0.42711893 -0.35839579 0 0 0 0 0.28039825 0.28622726
-0.79590523 -1.3973033 0.2969333 -0.8301435 0.5239254 0.19069348 0 0 0 0 0.23382537 0.29443932
-0.79590523 -1.426788 0.30213225 -0.83014303 -0.42710844 0.35838684 0 0 0 0 0.21960169 0.21377274
-0.79590523 -1.4049037 0.2760515 -0.8301432 0.27877444 -0.4828531 0 0 0 0 0.29095542 0.27364564
-0.79590523 -1.416548 0.30804428 -0.8301433 -0.096817195 0.54907984 0 0 0 0 0.20342714 0.241788
-0.79590523 -1.4165481 0.27399826 -0.8301427 -0.0968176 -0.5490807 0 0 0 0 0.29657283 0.24178796
-0.79590523 -1.4105449 0.30804428 -0.83013415 0.09682029 0.54909307 0 0 0 0 0.20342714 0.25821203
-0.68857217 -1.1150551 0.29102123 7.8983495e-09 1 -3.5160758e-07 0 0 0 0 1 0.75
-0.7769739 -1.1330564 0.1889312 -0.50982183 0.8084003 -0.29422936 0 0 0 0 0.9444444 1
-0.7769739 -1.1150551 0.29102126 -0.5098217 0.8602801 3.750437e-06 0 0 0 0 1 1
-0.68857217 -1.1330564 0.18893117 -6.014845e-08 0.9396927 -0.34202012 0 0 0 0 0.9444444 0.75
-0.7769739 -1.1848888 0.09915471 -0.5098245 0.65901154 -0.55297625 0 0 0 0 0.88888884 1
-0.6885722 -1.2643008 0.032520145 -1.0319689e-07 0.49999982 -0.8660256 0 0 0 0 0.83333325 0.75
-0.68857217 -1.1848888 0.09915468 -6.9575876e-08 0.7660444 -0.64278775 0 0 0 0 0.88888884 0.75
-0.77697396 -1.361714 -0.0029353201 -0.5098151 0.14938796 -0.8472142 0 0 0 0 0.7777777 1
-0.77697396 -1.2643008 0.032520175 -0.5098189 0.43014088 -0.7450259 0 0 0 0 0.83333325 1
-0.6885722 -1.465379 -0.0029352903 -2.5277265e-07 -0.17364411 -0.98480856 0 0 0 0 0.7222221 0.75
-0.6885722 -1.361714 -0.00293535 -1.03193095e-07 0.17365006 -0.9848075 0 0 0 0 0.7777777 0.75
-0.6885722 -1.5627922 0.032520205 -1.9596995e-07 -0.4999965 -0.8660274 0 0 0 0 0.6666665 0.75
-0.77697396 -1.465379 -0.0029352605 -0.5098314 -0.14938787 -0.8472043 0 0 0 0 0.7222221 1
-0.68857217 -1.6422042 0.09915477 1.0418885e-08 -0.76604193 -0.6427906 0 0 0 0 0.6111109 0.75
-0.77697396 -1.5627922 0.032520235 -0.50982195 -0.43014386 -0.7450221 0 0 0 0 0.6666665 1
-0.68857217 -1.6940366 0.18893132 -3.8078163e-08 -0.9396913 -0.34202385 0 0 0 0 0.55555534 0.75
-0.7769739 -1.6422042 0.0991548 -0.5098216 -0.6590157 -0.552974 0 0 0 0 0.6111109 1
-0.68857217 -1.7120378 0.29102138 -2.1007909e-09 -1 3.190989e-07 0 0 0 0 0.4999998 0.75
-0.7769739 -1.6940366 0.18893133 -0.5098122 -0.80840504 -0.29423237 0 0 0 0 0.55555534 1
-0.7769739 -1.6940366 0.39311147 -0.50982445 -0.80839723 0.29423282 0 0 0 0 0.44444424 1
-0.7769739 -1.7120378 0.29102138 -0.5098283 -0.8602762 -1.13255e-06 0 0 0 0 0.4999998 1
-0.68857217 -1.642204 0.48288786 -4.2600266e-08 -0.7660455 0.6427864 0 0 0 0 0.3888887 0.75
-0.68857217 -1.6940366 0.39311144 1.2899296e-08 -0.9396927 0.34202012 0 0 0 0 0.44444424 0.75
-0.77697384 -1.5627921 0.5495224 -0.5098053 -0.43014473 0.745033 0 0 0 0 0.33333313 1
-0.7769739 -1.642204 0.48288792 -0.50982845 -0.6590085 0.55297637 0 0 0 0 0.3888887 1
-0.6885721 -1.4653789 0.58497787 4.6389008e-08 -0.17365217 0.9848071 0 0 0 0 0.27777758 0.75
-0.6885721 -1.5627921 0.5495224 1.5999662e-07 -0.5000017 0.8660245 0 0 0 0 0.33333313 0.75
-0.6885721 -1.3617139 0.58497787 5.6807163e-08 0.17364623 0.9848081 0 0 0 0 0.22222203 0.75
-0.77697384 -1.4653789 0.5849779 -0.50982136 -0.14938468 0.84721094 0 0 0 0 0.27777758 1
-0.6885721 -1.2643007 0.54952234 1.1361574e-07 0.5000001 0.8660254 0 0 0 0 0.16666648 0.75
-0.77697384 -1.3617139 0.58497787 -0.5098215 0.1493875 0.84721035 0 0 0 0 0.22222203 1
-0.68857217 -1.1848887 0.4828878 7.100897e-08 0.766046 0.6427858 0 0 0 0 0.111110926 0.75
-0.77697384 -1.2643007 0.5495224 -0.5098309 0.43013972 0.7450184 0 0 0 0 0.16666648 1
-0.7769739 -1.1330563 0.39311132 -0.5098216 0.80839765 0.29423666 0 0 0 0 0.05555537 1
-0.7769739 -1.1848887 0.4828878 -0.50981873 0.65901417 0.5529786 0 0 0 0 0.111110926 1
-0.68857217 -1.1330563 0.3931113 1.11245e-08 0.93969345 0.3420179 0 0 0 0 0.05555537 0.75
-0.7769739 -1.1150551 0.29102126 -0.5098217 0.8602801 3.750437e-06 0 0 0 0 -1.8626451e-07 1
-0.7769739 -1.1150551 0.29102126 -0.5098217 0.8602801 3.750437e-06 0 0 0 0 0.25 0.49
-0.79057866 -1.1607134 0.19899753 -0.97143006 0.22301383 -0.08117045 0 0 0 0 0.32399103 0.45328867
-0.79057866 -1.1444871 0.29102126 -0.97143006 0.23732637 -6.410104e-08 0 0 0 0 0.25 0.46633548
-0.7769739 -1.1330564 0.1889312 -0.50982183 0.8084003 -0.29422936 0 0 0 0 0.33208483 0.4755262
-0.79057866 -1.207435 0.11807324 -0.97142994 0.18180276 -0.15255038 0 0 0 0 0.3890577 0.41572252
-0.77697396 -1.2643008 0.032520175 -0.5098189 0.43014088 -0.7450259 0 0 0 0 0.4578461 0.37
-0.7905787 -1.2790169 0.05800903 -0.9714301 0.11866326 -0.20553012 0 0 0 0 0.43735197 0.3581677
-0.7905787 -1.3668249 0.026049525 -0.97143 0.041211266 -0.23372085 0 0 0 0 0.46304882 0.28756624
-0.77697396 -1.361714 -0.0029353201 -0.5098151 0.14938796 -0.8472142 0 0 0 0 0.48635384 0.29167557
-0.7905787 -1.4602683 0.026049584 -0.97143 -0.0412114 -0.23372075 0 0 0 0 0.4630488 0.21243376
-0.77697396 -1.5627922 0.032520235 -0.50982195 -0.43014386 -0.7450221 0 0 0 0 0.4578461 0.13
-0.7905787 -1.5480762 0.058009088 -0.9714301 -0.11866318 -0.20552994 0 0 0 0 0.437352 0.14183228
-0.7769739 -1.6422042 0.0991548 -0.5098216 -0.6590157 -0.552974 0 0 0 0 0.40426904 0.06614934
-0.79057866 -1.619658 0.11807333 -0.97143006 -0.1818029 -0.1525502 0 0 0 0 0.38905773 0.08427744
-0.7769739 -1.6940366 0.18893133 -0.5098122 -0.80840504 -0.29423237 0 0 0 0 0.33208483 0.024473771
-0.79057866 -1.6663797 0.19899765 -0.97143 -0.22301368 -0.081170395 0 0 0 0 0.32399106 0.0467112
-0.79057866 -1.6826059 0.29102138 -0.97142994 -0.23732647 -9.117403e-08 0 0 0 0 0.24999999 0.033664584
-0.7769739 -1.7120378 0.29102138 -0.5098283 -0.8602762 -1.13255e-06 0 0 0 0 0.25 0.010000005
-0.79057866 -1.6663796 0.38304514 -0.97143 -0.22301418 0.08117051 0 0 0 0 0.1760089 0.0467112
-0.7769739 -1.642204 0.48288792 -0.50982845 -0.6590085 0.55297637 0 0 0 0 0.095730975 0.06614934
-0.79057866 -1.6196579 0.4639694 -0.97143006 -0.18180239 0.15255076 0 0 0 0 0.110942274 0.084277466
-0.77697384 -1.5627921 0.5495224 -0.5098053 -0.43014473 0.745033 0 0 0 0 0.04215391 0.13
-0.7905786 -1.5480762 0.5240336 -0.97142994 -0.11866296 0.20553121 0 0 0 0 0.06264802 0.14183229
-0.7905786 -1.460268 0.5559931 -0.97142994 -0.041211363 0.23372118 0 0 0 0 0.036951218 0.21243376
-0.77697384 -1.4653789 0.5849779 -0.50982136 -0.14938468 0.84721094 0 0 0 0 0.013646156 0.20832443
-0.7905786 -1.3668247 0.5559931 -0.97143 0.041211225 0.23372108 0 0 0 0 0.036951214 0.2875663
-0.77697384 -1.3617139 0.58497787 -0.5098215 0.1493875 0.84721035 0 0 0 0 0.013646156 0.29167557
-0.7905786 -1.2790167 0.52403355 -0.97142977 0.11866341 0.20553142 0 0 0 0 0.06264804 0.3581677
-0.7769739 -1.1848887 0.4828878 -0.50981873 0.65901417 0.5529786 0 0 0 0 0.095730975 0.43385065
-0.79057866 -1.2074349 0.46396935 -0.97143 0.18180236 0.15255064 0 0 0 0 0.11094227 0.41572255
-0.79057866 -1.1607133 0.38304502 -0.97142994 0.22301409 0.08117037 0 0 0 0 0.17600891 0.45328867
-0.7769739 -1.1330563 0.39311132 -0.5098216 0.80839765 0.29423666 0 0 0 0 0.16791517 0.4755262
-0.79057866 -1.204172 0.2148152 -1 7.590177e-08 -6.405223e-08 0 0 0 0 0.31531703 0.42945728
-0.79057866 -1.1907349 0.29102126 -1 5.3450997e-08 -9.7768876e-08 0 0 0 0 0.24999997 0.44097453
-0.79057866 -1.2428629 0.14780071 -1 1.854275e-08 -9.351482e-08 0 0 0 0 0.37275606 0.39629495
-0.79057866 -1.3021407 0.09806076 -1 7.1674755e-10 1.2051709e-06 0 0 0 0 0.4153888 0.34548724
-0.7905787 -1.3748556 0.0715947 -1 2.7814485e-08 1.4814644e-07 0 0 0 0 0.4380732 0.2831624
-0.7905787 -1.4522374 0.07159473 -1 -3.6334768e-07 -1.1417399e-08 0 0 0 0 0.43807313 0.2168376
-0.79057866 -1.5249523 0.09806082 -1 4.321295e-07 8.8063587e-07 0 0 0 0 0.41538882 0.15451269
-0.79057866 -1.5842301 0.1478008 -1 -1.7827816e-07 2.3406153e-07 0 0 0 0 0.3727561 0.103705004
-0.79057866 -1.6229209 0.21481532 -1 1.210411e-08 -8.4294534e-08 0 0 0 0 0.31531712 0.07054262
-0.79057866 -1.636358 0.29102138 -1 2.913098e-08 -9.089734e-08 0 0 0 0 0.24999999 0.059025455
-0.79057866 -1.6229209 0.36722744 -1 8.70481e-09 -6.4052216e-08 0 0 0 0 0.18468283 0.07054262
-0.79057866 -1.5842301 0.43424192 -1 1.9675879e-08 -9.35148e-08 0 0 0 0 0.12724394 0.10370501
-0.79057866 -1.5249523 0.4839819 -1 3.3748538e-08 1.2051712e-06 0 0 0 0 0.084611185 0.15451272
-0.7905786 -1.4522372 0.510448 -1 3.7085638e-08 1.481443e-07 0 0 0 0 0.06192679 0.2168376
-0.7905786 -1.3748555 0.5104479 -1 -3.96383e-07 -1.1416634e-08 0 0 0 0 0.061926793 0.2831624
-0.79057866 -1.3021406 0.48398185 -1 4.2285802e-07 8.806363e-07 0 0 0 0 0.08461119 0.34548724
-0.79057866 -1.2428628 0.43424183 -1 -1.1221427e-07 2.3406137e-07 0 0 0 0 0.1272439 0.39629492
-0.79057866 -1.204172 0.36722735 -1 2.5974051e-08 -7.944232e-08 0 0 0 0 0.18468282 0.42945725
-0.60017043 -1.1150551 0.29102123 0.50983113 0.86027455 -2.841216e-06 0 0 0 0 1 1
-0.60017043 -1.1330564 0.18893117 0.50982195 0.8083973 -0.29423702 0 0 0 0 0.9444444 1
-0.6001705 -1.2643008 0.032520145 0.50982445 0.43013895 -0.7450232 0 0 0 0 0.83333325 1
-0.6001705 -1.361714 -0.00293535 0.5098121 0.14938414 -0.8472166 0 0 0 0 0.7777777 1
-0.6001705 -1.465379 -0.0029352903 0.5098219 -0.14938742 -0.84721017 0 0 0 0 0.7222221 1
-0.6001705 -1.5627922 0.032520205 0.5098312 -0.43013978 -0.7450181 0 0 0 0 0.6666665 1
-0.60017043 -1.6422042 0.0991548 0.5098219 -0.6590153 -0.55297416 0 0 0 0 0.6111109 1
-0.60017043 -1.6940366 0.18893132 0.5098218 -0.8084004 -0.2942291 0 0 0 0 0.55555534 1
-0.60017043 -1.6940366 0.39311144 0.50981486 -0.8084032 0.29423344 0 0 0 0 0.44444424 1
-0.60017043 -1.642204 0.48288792 0.5098311 -0.6590066 0.5529762 0 0 0 0 0.3888887 1
-0.6001704 -1.5627921 0.5495224 0.5098218 -0.4301363 0.7450266 0 0 0 0 0.33333313 1
-0.6001704 -1.4653789 0.58497787 0.509812 -0.14938423 0.84721667 0 0 0 0 0.27777758 1
-0.6001704 -1.2643007 0.54952234 0.50982165 0.43013665 0.7450264 0 0 0 0 0.16666648 1
-0.60017043 -1.1848887 0.4828878 0.5098215 0.6590104 0.5529804 0 0 0 0 0.111110926 1
-0.60017043 -1.1330563 0.3931113 0.50981486 0.8084023 0.29423562 0 0 0 0 0.05555537 1
-0.68857217 -1.1150551 0.29102123 7.8983495e-09 1 -3.5160758e-07 0 0 0 0 -1.8626451e-07 0.75
-0.5865657 -1.1444871 0.29102123 0.97143 0.23732665 -3.7217845e-08 0 0 0 0 0.25 0.46633548
-0.60017043 -1.1330564 0.18893117 0.50982195 0.8083973 -0.29423702 0 0 0 0 0.33208483 0.4755262
-0.60017043 -1.1150551 0.29102123 0.50983113 0.86027455 -2.841216e-06 0 0 0 0 0.25 0.49
-0.5865657 -1.1607134 0.19899753 0.9714301 0.22301365 -0.081170395 0 0 0 0 0.32399103 0.45328867
-0.60017043 -1.1848888 0.09915471 0.5098189 0.6590139 -0.5529786 0 0 0 0 0.40426904 0.43385065
-0.58656573 -1.2790169 0.058009 0.97142977 0.118663274 -0.20553154 0 0 0 0 0.43735197 0.3581677
-0.5865657 -1.207435 0.11807321 0.97143 0.18180248 -0.1525506 0 0 0 0 0.3890577 0.41572252
-0.6001705 -1.361714 -0.00293535 0.5098121 0.14938414 -0.8472166 0 0 0 0 0.48635384 0.29167557
-0.6001705 -1.2643008 0.032520145 0.50982445 0.43013895 -0.7450232 0 0 0 0 0.4578461 0.37
-0.58656573 -1.4602683 0.026049554 0.97143006 -0.041211143 -0.23372075 0 0 0 0 0.4630488 0.21243376
-0.58656573 -1.3668249 0.026049495 0.97143 0.041211106 -0.2337208 0 0 0 0 0.46304882 0.28756624
-0.58656573 -1.5480762 0.05800906 0.97142994 -0.11866347 -0.20553122 0 0 0 0 0.437352 0.14183228
-0.6001705 -1.465379 -0.0029352903 0.5098219 -0.14938742 -0.84721017 0 0 0 0 0.48635384 0.20832443
-0.60017043 -1.6422042 0.0991548 0.5098219 -0.6590153 -0.55297416 0 0 0 0 0.40426904 0.06614934
-0.6001705 -1.5627922 0.032520205 0.5098312 -0.43013978 -0.7450181 0 0 0 0 0.4578461 0.13
-0.5865657 -1.619658 0.1180733 0.97143 -0.1818023 -0.15255062 0 0 0 0 0.38905773 0.08427744
-0.60017043 -1.6940366 0.18893132 0.5098218 -0.8084004 -0.2942291 0 0 0 0 0.33208483 0.024473771
-0.5865657 -1.6663797 0.19899765 0.97143 -0.22301382 -0.081170134 0 0 0 0 0.32399106 0.0467112
-0.60017043 -1.7120378 0.29102138 0.509819 -0.8602818 2.5670127e-07 0 0 0 0 0.25 0.010000005
-0.5865657 -1.6663796 0.3830451 0.97143 -0.22301412 0.08117061 0 0 0 0 0.1760089 0.0467112
-0.5865657 -1.6826059 0.29102138 0.97143006 -0.23732612 7.509866e-08 0 0 0 0 0.24999999 0.033664584
-0.5865657 -1.6196579 0.4639694 0.97143 -0.18180288 0.15255052 0 0 0 0 0.110942274 0.084277466
-0.60017043 -1.6940366 0.39311144 0.50981486 -0.8084032 0.29423344 0 0 0 0 0.16791517 0.024473771
-0.6001704 -1.5627921 0.5495224 0.5098218 -0.4301363 0.7450266 0 0 0 0 0.04215391 0.13
-0.60017043 -1.642204 0.48288792 0.5098311 -0.6590066 0.5529762 0 0 0 0 0.095730975 0.06614934
-0.5865656 -1.5480762 0.5240336 0.9714301 -0.118663095 0.20553035 0 0 0 0 0.06264802 0.14183229
-0.6001704 -1.4653789 0.58497787 0.509812 -0.14938423 0.84721667 0 0 0 0 0.013646156 0.20832443
-0.5865656 -1.3668247 0.555993 0.97143 0.041211396 0.23372112 0 0 0 0 0.036951214 0.2875663
-0.5865656 -1.460268 0.5559931 0.97143 -0.041211285 0.23372096 0 0 0 0 0.036951218 0.21243376
-0.5865656 -1.2790167 0.52403355 0.9714301 0.11866313 0.20553042 0 0 0 0 0.06264804 0.3581677
-0.6001704 -1.3617139 0.58497787 0.5098281 0.14938408 0.847207 0 0 0 0 0.013646156 0.29167557
-0.5865657 -1.2074349 0.4639693 0.97142994 0.18180294 0.15255047 0 0 0 0 0.11094227 0.41572255
-0.6001704 -1.2643007 0.54952234 0.50982165 0.43013665 0.7450264 0 0 0 0 0.04215391 0.37
-0.5865657 -1.1607133 0.383045 0.97142994 0.22301397 0.08117056 0 0 0 0 0.17600891 0.45328867
-0.60017043 -1.1848887 0.4828878 0.5098215 0.6590104 0.5529804 0 0 0 0 0.095730975 0.43385065
-0.60017043 -1.1330563 0.3931113 0.50981486 0.8084023 0.29423562 0 0 0 0 0.16791517 0.4755262
-0.5865657 -1.204172 0.2148152 1 4.239835e-07 -1.3722634e-09 0 0 0 0 0.31531703 0.42945728
-0.5865657 -1.1907349 0.29102126 1 3.1559995e-07 3.5031e-08 0 0 0 0 0.24999997 0.44097453
-0.5865657 -1.3021407 0.09806073 1 -5.394988e-07 5.1528442e-08 0 0 0 0 0.4153888 0.34548724
-0.5865657 -1.2428629 0.14780068 1 -2.4766865e-07 1.2726856e-07 0 0 0 0 0.37275606 0.39629495
-0.58656573 -1.3748556 0.07159467 1 -4.4527887e-08 -1.2653686e-07 0 0 0 0 0.4380732 0.2831624
-0.5865657 -1.5249523 0.09806079 1 -3.9175145e-08 -3.750214e-07 0 0 0 0 0.41538882 0.15451269
-0.58656573 -1.4522374 0.0715947 1 2.2020814e-07 -1.0386801e-06 0 0 0 0 0.43807313 0.2168376
-0.5865657 -1.5842301 0.14780077 1 1.5435025e-07 5.6001973e-08 0 0 0 0 0.3727561 0.103705004
-0.5865657 -1.6229209 0.21481529 1 -3.6579824e-08 6.9535254e-08 0 0 0 0 0.31531712 0.07054262
-0.5865657 -1.636358 0.29102135 1 -1.2249329e-08 4.380701e-15 0 0 0 0 0.24999999 0.059025455
-0.5865657 -1.6229209 0.36722744 1 1.1370484e-07 6.301979e-08 0 0 0 0 0.18468283 0.07054262
-0.5865657 -1.5842301 0.4342419 1 -3.3212095e-07 5.350465e-08 0 0 0 0 0.12724394 0.10370501
-0.5865656 -1.4522372 0.5104479 1 -2.0603196e-08 -1.1273269e-06 0 0 0 0 0.06192679 0.2168376
-0.5865657 -1.5249523 0.48398185 1 1.2501637e-07 -8.274e-07 0 0 0 0 0.084611185 0.15451272
-0.5865656 -1.3748555 0.51044786 1 2.5873956e-07 -4.9027835e-07 0 0 0 0 0.061926793 0.2831624
-0.5865657 -1.3021406 0.4839818 1 2.6397004e-07 2.3199738e-07 0 0 0 0 0.08461119 0.34548724
-0.5865657 -1.2428628 0.43424183 1 -3.834516e-08 -1.5177866e-07 0 0 0 0 0.1272439 0.39629492
-0.5865657 -1.204172 0.36722732 1 -8.765072e-07 7.58677e-09 0 0 0 0 0.18468282 0.42945725
-0.79610586 -1.2379717 0.14369647 -0.6643721 0.5725438 -0.48041993 0 0 0 0 0.40426904 0.43385065
-0.7961059 -1.3088635 0.08892232 -0.70163214 0.2724342 -0.6584011 0 0 0 0 0.8259688 1
-0.7961059 -1.3638316 0.068915606 -0.7016224 0.21451999 -0.6794904 0 0 0 0 0.48257485 0.30205825
-0.79610586 -1.5362278 0.099313736 -0.7016376 -0.4339731 -0.5651302 0 0 0 0 0.6593021 1
-0.79610586 -1.6409107 0.30141267 -0.7016372 -0.70640403 0.09326621 0 0 0 0 0.49263534 1
-0.79610586 -1.630753 0.35901982 -0.7016211 -0.6957172 0.15396565 0 0 0 0 0.17879632 0.022555131
-0.79610586 -1.5891211 0.4383461 -0.66437197 -0.5725439 0.48042 0 0 0 0 0.095730975 0.06614934
-0.7961058 -1.5182294 0.49312022 -0.7016373 -0.27243087 0.65839696 0 0 0 0 0.32596868 1
-0.7961058 -1.4632612 0.51312697 -0.7016201 -0.2145205 0.6794927 0 0 0 0 0.017425142 0.19794177
-0.7961058 -1.3737468 0.51673585 -0.66437215 0.12978405 0.73604745 0 0 0 0 0.013646156 0.29167557
-0.79610586 -1.2908651 0.4827288 -0.7016301 0.43397573 0.5651374 0 0 0 0 0.15930204 1
-0.79590523 -1.426788 0.2799103 -0.83014244 -0.42710912 -0.3583872 0 0 0 0 0.28039822 0.21377271
-0.64784247 -1.1981721 0.21263134 0.6643572 0.70233977 -0.25563338 0 0 0 0 0.83208483 0.4755262
-0.64784247 -1.1843499 0.29102117 0.664377 0.74739766 -3.2171872e-06 0 0 0 0 0.75 0.49
-0.64784247 -1.1981721 0.36941105 0.6643553 0.70234317 0.25562885 0 0 0 0 0.66791517 0.4755262
-0.64784247 -1.2379717 0.4383459 0.6643748 0.57254267 0.4804176 0 0 0 0 0.59573096 0.43385065
-0.6478424 -1.3737468 0.5167358 0.66437656 0.12978736 0.7360428 0 0 0 0 0.5136461 0.29167557
-0.6478424 -1.4533459 0.5167358 0.6643547 -0.12978554 0.7360629 0 0 0 0 0.5136461 0.20832443
-0.6478424 -1.5281447 0.48951128 0.66437835 -0.3736957 0.64726585 0 0 0 0 0.5421539 0.13
-0.64784247 -1.5891211 0.43834603 0.6643483 -0.57255757 0.48043644 0 0 0 0 0.59573096 0.06614934
-0.64784247 -1.6289208 0.36941114 0.6643753 -0.7023246 0.25562778 0 0 0 0 0.66791517 0.024473771
-0.64784247 -1.642743 0.2910213 0.6643566 -0.7474157 2.9863857e-06 0 0 0 0 0.75 0.010000005
-0.64784247 -1.6289208 0.21263143 0.66437656 -0.7023254 -0.2556225 0 0 0 0 0.83208483 0.024473771
-0.6478425 -1.5281448 0.092531204 0.6643764 -0.37370142 -0.6472644 0 0 0 0 0.9578461 0.13
-0.6478425 -1.453346 0.06530669 0.6643552 -0.12979023 -0.73606163 0 0 0 0 0.9863539 0.20832443
-0.6478425 -1.3737469 0.06530666 0.6643752 0.12978211 -0.73604506 0 0 0 0 0.9863539 0.29167557
-0.64784247 -1.2379717 0.14369641 0.664377 0.5725377 -0.48042062 0 0 0 0 0.90426904 0.43385065
-0.64784247 -1.1843499 0.29102117 0.664377 0.74739766 -3.2171872e-06 0 0 0 0 1 0.5
-0.79610586 -1.1861821 0.28062984 -0.70163727 0.7064041 -0.093265824 0 0 0 0 0.99263555 1
-0.7857145 -1.1843499 0.2910212 -0.04382459 0.99903935 -2.2950405e-06 0 0 0 0 -1.8626451e-07 0.98866546
-0.7961059 -1.5182295 0.08892238 -0.7016287 -0.2724351 -0.6584044 0 0 0 0 0.46162507 0.14038268
-0.79610586 -1.6409107 0.28062996 -0.7016273 -0.7064138 -0.093267284 0 0 0 0 0.26088116 0.011918647
-0.7769739 -1.1848888 0.09915471 -0.5098245 0.65901154 -0.55297625 0 0 0 0 0.40426904 0.43385065
-0.77697396 -1.465379 -0.0029352605 -0.5098314 -0.14938787 -0.8472043 0 0 0 0 0.48635384 0.20832443
-0.7769739 -1.6940366 0.39311147 -0.50982445 -0.80839723 0.29423282 0 0 0 0 0.16791517 0.024473771
-0.77697384 -1.2643007 0.5495224 -0.5098309 0.43013972 0.7450184 0 0 0 0 0.04215391 0.37
-0.60017043 -1.1848888 0.09915471 0.5098189 0.6590139 -0.5529786 0 0 0 0 0.88888884 1
-0.60017043 -1.7120378 0.29102138 0.509819 -0.8602818 2.5670127e-07 0 0 0 0 0.4999998 1
-0.6001704 -1.3617139 0.58497787 0.5098281 0.14938408 0.847207 0 0 0 0 0.22222203 1
-0.60017043 -1.1150551 0.29102123 0.50983113 0.86027455 -2.841216e-06 0 0 0 0 -1.8626451e-07 1
0.7857145 -1.1981721 0.21263126 0.043824516 0.93878883 -0.34169427 0 0 0 0 0.9444444 0.98866546
0.79610586 -1.2379717 0.14369634 0.6643703 0.57254493 -0.48042113 0 0 0 0 0.88888884 1
0.64784247 -1.2379717 0.14369631 -0.664371 0.5725431 -0.4804224 0 0 0 0 0.88888884 0.5
0.79610586 -1.2583174 0.16076834 0.9332732 -0.2751381 0.2308685 0 0 0 0 0.38639233 0.41254604
0.79610586 -1.2034479 0.20349325 0.70162606 0.6319137 -0.32925057 0 0 0 0 0.34165356 0.4700017
0.79610586 -1.2284055 0.21257707 0.97822666 -0.20413063 -0.037461914 0 0 0 0 0.33214158 0.44386777
0.7857145 -1.2989482 0.09253107 0.043824807 0.49951938 -0.8651936 0 0 0 0 0.83333325 0.98866546
0.79610586 -1.3638316 0.06891547 0.70162135 0.21452005 -0.6794914 0 0 0 0 0.7851421 1
0.64784247 -1.3737469 0.06530656 -0.66437525 0.1297821 -0.736045 0 0 0 0 0.7777777 0.5
0.79610586 -1.3684436 0.095071286 0.9782271 0.07234241 0.1945211 0 0 0 0 0.4551862 0.29722887
0.79610586 -1.3088635 0.08892219 0.70163107 0.2724336 -0.65840244 0 0 0 0 0.4616251 0.3596173
0.79610586 -1.3221432 0.11192325 0.9782268 -0.18045305 0.102513716 0 0 0 0 0.43753985 0.34571168
0.79610586 -1.448734 0.09146243 0.93327355 0.062368583 0.35370997 0 0 0 0 0.45896515 0.21315378
0.79610586 -1.3842986 0.06530659 0.70163375 0.030816741 -0.711871 0 0 0 0 0.48635384 0.28062654
0.79610586 -1.3889105 0.0914624 0.97822636 -0.13450901 0.15805234 0 0 0 0 0.45896518 0.2757972
0.7857145 -1.5281448 0.09253113 0.043824762 -0.49951917 -0.8651937 0 0 0 0 0.6666665 0.98866546
0.79610586 -1.5810382 0.13691396 0.7016211 -0.48119724 -0.5255255 0 0 0 0 0.6184754 1
0.64784247 -1.5891212 0.1436964 -0.66434735 -0.5725616 -0.4804329 0 0 0 0 0.6111109 0.5
0.79610586 -1.5606925 0.15398596 0.97822666 0.20463279 0.03461286 0 0 0 0 0.39349446 0.095918
0.79610586 -1.5362278 0.0993136 0.70163715 -0.4339727 -0.56513095 0 0 0 0 0.45074394 0.12153596
0.79610586 -1.5229481 0.12231465 0.97822696 -0.0014493986 0.20753297 0 0 0 0 0.4266587 0.13544154
0.79610586 -1.5740514 0.16990645 0.9782263 0.06962287 0.19551507 0 0 0 0 0.37682357 0.08192945
0.79610586 -1.6289208 0.21263136 0.66435623 -0.702341 -0.25563222 0 0 0 0 0.33208483 0.024473771
0.79610586 -1.5943971 0.15283443 0.701639 -0.6010859 -0.38262045 0 0 0 0 0.39470032 0.06062483
0.7857145 -1.642743 0.2910212 0.04382428 -0.99903935 -7.0639125e-08 0 0 0 0 0.4999998 0.98866546
0.79610586 -1.630753 0.3590197 0.7016211 -0.6957171 0.15396601 0 0 0 0 0.45180866 1
0.64784247 -1.6289208 0.36941102 -0.6643758 -0.7023243 0.25562778 0 0 0 0 0.44444424 0.5
0.79610586 -1.6057954 0.3499359 0.9782268 0.13229166 -0.1599103 0 0 0 0 0.1883083 0.048689134
0.79610586 -1.6409107 0.30141255 0.7016372 -0.70640415 0.09326601 0 0 0 0 0.23911884 0.011918645
0.79610586 -1.6143514 0.30141255 0.97822684 0.17900446 0.105022065 0 0 0 0 0.23911884 0.03972986
0.79610586 -1.5687755 0.42127395 0.9332731 0.27513847 -0.23086862 0 0 0 0 0.113607675 0.08745396
0.79610586 -1.623645 0.37854907 0.70163333 -0.63190705 0.32924798 0 0 0 0 0.15834643 0.029998284
0.79610586 -1.5986873 0.36946523 0.9782263 0.20413242 0.03746249 0 0 0 0 0.16785842 0.056132283
0.7857145 -1.5281447 0.4895112 0.043824024 -0.4995197 0.86519337 0 0 0 0 0.33333313 0.98866546
0.79610586 -1.4632612 0.51312685 0.70162106 -0.21452056 0.6794916 0 0 0 0 0.28514203 1
0.64784247 -1.4533459 0.51673573 -0.66435444 -0.12978551 0.7360632 0 0 0 0 0.27777758 0.5
0.79610586 -1.4586493 0.48697105 0.9782268 -0.0723406 -0.194523 0 0 0 0 0.044813834 0.20277113
0.79610586 -1.5182294 0.49312007 0.701638 -0.27243122 0.6583962 0 0 0 0 0.038374927 0.14038268
0.79610586 -1.5049497 0.47011906 0.97822684 0.1804541 -0.1025114 0 0 0 0 0.062460147 0.15428826
0.79610586 -1.3783588 0.4905799 0.9332731 -0.06236903 -0.35371116 0 0 0 0 0.041034844 0.28684616
0.79610586 -1.4427943 0.51673573 0.701633 -0.030816877 0.71187186 0 0 0 0 0.013646156 0.21937346
0.79610586 -1.4381824 0.49057993 0.9782262 0.13450968 -0.15805268 0 0 0 0 0.04103484 0.22420283
0.7857145 -1.298948 0.48951113 0.043824103 0.49951953 0.8651935 0 0 0 0 0.16666648 0.98866546
0.79610586 -1.2460546 0.44512832 0.70162827 0.4811922 0.52552056 0 0 0 0 0.11847536 1
0.64784247 -1.2379717 0.43834582 -0.6643751 0.57254267 0.48041722 0 0 0 0 0.111110926 0.5
0.79610586 -1.2664003 0.4280563 0.9782267 -0.20463282 -0.034610264 0 0 0 0 0.1065055 0.404082
0.79610586 -1.2908651 0.48272866 0.70163697 0.43397245 0.5651314 0 0 0 0 0.04925608 0.37846404
0.79610586 -1.3041447 0.45972764 0.9782266 0.0014472828 -0.20753512 0 0 0 0 0.0733413 0.3645584
0.7807082 -1.4329793 0.27471507 0.9507432 -0.23657507 -0.20029919 0 0 0 0 0.28039822 0.21377271
0.79590523 -1.4221894 0.27605137 0.83013326 -0.27878258 -0.48286563 0 0 0 0 0.29095545 0.22635427
0.79590523 -1.426788 0.27991018 0.8301412 -0.42711228 -0.3583866 0 0 0 0 0.28039822 0.21377271
0.79610586 -1.2530414 0.41213587 0.9782266 -0.06962245 -0.1955137 0 0 0 0 0.123176396 0.41807055
0.79610586 -1.1981721 0.36941096 0.6643559 0.7023414 0.25563237 0 0 0 0 0.16791517 0.4755262
0.79610586 -1.2326958 0.42920786 0.7016324 0.60109115 0.38262448 0 0 0 0 0.105299704 0.43937513
0.79610586 -1.2127414 0.30141246 0.9782267 -0.17900702 0.10501966 0 0 0 0 0.23911884 0.46027017
0.79610586 -1.2231296 0.36032715 0.9332738 -0.3375055 -0.12284187 0 0 0 0 0.17742714 0.44939223
0.64784247 -1.2989482 0.09253104 -0.66435295 0.3737079 -0.64728475 0 0 0 0 0.9578461 0.37
0.64784247 -1.5891211 0.4383459 -0.6643482 -0.5725588 0.4804352 0 0 0 0 0.59573096 0.06614934
0.64784247 -1.298948 0.48951113 -0.6643602 0.37370765 0.64727753 0 0 0 0 0.5421539 0.37
0.7857145 -1.1843499 0.29102108 0.04382429 0.99903935 1.6976257e-07 0 0 0 0 1 0.98866546
0.79610586 -1.1963398 0.22302261 0.7016281 0.6957103 -0.15396488 0 0 0 0 0.95180887 1
0.64784247 -1.1981721 0.21263123 -0.6643545 0.7023421 -0.25563407 0 0 0 0 0.9444444 0.5
0.79610586 -1.1981721 0.36941096 0.6643559 0.7023414 0.25563237 0 0 0 0 0.05555537 1
0.7857145 -1.1843499 0.29102108 0.04382429 0.99903935 1.6976257e-07 0 0 0 0 -1.8626451e-07 0.98866546
0.64784247 -1.1843499 0.29102105 -0.6643728 0.7474014 -1.5687647e-06 0 0 0 0 -1.8626451e-07 0.5
0.64784247 -1.2989482 0.09253104 -0.66435295 0.3737079 -0.64728475 0 0 0 0 0.83333325 0.5
0.7857145 -1.3737469 0.06530659 0.04382513 0.17348017 -0.98386186 0 0 0 0 0.7777777 0.98866546
0.79610586 -1.453346 0.06530662 0.6643637 -0.12978521 -0.73605484 0 0 0 0 0.7222221 1
0.64784247 -1.453346 0.06530659 -0.66435003 -0.12978917 -0.7360664 0 0 0 0 0.7222221 0.5
0.79610586 -1.5049498 0.11192328 0.9782266 0.18045351 0.10251523 0 0 0 0 0.43753985 0.15428826
0.79610586 -1.453346 0.06530662 0.6643637 -0.12978521 -0.73605484 0 0 0 0 0.48635384 0.20832443
0.64784247 -1.5281448 0.0925311 -0.66437286 -0.37370193 -0.6472678 0 0 0 0 0.6666665 0.5
0.7857145 -1.5891212 0.14369643 0.04382431 -0.76531 -0.6421682 0 0 0 0 0.6111109 0.98866546
0.79610586 -1.6289208 0.21263136 0.66435623 -0.702341 -0.25563222 0 0 0 0 0.55555534 1
0.64784247 -1.6289208 0.21263131 -0.6643707 -0.7023297 -0.25562602 0 0 0 0 0.55555534 0.5
0.79610586 -1.6143514 0.28062984 0.97822666 0.17900705 -0.10501942 0 0 0 0 0.26088116 0.039729856
0.79610586 -1.6039631 0.22171518 0.9332739 0.33750534 0.12284186 0 0 0 0 0.32257283 0.050607756
0.64784247 -1.642743 0.29102117 -0.6643523 -0.74741966 1.6160916e-06 0 0 0 0 0.4999998 0.5
0.7857145 -1.6289208 0.36941105 0.04382462 -0.93878955 0.3416922 0 0 0 0 0.44444424 0.98866546
0.79610586 -1.5891211 0.43834594 0.6643706 -0.57254463 0.48042107 0 0 0 0 0.3888887 1
0.64784247 -1.5891211 0.4383459 -0.6643482 -0.5725588 0.4804352 0 0 0 0 0.3888887 0.5
0.79610586 -1.5362277 0.48272872 0.70162547 -0.4339794 0.5651403 0 0 0 0 0.049256094 0.12153595
0.79610586 -1.5891211 0.43834594 0.6643706 -0.57254463 0.48042107 0 0 0 0 0.095730975 0.06614934
0.64784247 -1.5281447 0.4895112 -0.66437334 -0.37369925 0.64726883 0 0 0 0 0.33333313 0.5
0.7857145 -1.4533459 0.51673573 0.04382461 -0.17348036 0.9838618 0 0 0 0 0.27777758 0.98866546
0.79610586 -1.3737468 0.51673573 0.66437054 0.12978445 0.7360488 0 0 0 0 0.22222203 1
0.64784247 -1.3737468 0.5167357 -0.664371 0.12978634 0.7360481 0 0 0 0 0.22222203 0.5
0.79610586 -1.3088634 0.49312 0.70162696 0.272436 0.6584059 0 0 0 0 0.038374923 0.35961735
0.79610586 -1.3737468 0.51673573 0.66437054 0.12978445 0.7360488 0 0 0 0 0.013646156 0.29167557
0.64784247 -1.298948 0.48951113 -0.6643602 0.37370765 0.64727753 0 0 0 0 0.16666648 0.5
0.7857145 -1.2379717 0.43834585 0.043824714 0.7653096 0.64216876 0 0 0 0 0.111110926 0.98866546
0.64784247 -1.1981721 0.36941093 -0.6643528 0.70234466 0.2556315 0 0 0 0 0.05555537 0.5
0.79610586 -1.4441595 0.21721515 0.84967947 0.34820914 -0.3959737 0 0 0 0 0.34818453 0.20927528
0.75994676 -1.4252498 0.22464791 0.60776246 -0.13789758 -0.78205436 0 0 0 0 0.35619193 0.23127544
0.79610586 -1.4276218 0.21119592 0.61908376 -0.13637221 -0.77339387 0 0 0 0 0.35619193 0.23127544
0.79610586 -1.2908652 0.09931354 0.701633 0.43397436 -0.56513494 0 0 0 0 0.4507439 0.37846407
0.79610586 -1.2379717 0.14369634 0.6643703 0.57254493 -0.48042113 0 0 0 0 0.40426904 0.43385065
0.79610586 -1.4100227 0.21119592 0.84721595 -0.46303406 -0.26043162 0 0 0 0 0.356192 0.2546876
0.75994676 -1.4106165 0.22464791 0.47888756 -0.50600344 -0.7173752 0 0 0 0 0.356192 0.2546876
0.79610586 -1.2127414 0.28062975 0.9782265 -0.1790076 -0.10502101 0 0 0 0 0.26088116 0.46027017
0.75994676 -1.2536948 0.24203464 0.7052561 -0.11698082 0.69923484 0 0 0 0 0.31169167 0.45131093
0.79610586 -1.2212974 0.23210643 0.9782268 -0.13228986 0.15991226 0 0 0 0 0.31169167 0.45131093
0.79610586 -1.3829334 0.21721514 0.831613 -0.24842903 -0.49669188 0 0 0 0 0.3481846 0.2907247
0.75994676 -1.3935987 0.22764862 0.47888055 0.7208477 -0.5010509 0 0 0 0 0.35139108 0.28191492
0.75994676 -1.3880923 0.22965279 0.47888756 -0.23013084 -0.84717566 0 0 0 0 0.3481846 0.2907247
0.79610586 -1.3595364 0.34990588 0.8594658 -0.13972157 0.49172825 0 0 0 0 0.17166534 0.32184976
0.75994676 -1.2911971 0.4049635 0.70525604 -0.66404575 0.2483088 0 0 0 0 0.1065055 0.404082
0.75994676 -1.368638 0.33998275 0.4788805 0.0734995 0.8747979 0 0 0 0 0.17166534 0.32184976
0.79610586 -1.364935 0.22760649 0.8496784 0.5170297 0.10357115 0 0 0 0 0.3343609 0.314668
0.75994676 -1.3619171 0.24769908 0.60775757 0.6083329 -0.51045257 0 0 0 0 0.31931192 0.33260268
0.79610586 -1.3514534 0.2389189 0.6190833 0.60159266 -0.50479907 0 0 0 0 0.31931192 0.33260268
0.79610586 -1.3461776 0.3339854 0.8472174 0.45705563 -0.2707819 0 0 0 0 0.19284445 0.33962116
0.75994676 -1.2800894 0.3917259 0.70523494 0.12925518 -0.69709164 0 0 0 0 0.12317639 0.41807055
0.75994676 -1.5718746 0.23339449 0.9012958 0.40707892 0.1481645 0 0 0 0 0.32257283 0.050607756
0.75994676 -1.5805122 0.28238097 0.7052349 0.3490662 -0.61708724 0 0 0 0 0.26088116 0.039729856
0.79610586 -1.334322 0.30141246 0.8496785 0.16881953 0.49954626 0 0 0 0 0.23617634 0.3553927
0.75994676 -1.3502138 0.31407237 0.6077578 0.746231 0.2716059 0 0 0 0 0.2131199 0.3513272
0.79610586 -1.337378 0.31874418 0.6190834 0.7379651 0.26859495 0 0 0 0 0.2131199 0.3513272
0.79610586 -1.3829334 0.36482722 0.8496795 -0.34820876 0.39597395 0 0 0 0 0.15181541 0.2907247
0.75994676 -1.3375461 0.43993783 0.70523494 -0.7089462 0.0062432606 0 0 0 0 0.062460147 0.34571168
0.75994676 -1.3880922 0.35238957 0.47888774 -0.23013014 0.84717584 0 0 0 0 0.15181541 0.2907247
0.79610586 -1.3426539 0.2541601 0.84721726 -0.0059762746 -0.53121305 0 0 0 0 0.2990364 0.34430873
0.75994676 -1.3546005 0.26037186 0.47888768 0.3682632 -0.7968995 0 0 0 0 0.2990364 0.34430873
0.79610586 -1.364935 0.35443586 0.8316089 0.55436826 0.033204507 0 0 0 0 0.16563909 0.31466797
0.75994676 -1.3225808 0.4312976 0.7052417 0.35987595 -0.61083835 0 0 0 0 0.0733413 0.36455843
0.79610586 -1.334322 0.28062975 0.8316135 0.30593163 -0.46349224 0 0 0 0 0.2638237 0.35539266
0.75994676 -1.3486903 0.27661017 0.47888067 0.7943466 0.3737471 0 0 0 0 0.2730564 0.35376465
0.75994676 -1.3476727 0.2823809 0.47888792 0.61861026 -0.6228866 0 0 0 0 0.2638237 0.35539266
0.79610586 -1.4375371 0.36723757 0.85946536 -0.49571055 0.12486151 0 0 0 0 0.14860891 0.21808511
0.75994676 -1.4510486 0.45395 0.70524776 -0.5470873 -0.4509114 0 0 0 0 0.044813827 0.20277113
0.75994676 -1.4334942 0.35439378 0.4788803 -0.7208476 0.5010513 0 0 0 0 0.14860891 0.21808511
0.75994676 -1.5045121 0.15074472 0.7052498 -0.35985023 0.61084425 0 0 0 0 0.4266587 0.13544154
0.75994676 -1.5358958 0.17707887 0.70524776 0.66404426 -0.2483363 0 0 0 0 0.39349446 0.095918
0.75994676 -1.2552183 0.34864786 0.90129566 -0.40707913 -0.1481645 0 0 0 0 0.17742714 0.44939223
0.7807082 -1.3897085 0.28234485 0.950738 0.29176536 -0.10473984 0 0 0 0 0.2661746 0.29443932
0.79610586 -1.3355458 0.27368945 0.8594632 0.35599476 0.36686608 0 0 0 0 0.2730564 0.35376465
0.79610586 -1.3428811 0.29102114 0.9764609 -0.20739008 0.059276424 0 0 0 0 0.25 0.34653383
0.79610586 -1.41707 0.37084645 0.8472172 0.46303225 0.26043072 0 0 0 0 0.14380798 0.24531242
0.75994676 -1.4340308 0.45695072 0.7052478 0.6683146 -0.23660344 0 0 0 0 0.041034844 0.22420283
0.7807082 -1.3941135 0.27471507 0.94449496 0.24310957 -0.22096857 0 0 0 0 0.28039825 0.28622726
0.79610586 -1.3471427 0.26685217 0.9764095 -0.19478968 0.09317549 0 0 0 0 0.2830165 0.34071213
0.7807082 -1.3881787 0.29102114 0.9472768 0.32007042 0.014889315 0 0 0 0 0.25000003 0.2972913
0.7807082 -1.4091414 0.26603878 0.95073766 0.055175893 -0.305047 0 0 0 0 0.29657277 0.258212
0.79610586 -1.3895558 0.21480478 0.8594646 0.49571064 -0.124867246 0 0 0 0 0.35139108 0.28191492
0.79610586 -1.3782138 0.22982319 0.97646093 -0.052359756 0.20924318 0 0 0 0 0.33360073 0.29826692
0.7807082 -1.4179516 0.26603878 0.9444947 -0.06980982 -0.32102415 0 0 0 0 0.29657283 0.24178796
0.79610586 -1.4012755 0.22142938 0.9764094 -0.0167028 0.21528068 0 0 0 0 0.34506726 0.2667629
0.7807082 -1.4262304 0.26905203 0.94727635 -0.14714167 -0.2846347 0 0 0 0 0.29095545 0.22635427
0.79610586 -1.4675565 0.23213644 0.8594665 0.1397218 -0.49172676 0 0 0 0 0.32833466 0.1781502
0.79610586 -1.4488791 0.2298232 0.9764609 0.15502988 0.14996698 0 0 0 0 0.33360073 0.20173305
0.7807082 -1.4373844 0.28234488 0.94449484 -0.31291717 -0.100062676 0 0 0 0 0.26617458 0.20556068
0.79610586 -1.4809153 0.24805692 0.84721595 -0.4570574 0.27078345 0 0 0 0 0.30715555 0.16037881
0.79610586 -1.4676793 0.24559835 0.97640944 0.17808712 0.12210537 0 0 0 0 0.31205073 0.17605075
0.7807082 -1.4389142 0.29102117 0.9472762 -0.3200718 -0.01489709 0 0 0 0 0.25 0.20270866
0.79610586 -1.4927709 0.2806298 0.84967804 -0.16881958 -0.49954692 0 0 0 0 0.2638237 0.14460732
0.79610586 -1.4897149 0.26329815 0.6190832 -0.737965 -0.26859587 0 0 0 0 0.2868801 0.14867279
0.7807082 -1.4373844 0.29969746 0.9507378 -0.29176873 0.104732476 0 0 0 0 0.23382539 0.2055607
0.79610586 -1.4915471 0.30835286 0.8594654 -0.35598862 -0.3668669 0 0 0 0 0.22694357 0.14623529
0.79610586 -1.4842118 0.29102117 0.9764608 0.20738998 -0.059276592 0 0 0 0 0.25000003 0.15346617
0.7807082 -1.4329793 0.30732727 0.9444951 -0.24311472 0.22096273 0 0 0 0 0.21960169 0.21377274
0.79610586 -1.484439 0.3278822 0.8472172 0.005976724 0.53121305 0 0 0 0 0.20096357 0.15569124
0.79610586 -1.4799501 0.31519014 0.9764094 0.19479008 -0.09317527 0 0 0 0 0.21698348 0.15928787
0.7807082 -1.4262303 0.3129903 0.9472765 -0.1729366 0.26974136 0 0 0 0 0.20904453 0.22635435
0.79610586 -1.4621578 0.35443586 0.8496783 -0.51703006 -0.10357125 0 0 0 0 0.16563912 0.185332
0.79610586 -1.4756395 0.34312344 0.6190834 -0.6015929 0.50479865 0 0 0 0 0.18068808 0.1673973
0.7807082 -1.4179515 0.3160036 0.950738 -0.055182718 0.30504468 0 0 0 0 0.20342714 0.241788
0.79610586 -1.4488791 0.35221916 0.9764608 0.05236 -0.20924313 0 0 0 0 0.16639929 0.20173308
0.7807082 -1.4091414 0.31600356 0.94449514 0.069801666 0.32102436 0 0 0 0 0.20342714 0.25821203
0.79610586 -1.4258173 0.360613 0.97640944 0.016702803 -0.21528038 0 0 0 0 0.15493271 0.23323709
0.7807082 -1.4008626 0.3129903 0.9472766 0.1471335 0.2846379 0 0 0 0 0.20904455 0.27364567
0.79610586 -1.399471 0.37084645 0.6190834 0.13637222 0.77339405 0 0 0 0 0.14380798 0.26872444
0.7807082 -1.3941135 0.30732727 0.95073795 0.23658454 0.20031255 0 0 0 0 0.21960175 0.2862273
0.79610586 -1.3782138 0.35221913 0.97646093 -0.15502976 -0.14996664 0 0 0 0 0.16639924 0.29826692
0.7807082 -1.3897085 0.29969746 0.9444893 0.312933 0.10006465 0 0 0 0 0.23382537 0.29443932
0.79610586 -1.3594136 0.33644396 0.9764095 -0.17808703 -0.12210505 0 0 0 0 0.18794926 0.3239492
0.7807082 -1.4008626 0.26905203 0.94727635 0.17293057 -0.2697454 0 0 0 0 0.29095542 0.27364564
0.79610586 -1.1963398 0.22302261 0.7016281 0.6957103 -0.15396488 0 0 0 0 0.33142862 0.4737233
0.7857145 -1.1981721 0.21263126 0.043824516 0.93878883 -0.34169427 0 0 0 0 0.33208483 0.4755262
0.79610586 -1.1861821 0.30141243 0.7016322 0.706409 0.09326616 0 0 0 0 0.23911884 0.4880814
0.79610586 -1.1861821 0.28062972 0.7016372 0.70640415 -0.0932656 0 0 0 0 0.25 0.48808137
0.7857145 -1.1843499 0.29102108 0.04382429 0.99903935 1.6976257e-07 0 0 0 0 0.25 0.49
0.79610586 -1.2908652 0.09931354 0.701633 0.43397436 -0.56513494 0 0 0 0 0.45618454 0.3690407
0.7857145 -1.2989482 0.09253107 0.043824807 0.49951938 -0.8651936 0 0 0 0 0.4578461 0.37
0.79610586 -1.3638316 0.06891547 0.70162135 0.21452005 -0.6794914 0 0 0 0 0.48446435 0.29134238
0.7857145 -1.3737469 0.06530659 0.04382513 0.17348017 -0.98386186 0 0 0 0 0.48635384 0.29167557
0.79610586 -1.5182295 0.08892225 0.70163345 -0.27243274 -0.6584003 0 0 0 0 0.45618454 0.13095932
0.7857145 -1.5281448 0.09253113 0.043824762 -0.49951917 -0.8651937 0 0 0 0 0.4578461 0.13
0.79610586 -1.5810382 0.13691396 0.7016211 -0.48119724 -0.5255255 0 0 0 0 0.40303573 0.0676191
0.7857145 -1.5891212 0.14369643 0.04382431 -0.76531 -0.6421682 0 0 0 0 0.40426904 0.06614934
0.79610586 -1.6409107 0.28062984 0.7016321 -0.7064091 -0.09326642 0 0 0 0 0.25 0.011918649
0.7857145 -1.642743 0.2910212 0.04382428 -0.99903935 -7.0639125e-08 0 0 0 0 0.25 0.010000005
0.79610586 -1.630753 0.3590197 0.7016211 -0.6957171 0.15396601 0 0 0 0 0.16857138 0.0262767
0.7857145 -1.6289208 0.36941105 0.04382462 -0.93878955 0.3416922 0 0 0 0 0.16791517 0.024473771
0.79610586 -1.5362277 0.48272872 0.70162547 -0.4339794 0.5651403 0 0 0 0 0.0438155 0.13095932
0.7857145 -1.5281447 0.4895112 0.043824024 -0.4995197 0.86519337 0 0 0 0 0.04215391 0.13
0.79610586 -1.4632612 0.51312685 0.70162106 -0.21452056 0.6794916 0 0 0 0 0.015535651 0.2086576
0.7857145 -1.4533459 0.51673573 0.04382461 -0.17348036 0.9838618 0 0 0 0 0.013646156 0.20832443
0.79610586 -1.3088634 0.49312 0.70162696 0.272436 0.6584059 0 0 0 0 0.0438155 0.36904067
0.7857145 -1.298948 0.48951113 0.043824103 0.49951953 0.8651935 0 0 0 0 0.04215391 0.37
0.79610586 -1.2460546 0.44512832 0.70162827 0.4811922 0.52552056 0 0 0 0 0.096964255 0.43238086
0.7857145 -1.2379717 0.43834585 0.043824714 0.7653096 0.64216876 0 0 0 0 0.095730975 0.43385065
0.79610586 -1.3355458 0.27368945 0.8594632 0.35599476 0.36686608 0 0 0 0 0.27513143 0.35453337
0.79610586 -1.334322 0.30141246 0.8496785 0.16881953 0.49954626 0 0 0 0 0.2378633 0.35682476
0.79610586 -1.364935 0.22760649 0.8496784 0.5170297 0.10357115 0 0 0 0 0.33644453 0.31392303
0.79610586 -1.3895558 0.21480478 0.8594646 0.49571064 -0.124867246 0 0 0 0 0.35309425 0.28050226
0.79610586 -1.4621578 0.2276065 0.8316089 -0.5543684 -0.033204768 0 0 0 0 0.33436087 0.18533197
0.79610586 -1.4441595 0.21721515 0.84967947 0.34820914 -0.3959737 0 0 0 0 0.34858128 0.20709832
0.79610586 -1.4675565 0.23213644 0.8594665 0.1397218 -0.49172676 0 0 0 0 0.32796282 0.17596878
0.79610586 -1.4927709 0.30141252 0.8316101 -0.30593938 0.46349308 0 0 0 0 0.23617636 0.1446073
0.79610586 -1.4927709 0.2806298 0.84967804 -0.16881958 -0.49954692 0 0 0 0 0.26213673 0.14317529
0.79610586 -1.4915471 0.30835286 0.8594654 -0.35598862 -0.3668669 0 0 0 0 0.22486855 0.14546658
0.79610586 -1.4441595 0.36482722 0.83161044 0.24842687 0.49669722 0 0 0 0 0.15181544 0.2092753
0.79610586 -1.4621578 0.35443586 0.8496783 -0.51703006 -0.10357125 0 0 0 0 0.16355547 0.18607695
0.79610586 -1.4375371 0.36723757 0.85946536 -0.49571055 0.12486151 0 0 0 0 0.14690565 0.21949776
0.79610586 -1.3829334 0.36482722 0.8496795 -0.34820876 0.39597395 0 0 0 0 0.15141872 0.29290172
0.79610586 -1.3595364 0.34990588 0.8594658 -0.13972157 0.49172825 0 0 0 0 0.17203712 0.3240311
0.79610586 -1.1861821 0.28062972 0.7016372 0.70640415 -0.0932656 0 0 0 0 0.26088116 0.48808137
0.79610586 -1.1963398 0.22302261 0.7016281 0.6957103 -0.15396488 0 0 0 0 0.32120368 0.47744486
0.79610586 -1.3041449 0.12231459 0.97822636 0.0014459607 0.207536 0 0 0 0 0.4266587 0.3645584
0.79610586 -1.522948 0.4597277 0.97822684 -0.0014462848 -0.20753393 0 0 0 0 0.07334131 0.13544154
0.79610586 -1.3221431 0.470119 0.97822666 -0.1804533 -0.10251483 0 0 0 0 0.06246015 0.34571168
0.79610586 -1.2460546 0.44512832 0.70162827 0.4811922 0.52552056 0 0 0 0 0.08862881 0.4253866
0.75994676 -1.2465806 0.2823809 0.7052414 -0.34906355 -0.6170812 0 0 0 0 0.26088116 0.46027017
0.75994676 -1.259605 0.22579633 0.7052347 -0.5390717 -0.4604842 0 0 0 0 0.33214158 0.44386777
0.75994676 -1.2465806 0.29966134 0.70523494 -0.34906662 0.6170869 0 0 0 0 0.23911884 0.46027017
0.75994676 -1.3375462 0.14210446 0.70524156 -0.7089397 -0.006242623 0 0 0 0 0.43753988 0.3457117
0.75994676 -1.3930621 0.12509166 0.7052347 -0.66832685 0.2366077 0 0 0 0 0.45896518 0.2757972
0.75994676 -1.4390006 0.22965279 0.47887772 0.23013152 -0.84718096 0 0 0 0 0.34818453 0.20927528
0.75994676 -1.4428043 0.12509167 0.901293 0.075226136 0.42662868 0 0 0 0 0.45896515 0.21315378
0.75994676 -1.4584547 0.24205959 0.47888008 -0.07349929 -0.8747981 0 0 0 0 0.32833466 0.1781502
0.75994676 -1.4539659 0.23829302 0.47888824 -0.84874076 -0.22428866 0 0 0 0 0.33436084 0.18533196
0.75994676 -1.4768791 0.26796997 0.60775757 -0.7462314 -0.27160552 0 0 0 0 0.2868801 0.14867279
0.75994676 -1.5470035 0.19031647 0.7052351 -0.12925531 0.69709146 0 0 0 0 0.37682357 0.08192945
0.75994676 -1.4695624 0.25529718 0.4788875 -0.874267 0.079523735 0 0 0 0 0.30715555 0.16037883
0.75994676 -1.4784026 0.30543217 0.47888026 -0.7943479 -0.37374505 0 0 0 0 0.22694358 0.14623529
0.75994676 -1.5805122 0.29966143 0.7052502 0.34908158 0.61706096 0 0 0 0 0.23911884 0.039729856
0.75994676 -1.4794201 0.2996614 0.478888 -0.618609 0.62288785 0 0 0 0 0.23617636 0.1446073
0.75994676 -1.4651756 0.33434328 0.6077575 -0.60833323 0.5104522 0 0 0 0 0.18068808 0.1673973
0.75994676 -1.5674877 0.35624602 0.70523524 0.5390712 0.46048403 0 0 0 0 0.16785842 0.05613228
0.75994676 -1.4724923 0.32167047 0.47888768 -0.36826414 0.7968992 0 0 0 0 0.20096359 0.15569125
0.75994676 -1.504512 0.43129766 0.7052348 -0.35987997 -0.61084396 0 0 0 0 0.0733413 0.13544154
0.75994676 -1.5426166 0.39932403 0.9012958 0.33185378 -0.27845857 0 0 0 0 0.113607675 0.08745396
0.75994676 -1.4895467 0.43993786 0.7052501 0.7089314 0.0062172655 0 0 0 0 0.062460143 0.15428826
0.75994676 -1.4390006 0.35238957 0.47888827 0.23013067 0.84717524 0 0 0 0 0.15181544 0.2092753
0.75994676 -1.4164762 0.3573945 0.47887757 0.50600636 0.7173799 0 0 0 0 0.14380798 0.24531242
0.75994676 -1.3842885 0.4569507 0.9012928 -0.07522646 -0.42662898 0 0 0 0 0.041034844 0.28684616
0.75994676 -1.4018431 0.35739446 0.6077628 0.13789783 0.7820542 0 0 0 0 0.14380798 0.26872444
0.75994676 -1.3731269 0.34374934 0.47888848 0.8487407 0.22428833 0 0 0 0 0.16563909 0.31466797
0.75994676 -1.3575304 0.32674515 0.47888798 0.8742667 -0.07952383 0 0 0 0 0.19284445 0.33962116
0.75994676 -1.3225809 0.15074469 0.705235 0.35988003 0.61084366 0 0 0 0 0.4266587 0.3645584
0.75994676 -1.2844762 0.1827183 0.90129584 -0.33185363 0.2784585 0 0 0 0 0.38639233 0.41254604
0.75994676 -1.3476727 0.29966137 0.4788878 0.6186104 0.62288654 0 0 0 0 0.23617634 0.3553927
0.75994676 -1.573398 0.34000772 0.7052476 0.11695657 -0.69924754 0 0 0 0 0.1883083 0.04868913
0.75994676 -1.3731269 0.238293 0.47888803 0.84874064 -0.2242893 0 0 0 0 0.3343609 0.314668
0.75994676 -1.3760442 0.12809236 0.705256 0.54706484 0.4509258 0 0 0 0 0.4551862 0.2972289
0.75994676 -1.4895467 0.14210449 0.705248 0.70893323 -0.006242969 0 0 0 0 0.43753988 0.15428826
0.75994676 -1.4794201 0.28238094 0.47888765 -0.6186109 -0.6228862 0 0 0 0 0.2638237 0.14460732
0.75994676 -1.4539659 0.34374937 0.47888768 -0.848741 0.22428894 0 0 0 0 0.16563912 0.185332
0.79590523 -1.4003049 0.30213213 0.8301345 0.4271183 0.35839462 0 0 0 0 0.21960175 0.2862273
0.79590523 -1.4297897 0.2851091 0.83013237 -0.5239413 -0.19069865 0 0 0 0 0.26617458 0.20556068
0.79590523 -1.4105449 0.27399814 0.8301368 0.09681944 -0.5490891 0 0 0 0 0.29657277 0.258212
0.79590523 -1.4049037 0.30599093 0.83014315 0.27877635 0.4828519 0 0 0 0 0.20904455 0.27364567
0.79590523 -1.3962609 0.29102114 0.83013386 0.5575642 -1.12946836e-07 0 0 0 0 0.25000003 0.2972913
0.79590523 -1.3973033 0.2851091 0.8301424 0.5239274 -0.19069344 0 0 0 0 0.2661746 0.29443932
0.79590523 -1.430832 0.29102114 0.83014166 -0.55755264 1.5617061e-07 0 0 0 0 0.25 0.20270866
0.79590523 -1.4003049 0.27991018 0.8301349 0.42711732 -0.35839486 0 0 0 0 0.28039825 0.28622726
0.79590523 -1.3973033 0.29693317 0.830145 0.5239232 0.19069332 0 0 0 0 0.23382537 0.29443932
0.79590523 -1.4297897 0.29693317 0.8301334 -0.5239396 0.19069833 0 0 0 0 0.23382539 0.2055607
0.79590523 -1.4049037 0.27605137 0.8301434 0.27877396 -0.48285314 0 0 0 0 0.29095542 0.27364564
0.79590523 -1.426788 0.30213213 0.8301438 -0.4271063 0.35838726 0 0 0 0 0.21960169 0.21377274
0.79590523 -1.4221892 0.30599093 0.83013076 -0.27878416 0.48286888 0 0 0 0 0.20904453 0.22635435
0.79590523 -1.4165481 0.27399814 0.83014274 -0.09681752 -0.5490807 0 0 0 0 0.29657283 0.24178796
0.79590523 -1.416548 0.30804417 0.8301431 -0.09681811 0.5490799 0 0 0 0 0.20342714 0.241788
0.79590523 -1.4105449 0.30804417 0.8301341 0.09682059 0.5490932 0 0 0 0 0.20342714 0.25821203
0.68857217 -1.1150551 0.2910211 -4.674085e-09 1 -4.4899625e-06 0 0 0 0 1 0.75
0.7769739 -1.1330564 0.18893108 0.5098151 0.8084031 -0.29423314 0 0 0 0 0.9444444 1
0.68857217 -1.1330564 0.18893105 3.2248157e-09 0.9396927 -0.3420201 0 0 0 0 0.9444444 0.75
0.68857217 -1.1848888 0.09915458 2.2965621e-15 0.7660471 -0.64278454 0 0 0 0 0.88888884 0.75
0.7769739 -1.1848888 0.09915459 0.5098216 0.659012 -0.55297846 0 0 0 0 0.88888884 1
0.68857217 -1.2643008 0.032520056 0 0.5000036 -0.86602336 0 0 0 0 0.83333325 0.75
0.7769739 -1.2643008 0.032520056 0.5098312 0.43013465 -0.74502105 0 0 0 0 0.83333325 1
0.68857217 -1.361714 -0.0029354393 0 0.17365216 -0.9848071 0 0 0 0 0.7777777 0.75
0.7769739 -1.361714 -0.0029354393 0.5098123 0.14938414 -0.8472165 0 0 0 0 0.7777777 1
0.68857217 -1.465379 -0.0029353797 0 -0.17364417 -0.98480844 0 0 0 0 0.7222221 0.75
0.7769739 -1.465379 -0.0029353797 0.50982195 -0.1493874 -0.84721017 0 0 0 0 0.7222221 1
0.68857217 -1.5627922 0.032520115 0 -0.4999965 -0.86602753 0 0 0 0 0.6666665 0.75
0.7769739 -1.5627922 0.032520115 0.5098312 -0.43013975 -0.7450182 0 0 0 0 0.6666665 1
0.68857217 -1.6422042 0.099154666 2.5797949e-08 -0.7660419 -0.6427908 0 0 0 0 0.6111109 0.75
0.7769739 -1.6422042 0.09915468 0.5098217 -0.6590155 -0.5529742 0 0 0 0 0.6111109 1
0.68857217 -1.6940366 0.18893118 6.204903e-10 -0.939692 -0.34202203 0 0 0 0 0.55555534 0.75
0.7769739 -1.7120378 0.29102126 0.50982165 -0.86028016 -3.6748856e-06 0 0 0 0 0.4999998 1
0.68857217 -1.7120378 0.29102126 -2.899942e-09 -1 3.323426e-07 0 0 0 0 0.4999998 0.75
0.7769739 -1.6940366 0.39311132 0.50982445 -0.80839723 0.29423288 0 0 0 0 0.44444424 1
0.68857217 -1.6940366 0.3931113 -6.1236607e-09 -0.93969333 0.34201816 0 0 0 0 0.44444424 0.75
0.68857217 -1.642204 0.48288777 -1.4201965e-08 -0.76604694 0.64278466 0 0 0 0 0.3888887 0.75
0.7769739 -1.642204 0.4828878 0.50982153 -0.65900993 0.55298096 0 0 0 0 0.3888887 1
0.68857217 -1.5627921 0.5495223 0 -0.5000035 0.8660234 0 0 0 0 0.33333313 0.75
0.7769739 -1.5627921 0.5495223 0.5098121 -0.4301404 0.7450308 0 0 0 0 0.33333313 1
0.68857217 -1.4653789 0.5849778 0 -0.17365216 0.9848071 0 0 0 0 0.27777758 0.75
0.7769739 -1.4653789 0.5849778 0.50982124 -0.14938469 0.84721106 0 0 0 0 0.27777758 1
0.68857217 -1.3617139 0.58497775 0 0.1736441 0.98480856 0 0 0 0 0.22222203 0.75
0.7769739 -1.3617139 0.58497775 0.5098216 0.14938752 0.8472103 0 0 0 0 0.22222203 1
0.68857217 -1.2643007 0.5495223 0 0.49999642 0.8660276 0 0 0 0 0.16666648 0.75
0.7769739 -1.2643007 0.5495223 0.50982165 0.43014124 0.74502385 0 0 0 0 0.16666648 1
0.68857217 -1.1848887 0.4828877 0 0.7660419 0.6427907 0 0 0 0 0.111110926 0.75
0.7769739 -1.1848887 0.4828877 0.5098311 0.6590103 0.5529718 0 0 0 0 0.111110926 1
0.68857217 -1.1330563 0.39311117 -1.8550475e-08 0.93969274 0.34201986 0 0 0 0 0.05555537 0.75
0.7769739 -1.1150551 0.29102114 0.5098217 0.8602801 3.7480722e-06 0 0 0 0 -1.8626451e-07 1
0.68857217 -1.1150551 0.2910211 -4.674085e-09 1 -4.4899625e-06 0 0 0 0 -1.8626451e-07 0.75
0.79057866 -1.1607134 0.19899741 0.97143006 0.22301385 -0.081170276 0 0 0 0 0.32399103 0.45328867
0.7769739 -1.1150551 0.29102114 0.5098217 0.8602801 3.7480722e-06 0 0 0 0 0.25 0.49
0.79057866 -1.1444871 0.29102114 0.97143006 0.23732644 6.826209e-08 0 0 0 0 0.25 0.46633548
0.79057866 -1.207435 0.118073106 0.97143006 0.1818027 -0.15255047 0 0 0 0 0.3890577 0.41572252
0.7769739 -1.1330564 0.18893108 0.5098151 0.8084031 -0.29423314 0 0 0 0 0.33208483 0.4755262
0.79057866 -1.2790169 0.058008894 0.97143 0.11866325 -0.20553085 0 0 0 0 0.43735197 0.3581677
0.7769739 -1.1848888 0.09915459 0.5098216 0.659012 -0.55297846 0 0 0 0 0.40426904 0.43385065
0.7769739 -1.361714 -0.0029354393 0.5098123 0.14938414 -0.8472165 0 0 0 0 0.48635384 0.29167557
0.7769739 -1.2643008 0.032520056 0.5098312 0.43013465 -0.74502105 0 0 0 0 0.4578461 0.37
0.79057866 -1.4602683 0.026049465 0.9714301 -0.041211184 -0.23372045 0 0 0 0 0.4630488 0.21243376
0.79057866 -1.3668249 0.026049405 0.9714302 0.041211046 -0.23372033 0 0 0 0 0.46304882 0.28756624
0.79057866 -1.5480762 0.058008954 0.97143 -0.11866329 -0.20553072 0 0 0 0 0.437352 0.14183228
0.7769739 -1.465379 -0.0029353797 0.50982195 -0.1493874 -0.84721017 0 0 0 0 0.48635384 0.20832443
0.7769739 -1.6422042 0.09915468 0.5098217 -0.6590155 -0.5529742 0 0 0 0 0.40426904 0.06614934
0.7769739 -1.5627922 0.032520115 0.5098312 -0.43013975 -0.7450182 0 0 0 0 0.4578461 0.13
0.79057866 -1.619658 0.118073195 0.97143006 -0.18180268 -0.15255038 0 0 0 0 0.38905773 0.08427744
0.7769739 -1.6940366 0.1889312 0.5098188 -0.80840063 -0.29423347 0 0 0 0 0.33208483 0.024473771
0.79057866 -1.6826059 0.29102126 0.97143006 -0.23732646 1.1664578e-07 0 0 0 0 0.24999999 0.033664584
0.79057866 -1.6663797 0.19899753 0.97143006 -0.22301374 -0.081170216 0 0 0 0 0.32399106 0.0467112
0.79057866 -1.6663796 0.383045 0.97143 -0.22301406 0.08117064 0 0 0 0 0.1760089 0.0467112
0.7769739 -1.7120378 0.29102126 0.50982165 -0.86028016 -3.6748856e-06 0 0 0 0 0.25 0.010000005
0.7769739 -1.642204 0.4828878 0.50982153 -0.65900993 0.55298096 0 0 0 0 0.095730975 0.06614934
0.7769739 -1.6940366 0.39311132 0.50982445 -0.80839723 0.29423288 0 0 0 0 0.16791517 0.024473771
0.79057866 -1.6196579 0.4639693 0.97143 -0.18180251 0.15255067 0 0 0 0 0.110942274 0.084277466
0.7769739 -1.5627921 0.5495223 0.5098121 -0.4301404 0.7450308 0 0 0 0 0.04215391 0.13
0.79057866 -1.460268 0.55599296 0.9714299 -0.041211363 0.23372142 0 0 0 0 0.036951218 0.21243376
0.79057866 -1.5480762 0.5240335 0.97143 -0.11866308 0.20553069 0 0 0 0 0.06264802 0.14183229
0.79057866 -1.3668247 0.55599296 0.97143 0.04121141 0.23372114 0 0 0 0 0.036951214 0.2875663
0.7769739 -1.4653789 0.5849778 0.50982124 -0.14938469 0.84721106 0 0 0 0 0.013646156 0.20832443
0.79057866 -1.2790167 0.5240334 0.97142994 0.11866318 0.20553082 0 0 0 0 0.06264804 0.3581677
0.7769739 -1.3617139 0.58497775 0.5098216 0.14938752 0.8472103 0 0 0 0 0.013646156 0.29167557
0.79057866 -1.2074349 0.4639692 0.97142994 0.18180285 0.15255073 0 0 0 0 0.11094227 0.41572255
0.7769739 -1.2643007 0.5495223 0.50982165 0.43014124 0.74502385 0 0 0 0 0.04215391 0.37
0.7769739 -1.1330563 0.3931112 0.5098188 0.8084007 0.29423335 0 0 0 0 0.16791517 0.4755262
0.7769739 -1.1848887 0.4828877 0.5098311 0.6590103 0.5529718 0 0 0 0 0.095730975 0.43385065
0.79057866 -1.1607133 0.38304487 0.97143006 0.2230138 0.08117035 0 0 0 0 0.17600891 0.45328867
0.79057866 -1.204172 0.21481508 1 5.308793e-08 6.405219e-08 0 0 0 0 0.31531703 0.42945728
0.79057866 -1.1907349 0.29102114 1 -6.145556e-08 9.089731e-08 0 0 0 0 0.24999997 0.44097453
0.79057866 -1.2428629 0.14780058 1 1.3907122e-08 9.351476e-08 0 0 0 0 0.37275606 0.39629495
0.79057866 -1.3021407 0.09806062 1 3.3031935e-08 8.2294186e-08 0 0 0 0 0.4153888 0.34548724
0.79057866 -1.3748556 0.071594566 1 -1.04044995e-08 7.932703e-08 0 0 0 0 0.4380732 0.2831624
0.79057866 -1.4522374 0.071594596 1 -6.606384e-08 7.932699e-08 0 0 0 0 0.43807313 0.2168376
0.79057866 -1.5249523 0.09806068 1 -3.1898786e-08 8.198018e-08 0 0 0 0 0.41538882 0.15451269
0.79057866 -1.5842301 0.14780067 1 -2.95148e-09 8.5084345e-08 0 0 0 0 0.3727561 0.103705004
0.79057866 -1.6229209 0.21481518 1 -2.5787308e-08 8.429452e-08 0 0 0 0 0.31531712 0.07054262
0.79057866 -1.636358 0.29102126 1 3.9429464e-09 9.089733e-08 0 0 0 0 0.24999999 0.059025455
0.79057866 -1.6229209 0.36722732 1 -6.9230545e-08 6.4052244e-08 0 0 0 0 0.18468283 0.07054262
0.79057866 -1.5842301 0.43424177 1 5.847665e-08 9.351471e-08 0 0 0 0 0.12724394 0.10370501
0.79057866 -1.5249523 0.48398176 1 9.271507e-09 8.2294285e-08 0 0 0 0 0.084611185 0.15451272
0.79057866 -1.4522372 0.5104478 1 2.8369544e-14 7.9326995e-08 0 0 0 0 0.06192679 0.2168376
0.79057866 -1.3021406 0.4839817 1 5.270784e-08 8.19801e-08 0 0 0 0 0.08461119 0.34548724
0.79057866 -1.3748555 0.5104478 1 2.8369532e-14 7.932696e-08 0 0 0 0 0.061926793 0.2831624
0.79057866 -1.2428628 0.4342417 1 4.2303338e-08 8.5084366e-08 0 0 0 0 0.1272439 0.39629492
0.79057866 -1.204172 0.36722723 1 2.5787378e-08 8.429452e-08 0 0 0 0 0.18468282 0.42945725
0.60017043 -1.1330564 0.18893106 -0.50982434 0.80839735 -0.29423273 0 0 0 0 0.9444444 1
0.60017043 -1.1150551 0.2910211 -0.5098121 0.8602859 2.3246942e-06 0 0 0 0 1 1
0.60017043 -1.1848888 0.09915458 -0.50981194 0.6590155 -0.5529833 0 0 0 0 0.88888884 1
0.60017043 -1.2643008 0.032520056 -0.5098215 0.4301388 -0.7450253 0 0 0 0 0.83333325 1
0.60017043 -1.361714 -0.0029354393 -0.5098217 0.14938456 -0.84721076 0 0 0 0 0.7777777 1
0.60017043 -1.465379 -0.0029353797 -0.50982195 -0.14938743 -0.84721017 0 0 0 0 0.7222221 1
0.60017043 -1.5627922 0.032520115 -0.50982165 -0.4301414 -0.7450238 0 0 0 0 0.6666665 1
0.60017043 -1.6422042 0.099154666 -0.50983125 -0.65901023 -0.5529718 0 0 0 0 0.6111109 1
0.60017043 -1.6940366 0.1889312 -0.50981206 -0.8084052 -0.29423243 0 0 0 0 0.55555534 1
0.60017043 -1.7120378 0.29102126 -0.5098217 -0.8602801 1.4399704e-06 0 0 0 0 0.4999998 1
0.60017043 -1.6940366 0.39311132 -0.50982183 -0.80839837 0.2942344 0 0 0 0 0.44444424 1
0.60017043 -1.642204 0.48288777 -0.5098312 -0.6590065 0.55297613 0 0 0 0 0.3888887 1
0.60017043 -1.5627921 0.5495223 -0.5098121 -0.43014035 0.74503076 0 0 0 0 0.33333313 1
0.60017043 -1.4653789 0.5849778 -0.50982136 -0.14938472 0.84721094 0 0 0 0 0.27777758 1
0.60017043 -1.3617139 0.58497775 -0.5098312 0.14938796 0.8472045 0 0 0 0 0.22222203 1
0.60017043 -1.2643007 0.5495223 -0.50981206 0.4301454 0.7450279 0 0 0 0 0.16666648 1
0.60017043 -1.1848887 0.4828877 -0.5098312 0.65901035 0.5529716 0 0 0 0 0.111110926 1
0.60017043 -1.1150551 0.2910211 -0.5098121 0.8602859 2.3246942e-06 0 0 0 0 -1.8626451e-07 1
0.60017043 -1.1330563 0.39311117 -0.5098284 0.8083958 0.29423007 0 0 0 0 0.05555537 1
0.60017043 -1.1150551 0.2910211 -0.5098121 0.8602859 2.3246942e-06 0 0 0 0 0.25 0.49
0.5865657 -1.1607134 0.1989974 -0.97142994 0.22301432 -0.08117063 0 0 0 0 0.32399103 0.45328867
0.5865657 -1.1444871 0.2910211 -0.97143 0.23732625 -1.0198207e-07 0 0 0 0 0.25 0.46633548
0.60017043 -1.1848888 0.09915458 -0.50981194 0.6590155 -0.5529833 0 0 0 0 0.40426904 0.43385065
0.5865657 -1.207435 0.11807309 -0.97143 0.18180242 -0.15255046 0 0 0 0 0.3890577 0.41572252
0.5865657 -1.2790169 0.05800888 -0.9714299 0.118663296 -0.20553102 0 0 0 0 0.43735197 0.3581677
0.60017043 -1.2643008 0.032520056 -0.5098215 0.4301388 -0.7450253 0 0 0 0 0.4578461 0.37
0.5865657 -1.3668249 0.026049405 -0.9714301 0.041211225 -0.23372069 0 0 0 0 0.46304882 0.28756624
0.60017043 -1.361714 -0.0029354393 -0.5098217 0.14938456 -0.84721076 0 0 0 0 0.48635384 0.29167557
0.5865657 -1.4602683 0.026049465 -0.9714301 -0.041211165 -0.2337206 0 0 0 0 0.4630488 0.21243376
0.60017043 -1.465379 -0.0029353797 -0.50982195 -0.14938743 -0.84721017 0 0 0 0 0.48635384 0.20832443
0.5865657 -1.5480762 0.05800894 -0.97143006 -0.11866326 -0.20553072 0 0 0 0 0.437352 0.14183228
0.60017043 -1.5627922 0.032520115 -0.50982165 -0.4301414 -0.7450238 0 0 0 0 0.4578461 0.13
0.5865657 -1.619658 0.11807318 -0.97143 -0.18180276 -0.15255064 0 0 0 0 0.38905773 0.08427744
0.60017043 -1.6940366 0.1889312 -0.50981206 -0.8084052 -0.29423243 0 0 0 0 0.33208483 0.024473771
0.5865657 -1.6663797 0.19899751 -0.97143 -0.22301388 -0.08117048 0 0 0 0 0.32399106 0.0467112
0.5865657 -1.6826059 0.29102126 -0.97143006 -0.23732643 -5.1986106e-08 0 0 0 0 0.24999999 0.033664584
0.60017043 -1.7120378 0.29102126 -0.5098217 -0.8602801 1.4399704e-06 0 0 0 0 0.25 0.010000005
0.5865657 -1.6663796 0.383045 -0.9714301 -0.22301374 0.08117024 0 0 0 0 0.1760089 0.0467112
0.60017043 -1.6940366 0.39311132 -0.50982183 -0.80839837 0.2942344 0 0 0 0 0.16791517 0.024473771
0.5865657 -1.6196579 0.4639693 -0.97143 -0.18180263 0.15255056 0 0 0 0 0.110942274 0.084277466
0.60017043 -1.5627921 0.5495223 -0.5098121 -0.43014035 0.74503076 0 0 0 0 0.04215391 0.13
0.5865657 -1.5480762 0.5240335 -0.9714301 -0.118663095 0.20553054 0 0 0 0 0.06264802 0.14183229
0.5865657 -1.460268 0.55599296 -0.9714299 -0.041211355 0.2337213 0 0 0 0 0.036951218 0.21243376
0.60017043 -1.4653789 0.5849778 -0.50982136 -0.14938472 0.84721094 0 0 0 0 0.013646156 0.20832443
0.5865657 -1.3668247 0.55599296 -0.97143 0.04121144 0.23372109 0 0 0 0 0.036951214 0.2875663
0.60017043 -1.2643007 0.5495223 -0.50981206 0.4301454 0.7450279 0 0 0 0 0.04215391 0.37
0.5865657 -1.2790167 0.5240334 -0.97143006 0.11866321 0.2055305 0 0 0 0 0.06264804 0.3581677
0.5865657 -1.2074349 0.46396917 -0.97143 0.18180278 0.15255055 0 0 0 0 0.11094227 0.41572255
0.60017043 -1.1330563 0.39311117 -0.5098284 0.8083958 0.29423007 0 0 0 0 0.16791517 0.4755262
0.5865657 -1.1607133 0.38304487 -0.97143006 0.22301404 0.08117013 0 0 0 0 0.17600891 0.45328867
0.5865657 -1.204172 0.21481507 -1 9.3591984e-07 -7.586945e-09 0 0 0 0 0.31531703 0.42945728
0.5865657 -1.1907349 0.29102114 -1 -7.1610664e-08 -3.292507e-08 0 0 0 0 0.24999997 0.44097453
0.5865657 -1.2428629 0.14780056 -1 3.5736857e-08 -8.7622674e-08 0 0 0 0 0.37275606 0.39629495
0.5865657 -1.3021407 0.09806061 -1 9.406481e-08 -3.3640198e-14 0 0 0 0 0.4153888 0.34548724
0.5865657 -1.3748556 0.07159455 -1 4.7490927e-09 -3.648288e-08 0 0 0 0 0.4380732 0.2831624
0.5865657 -1.4522374 0.07159458 -1 0 0 0 0 0 0 0.43807313 0.2168376
0.5865657 -1.5249523 0.09806067 -1 -5.3300333e-08 -7.023094e-08 0 0 0 0 0.41538882 0.15451269
0.5865657 -1.5842301 0.14780065 -1 4.3723556e-08 -2.3330274e-07 0 0 0 0 0.3727561 0.103705004
0.5865657 -1.6229209 0.21481517 -1 -5.852139e-08 -8.0108926e-08 0 0 0 0 0.31531712 0.07054262
0.5865657 -1.636358 0.29102123 -1 -8.1957137e-07 2.9310156e-13 0 0 0 0 0.24999999 0.059025455
0.5865657 -1.6229209 0.36722732 -1 1.0106705e-07 -5.4061093e-08 0 0 0 0 0.18468283 0.07054262
0.5865657 -1.5842301 0.43424177 -1 -7.3402916e-08 -2.3330155e-07 0 0 0 0 0.12724394 0.10370501
0.5865657 -1.5249523 0.48398173 -1 2.6293062e-08 -3.1940328e-08 0 0 0 0 0.084611185 0.15451272
0.5865657 -1.4522372 0.5104478 -1 0 0 0 0 0 0 0.06192679 0.2168376
0.5865657 -1.3748555 0.51044774 -1 -1.2629369e-08 4.5166143e-15 0 0 0 0 0.061926793 0.2831624
0.5865657 -1.3021406 0.48398167 -1 -2.0211418e-07 7.2281665e-14 0 0 0 0 0.08461119 0.34548724
0.5865657 -1.2428628 0.4342417 -1 -3.9789267e-08 -6.640166e-08 0 0 0 0 0.1272439 0.39629492
0.5865657 -1.204172 0.3672272 -1 -2.3556102e-07 1.3724516e-09 0 0 0 0 0.18468282 0.42945725
0.79610586 -1.2034479 0.20349325 0.70162606 0.6319137 -0.32925057 0 0 0 0 0.93707997 1
0.79610586 -1.3088635 0.08892219 0.70163107 0.2724336 -0.65840244 0 0 0 0 0.8259688 1
0.79610586 -1.3638316 0.06891547 0.70162135 0.21452005 -0.6794914 0 0 0 0 0.48257485 0.30205825
0.79610586 -1.5362278 0.0993136 0.70163715 -0.4339727 -0.56513095 0 0 0 0 0.6593021 1
0.79610586 -1.5810382 0.13691396 0.7016211 -0.48119724 -0.5255255 0 0 0 0 0.4113712 0.07461338
0.79610586 -1.6409107 0.30141255 0.7016372 -0.70640415 0.09326601 0 0 0 0 0.49263534 1
0.79610586 -1.630753 0.3590197 0.7016211 -0.6957171 0.15396601 0 0 0 0 0.17879632 0.022555131
0.79610586 -1.5182294 0.49312007 0.701638 -0.27243122 0.6583962 0 0 0 0 0.32596868 1
0.79610586 -1.4632612 0.51312685 0.70162106 -0.21452056 0.6794916 0 0 0 0 0.017425142 0.19794177
0.79610586 -1.2908651 0.48272866 0.70163697 0.43397245 0.5651314 0 0 0 0 0.15930204 1
0.64784247 -1.1981721 0.36941093 -0.6643528 0.70234466 0.2556315 0 0 0 0 0.66791517 0.4755262
0.64784247 -1.1843499 0.29102105 -0.6643728 0.7474014 -1.5687647e-06 0 0 0 0 0.75 0.49
0.64784247 -1.1981721 0.21263123 -0.6643545 0.7023421 -0.25563407 0 0 0 0 0.83208483 0.4755262
0.64784247 -1.2379717 0.14369631 -0.664371 0.5725431 -0.4804224 0 0 0 0 0.90426904 0.43385065
0.64784247 -1.3737469 0.06530656 -0.66437525 0.1297821 -0.736045 0 0 0 0 0.9863539 0.29167557
0.64784247 -1.453346 0.06530659 -0.66435003 -0.12978917 -0.7360664 0 0 0 0 0.9863539 0.20832443
0.64784247 -1.5281448 0.0925311 -0.66437286 -0.37370193 -0.6472678 0 0 0 0 0.9578461 0.13
0.64784247 -1.5891212 0.1436964 -0.66434735 -0.5725616 -0.4804329 0 0 0 0 0.90426904 0.06614934
0.64784247 -1.6289208 0.21263131 -0.6643707 -0.7023297 -0.25562602 0 0 0 0 0.83208483 0.024473771
0.64784247 -1.642743 0.29102117 -0.6643523 -0.74741966 1.6160916e-06 0 0 0 0 0.75 0.010000005
0.64784247 -1.6289208 0.36941102 -0.6643758 -0.7023243 0.25562778 0 0 0 0 0.66791517 0.024473771
0.64784247 -1.5281447 0.4895112 -0.66437334 -0.37369925 0.64726883 0 0 0 0 0.5421539 0.13
0.64784247 -1.4533459 0.51673573 -0.66435444 -0.12978551 0.7360632 0 0 0 0 0.5136461 0.20832443
0.64784247 -1.3737468 0.5167357 -0.664371 0.12978634 0.7360481 0 0 0 0 0.5136461 0.29167557
0.64784247 -1.2379717 0.43834582 -0.6643751 0.57254267 0.48041722 0 0 0 0 0.59573096 0.43385065
0.64784247 -1.1843499 0.29102105 -0.6643728 0.7474014 -1.5687647e-06 0 0 0 0 1 0.5
0.79610586 -1.1861821 0.28062972 0.7016372 0.70640415 -0.0932656 0 0 0 0 0.99263555 1
0.79610586 -1.1861821 0.30141243 0.7016322 0.706409 0.09326616 0 0 0 0 0.007364256 1
0.79610586 -1.2908652 0.09931354 0.701633 0.43397436 -0.56513494 0 0 0 0 0.8406977 1
0.79610586 -1.3842986 0.06530659 0.70163375 0.030816741 -0.711871 0 0 0 0 0.7704132 1
0.79610586 -1.5182295 0.08892225 0.70163345 -0.27243274 -0.6584003 0 0 0 0 0.46162507 0.14038268
0.79610586 -1.5182295 0.08892225 0.70163345 -0.27243274 -0.6584003 0 0 0 0 0.67403096 1
0.79610586 -1.5943971 0.15283443 0.701639 -0.6010859 -0.38262045 0 0 0 0 0.6037465 1
0.79610586 -1.6409107 0.28062984 0.7016321 -0.7064091 -0.09326642 0 0 0 0 0.26088116 0.011918647
0.79610586 -1.6409107 0.28062984 0.7016321 -0.7064091 -0.09326642 0 0 0 0 0.5073642 1
0.79610586 -1.623645 0.37854907 0.70163333 -0.63190705 0.32924798 0 0 0 0 0.4370798 1
0.79610586 -1.5362277 0.48272872 0.70162547 -0.4339794 0.5651403 0 0 0 0 0.3406976 1
0.79610586 -1.4427943 0.51673573 0.701633 -0.030816877 0.71187186 0 0 0 0 0.27041313 1
0.79610586 -1.3088634 0.49312 0.70162696 0.272436 0.6584059 0 0 0 0 0.17403091 1
0.79610586 -1.2326958 0.42920786 0.7016324 0.60109115 0.38262448 0 0 0 0 0.103746496 1
0.7769739 -1.1150551 0.29102114 0.5098217 0.8602801 3.7480722e-06 0 0 0 0 1 1
0.7769739 -1.6940366 0.1889312 0.5098188 -0.80840063 -0.29423347 0 0 0 0 0.55555534 1
0.7769739 -1.1330563 0.3931112 0.5098188 0.8084007 0.29423335 0 0 0 0 0.05555537 1
0.60017043 -1.1330564 0.18893106 -0.50982434 0.80839735 -0.29423273 0 0 0 0 0.33208483 0.4755262
0.60017043 -1.6422042 0.099154666 -0.50983125 -0.65901023 -0.5529718 0 0 0 0 0.40426904 0.06614934
0.60017043 -1.642204 0.48288777 -0.5098312 -0.6590065 0.55297613 0 0 0 0 0.095730975 0.06614934
0.60017043 -1.3617139 0.58497775 -0.5098312 0.14938796 0.8472045 0 0 0 0 0.013646156 0.29167557
0.60017043 -1.1848887 0.4828877 -0.5098312 0.65901035 0.5529716 0 0 0 0 0.095730975 0.43385065
0.79574674 1.2223296 0.21263131 0.043824524 0.9387898 -0.34169167 0 0 0 0 0.9444444 0.98866546
0.8061381 1.18253 0.14369641 0.66437054 0.5725447 -0.4804212 0 0 0 0 0.88888884 1
0.6578747 1.18253 0.14369638 -0.66437083 0.5725434 -0.48042235 0 0 0 0 0.88888884 0.5
0.8061381 1.1621845 0.16076842 0.93327314 -0.2751383 0.2308688 0 0 0 0 0.38639233 0.41254604
0.8061381 1.2170538 0.20349331 0.701626 0.6319138 -0.32925057 0 0 0 0 0.34165356 0.4700017
0.8061381 1.1920962 0.21257713 0.97822666 -0.2041306 -0.037461918 0 0 0 0 0.33214158 0.44386777
0.79574674 1.1215535 0.092531145 0.043824032 0.4995194 -0.8651935 0 0 0 0 0.83333325 0.98866546
0.8061381 1.0566702 0.068915546 0.70162135 0.2145201 -0.6794914 0 0 0 0 0.7851421 1
0.6578747 1.0467548 0.06530663 -0.6643752 0.1297821 -0.736045 0 0 0 0 0.7777777 0.5
0.8061381 1.0520582 0.09507136 0.9782272 0.072342195 0.1945203 0 0 0 0 0.4551862 0.29722887
0.8061381 1.1116382 0.08892226 0.70163 0.27243406 -0.65840346 0 0 0 0 0.4616251 0.3596173
0.8061381 1.0983586 0.11192332 0.978227 -0.18045233 0.10251334 0 0 0 0 0.43753985 0.34571168
0.8061381 0.97176766 0.09146251 0.9332732 0.062368844 0.35371104 0 0 0 0 0.45896515 0.21315378
0.8061381 1.0362031 0.06530666 0.7016324 0.030816808 -0.7118724 0 0 0 0 0.48635384 0.28062654
0.8061381 1.0315912 0.09146248 0.9782262 -0.1345095 0.15805283 0 0 0 0 0.45896518 0.2757972
0.79574674 0.892357 0.092531204 0.04382396 -0.49951932 -0.86519367 0 0 0 0 0.6666665 0.98866546
0.8061381 0.83946353 0.13691403 0.70162815 -0.48119208 -0.5255208 0 0 0 0 0.6184754 1
0.6578747 0.8313805 0.14369647 -0.66434735 -0.57256156 -0.48043305 0 0 0 0 0.6111109 0.5
0.8061381 0.85980916 0.15398604 0.97822636 0.20463423 0.034613147 0 0 0 0 0.39349446 0.095918
0.8061381 0.88427395 0.09931368 0.7016375 -0.43397248 -0.5651308 0 0 0 0 0.45074394 0.12153596
0.8061381 0.89755356 0.12231472 0.97822696 -0.0014492582 0.207533 0 0 0 0 0.4266587 0.13544154
0.8061381 0.8165386 0.22171524 0.9332735 0.3375063 0.122842275 0 0 0 0 0.32257283 0.050607756
0.8061381 0.8261047 0.1528345 0.7016256 -0.6010969 -0.3826278 0 0 0 0 0.39470032 0.06062483
0.8061381 0.8464503 0.16990651 0.97822666 0.06962214 0.19551323 0 0 0 0 0.37682357 0.08192945
0.79574674 0.7777587 0.29102126 0.043824296 -0.99903935 -2.2174191e-07 0 0 0 0 0.4999998 0.98866546
0.8061381 0.7897487 0.35901976 0.7016211 -0.6957171 0.15396652 0 0 0 0 0.45180866 1
0.6578747 0.79158103 0.36941108 -0.66437566 -0.70232445 0.2556276 0 0 0 0 0.44444424 0.5
0.8061381 0.8147063 0.34993595 0.9782268 0.13229173 -0.1599103 0 0 0 0 0.1883083 0.048689134
0.8061381 0.779591 0.3014126 0.70163727 -0.7064041 0.09326602 0 0 0 0 0.23911884 0.011918645
0.8061381 0.8061503 0.3014126 0.9782269 0.1790046 0.10502209 0 0 0 0 0.23911884 0.03972986
0.8061381 0.8517262 0.421274 0.9332731 0.2751384 -0.23086862 0 0 0 0 0.113607675 0.08745396
0.8061381 0.7968568 0.37854913 0.701633 -0.6319073 0.32924825 0 0 0 0 0.15834643 0.029998284
0.8061381 0.8218144 0.3694653 0.9782262 0.20413247 0.0374625 0 0 0 0 0.16785842 0.056132283
0.79574674 0.89235705 0.48951128 0.043823425 -0.49951982 0.86519337 0 0 0 0 0.33333313 0.98866546
0.8061381 0.95724046 0.51312697 0.7016207 -0.21452074 0.67949194 0 0 0 0 0.28514203 1
0.6578747 0.9671558 0.5167358 -0.66435444 -0.1297855 0.7360632 0 0 0 0 0.27777758 0.5
0.8061381 0.9618525 0.48697114 0.9782268 -0.07234057 -0.19452298 0 0 0 0 0.044813834 0.20277113
0.8061381 0.9022724 0.49312016 0.7016362 -0.2724319 0.65839773 0 0 0 0 0.038374927 0.14038268
0.8061381 0.915552 0.47011912 0.9782269 0.18045413 -0.10251141 0 0 0 0 0.062460147 0.15428826
0.8061381 0.9823194 0.49058002 0.9782262 0.13451008 -0.15805314 0 0 0 0 0.04103484 0.22420283
0.8061381 1.046755 0.5167358 0.66436327 0.12978558 0.7360552 0 0 0 0 0.013646156 0.29167557
0.8061381 0.97770745 0.5167358 0.70164037 -0.030816574 0.7118646 0 0 0 0 0.013646156 0.21937346
0.79574674 1.1215537 0.48951122 0.04382395 0.4995196 0.8651935 0 0 0 0 0.16666648 0.98866546
0.8061381 1.1744471 0.44512838 0.7016282 0.48119202 0.52552086 0 0 0 0 0.11847536 1
0.6578747 1.1825302 0.4383459 -0.66437495 0.5725429 0.48041716 0 0 0 0 0.111110926 0.5
0.8061381 1.1541015 0.4280564 0.9782266 -0.20463346 -0.03461042 0 0 0 0 0.1065055 0.404082
0.8061381 1.1296366 0.48272875 0.701637 0.4339726 0.5651312 0 0 0 0 0.04925608 0.37846404
0.8061381 1.116357 0.4597277 0.97822636 0.0014472973 -0.2075357 0 0 0 0 0.0733413 0.3645584
0.79074043 0.9875224 0.27471513 0.95074314 -0.23657523 -0.20029889 0 0 0 0 0.28039822 0.21377271
0.80593747 0.9983125 0.27605143 0.83013326 -0.27878243 -0.48286572 0 0 0 0 0.29095545 0.22635427
0.80593747 0.99371374 0.27991024 0.8301427 -0.42710832 -0.35838756 0 0 0 0 0.28039822 0.21377271
0.8061381 1.1674603 0.41213593 0.97822666 -0.06962223 -0.19551302 0 0 0 0 0.123176396 0.41807055
0.8061381 1.2223296 0.36941102 0.66435575 0.70234144 0.2556324 0 0 0 0 0.16791517 0.4755262
0.8061381 1.1878059 0.42920792 0.7016326 0.6010909 0.38262442 0 0 0 0 0.105299704 0.43937513
0.8061381 1.2077603 0.30141252 0.97822666 -0.17900704 0.10501965 0 0 0 0 0.23911884 0.46027017
0.8061381 1.1973721 0.3603272 0.9332738 -0.33750558 -0.122841716 0 0 0 0 0.17742714 0.44939223
0.6578747 1.1215535 0.092531115 -0.664353 0.37370786 -0.6472848 0 0 0 0 0.9578461 0.37
0.6578747 0.8313806 0.43834597 -0.6643481 -0.5725589 0.48043525 0 0 0 0 0.59573096 0.06614934
0.6578747 1.1215537 0.4895112 -0.6643602 0.37370765 0.64727753 0 0 0 0 0.5421539 0.37
0.79574674 1.2361519 0.29102114 0.043824274 0.99903935 7.7802165e-09 0 0 0 0 1 0.98866546
0.8061381 1.2241619 0.22302267 0.7016279 0.6957107 -0.1539639 0 0 0 0 0.95180887 1
0.6578747 1.2223296 0.21263129 -0.66435444 0.70234215 -0.2556341 0 0 0 0 0.9444444 0.5
0.8061381 1.2223296 0.36941102 0.66435575 0.70234144 0.2556324 0 0 0 0 0.05555537 1
0.79574674 1.2361519 0.29102114 0.043824274 0.99903935 7.7802165e-09 0 0 0 0 -1.8626451e-07 0.98866546
0.6578747 1.2361519 0.2910211 -0.6643728 0.7474014 -1.5687647e-06 0 0 0 0 -1.8626451e-07 0.5
0.6578747 1.1215535 0.092531115 -0.664353 0.37370786 -0.6472848 0 0 0 0 0.83333325 0.5
0.79574674 1.0467548 0.06530666 0.043824732 0.17348015 -0.9838618 0 0 0 0 0.7777777 0.98866546
0.8061381 0.9671557 0.06530669 0.6643707 -0.1297842 -0.7360487 0 0 0 0 0.7222221 1
0.6578747 0.9671557 0.06530666 -0.66435015 -0.12978917 -0.73606634 0 0 0 0 0.7222221 0.5
0.8061381 0.9022723 0.08892232 0.70162505 -0.27243596 -0.658408 0 0 0 0 0.46162507 0.14038268
0.8061381 0.9671557 0.06530669 0.6643707 -0.1297842 -0.7360487 0 0 0 0 0.48635384 0.20832443
0.6578747 0.892357 0.092531174 -0.66437286 -0.37370175 -0.6472679 0 0 0 0 0.6666665 0.5
0.79574674 0.8313805 0.1436965 0.043824464 -0.765309 -0.6421694 0 0 0 0 0.6111109 0.98866546
0.8061381 0.791581 0.21263142 0.6643635 -0.7023351 -0.25562993 0 0 0 0 0.55555534 1
0.6578747 0.791581 0.21263137 -0.664371 -0.7023294 -0.25562614 0 0 0 0 0.55555534 0.5
0.8061381 0.8061503 0.2806299 0.97822666 0.17900711 -0.10501952 0 0 0 0 0.26088116 0.039729856
0.8061381 0.791581 0.21263142 0.6643635 -0.7023351 -0.25562993 0 0 0 0 0.33208483 0.024473771
0.6578747 0.7777587 0.29102123 -0.66435236 -0.7474196 1.508095e-06 0 0 0 0 0.4999998 0.5
0.79574674 0.79158103 0.3694111 0.043824434 -0.93878907 0.34169352 0 0 0 0 0.44444424 0.98866546
0.8061381 0.8313806 0.43834603 0.66437054 -0.5725448 0.480421 0 0 0 0 0.3888887 1
0.6578747 0.8313806 0.43834597 -0.6643481 -0.5725589 0.48043525 0 0 0 0 0.3888887 0.5
0.8061381 0.884274 0.4827288 0.7016254 -0.43397945 0.56514037 0 0 0 0 0.049256094 0.12153595
0.8061381 0.8313806 0.43834603 0.66437054 -0.5725448 0.480421 0 0 0 0 0.095730975 0.06614934
0.6578747 0.89235705 0.48951125 -0.6643733 -0.37369925 0.64726895 0 0 0 0 0.33333313 0.5
0.79574674 0.9671558 0.5167358 0.043824192 -0.17348035 0.98386186 0 0 0 0 0.27777758 0.98866546
0.8061381 1.046755 0.5167358 0.66436327 0.12978558 0.7360552 0 0 0 0 0.22222203 1
0.6578747 1.046755 0.5167358 -0.66437095 0.12978633 0.73604816 0 0 0 0 0.22222203 0.5
0.8061381 1.042143 0.49057996 0.9332735 -0.06236883 -0.35370997 0 0 0 0 0.041034844 0.28684616
0.8061381 1.1116383 0.4931201 0.7016261 0.27243632 0.6584067 0 0 0 0 0.038374923 0.35961735
0.6578747 1.1215537 0.4895112 -0.6643602 0.37370765 0.64727753 0 0 0 0 0.16666648 0.5
0.79574674 1.1825302 0.4383459 0.043824643 0.7653089 0.64216965 0 0 0 0 0.111110926 0.98866546
0.6578747 1.2223296 0.369411 -0.66435283 0.7023446 0.25563145 0 0 0 0 0.05555537 0.5
0.8061381 0.97634226 0.21721521 0.8496796 0.34820908 -0.39597365 0 0 0 0 0.34818453 0.20927528
0.769979 0.9952519 0.22464797 0.60776246 -0.13789761 -0.78205436 0 0 0 0 0.35619193 0.23127544
0.8061381 0.9928799 0.21119598 0.6190838 -0.13637227 -0.7733937 0 0 0 0 0.35619193 0.23127544
0.8061381 1.1296365 0.09931362 0.70163286 0.43397465 -0.56513494 0 0 0 0 0.4507439 0.37846407
0.8061381 1.18253 0.14369641 0.66437054 0.5725447 -0.4804212 0 0 0 0 0.40426904 0.43385065
0.8061381 1.010479 0.21119598 0.84721726 -0.46303236 -0.2604307 0 0 0 0 0.356192 0.2546876
0.769979 1.0098852 0.22464797 0.47888768 -0.5060033 -0.7173753 0 0 0 0 0.356192 0.2546876
0.8061381 1.2077603 0.2806298 0.97822636 -0.17900772 -0.10502097 0 0 0 0 0.26088116 0.46027017
0.769979 1.1668069 0.2420347 0.705256 -0.11698077 0.69923496 0 0 0 0 0.31169167 0.45131093
0.8061381 1.1992043 0.23210649 0.9782267 -0.13228974 0.15991214 0 0 0 0 0.31169167 0.45131093
0.8061381 1.0375683 0.2172152 0.83161175 -0.24842991 -0.49669364 0 0 0 0 0.3481846 0.2907247
0.769979 1.0269032 0.22764868 0.47888067 0.7208476 -0.5010509 0 0 0 0 0.35139108 0.28191492
0.769979 1.0324095 0.22965285 0.4788877 -0.23013082 -0.84717566 0 0 0 0 0.3481846 0.2907247
0.8061381 1.0609653 0.34990594 0.8594644 -0.1397169 0.4917318 0 0 0 0 0.17166534 0.32184976
0.769979 1.1293046 0.40496355 0.70525604 -0.66404563 0.24830885 0 0 0 0 0.1065055 0.404082
0.769979 1.0518637 0.3399828 0.47888088 0.07349901 0.8747978 0 0 0 0 0.17166534 0.32184976
0.8061381 1.0555667 0.22760655 0.84967965 0.51702774 0.10357081 0 0 0 0 0.3343609 0.314668
0.769979 1.0585846 0.24769914 0.60776263 0.60833 -0.51045 0 0 0 0 0.31931192 0.33260268
0.8061381 1.0690484 0.23891896 0.61908334 0.6015928 -0.50479907 0 0 0 0 0.31931192 0.33260268
0.8061381 1.0743243 0.33398545 0.84721625 0.45705733 -0.2707829 0 0 0 0 0.19284445 0.33962116
0.769979 1.1404123 0.39172596 0.70523506 0.12925507 -0.69709164 0 0 0 0 0.12317639 0.41807055
0.769979 0.8486272 0.23339455 0.9012958 0.4070789 0.14816456 0 0 0 0 0.32257283 0.050607756
0.769979 0.8399896 0.28238103 0.7052347 0.3490661 -0.61708736 0 0 0 0 0.26088116 0.039729856
0.8061381 1.0861797 0.30141252 0.8496785 0.16881958 0.49954626 0 0 0 0 0.23617634 0.3553927
0.769979 1.070288 0.31407243 0.6077578 0.746231 0.27160597 0 0 0 0 0.2131199 0.3513272
0.8061381 1.0831237 0.31874424 0.61908334 0.7379651 0.26859513 0 0 0 0 0.2131199 0.3513272
0.8061381 1.0375683 0.36482728 0.84967834 -0.34821007 0.39597535 0 0 0 0 0.15181541 0.2907247
0.769979 1.0829556 0.4399379 0.70523465 -0.70894647 0.0062429816 0 0 0 0 0.062460147 0.34571168
0.769979 1.0324095 0.35238963 0.47888762 -0.23013021 0.8471758 0 0 0 0 0.15181541 0.2907247
0.8061381 1.0778478 0.25416017 0.84721714 -0.005976461 -0.5312131 0 0 0 0 0.2990364 0.34430873
0.769979 1.0659013 0.26037192 0.47887766 0.36826557 -0.7969045 0 0 0 0 0.2990364 0.34430873
0.8061381 1.0555667 0.35443592 0.8316131 0.55436224 0.03319956 0 0 0 0 0.16563909 0.31466797
0.769979 1.0979209 0.4312977 0.7052419 0.35987595 -0.6108382 0 0 0 0 0.0733413 0.36455843
0.8061381 1.0861797 0.28062984 0.83161277 0.30593374 -0.46349192 0 0 0 0 0.2638237 0.35539266
0.769979 1.0718114 0.27661023 0.47888088 0.7943465 0.3737471 0 0 0 0 0.2730564 0.35376465
0.769979 1.072829 0.28238097 0.47888798 0.61861026 -0.62288654 0 0 0 0 0.2638237 0.35539266
0.8061381 0.9829647 0.36723763 0.85946524 -0.49571076 0.12486151 0 0 0 0 0.14860891 0.21808511
0.769979 0.9694531 0.45395008 0.7052477 -0.5470875 -0.4509113 0 0 0 0 0.044813827 0.20277113
0.769979 0.98700756 0.35439384 0.4788803 -0.7208476 0.5010513 0 0 0 0 0.14860891 0.21808511
0.769979 0.91598976 0.1507448 0.7052498 -0.3598502 0.6108442 0 0 0 0 0.4266587 0.13544154
0.769979 0.88460594 0.17707893 0.7052477 0.6640444 -0.24833599 0 0 0 0 0.39349446 0.095918
0.769979 1.1652834 0.34864792 0.90129566 -0.40707913 -0.1481645 0 0 0 0 0.17742714 0.44939223
0.79074043 1.0307932 0.2823449 0.9507379 0.29176536 -0.10474006 0 0 0 0 0.2661746 0.29443932
0.8061381 1.0849559 0.2736895 0.8594632 0.3559951 0.36686605 0 0 0 0 0.2730564 0.35376465
0.8061381 1.0776206 0.2910212 0.9764609 -0.20738986 0.0592764 0 0 0 0 0.25 0.34653383
0.8061381 1.0034317 0.3708465 0.84721726 0.46303216 0.26043063 0 0 0 0 0.14380798 0.24531242
0.769979 0.98647106 0.45695078 0.7052478 0.6683146 -0.23660344 0 0 0 0 0.041034844 0.22420283
0.79074043 1.0263882 0.27471513 0.94449496 0.24310948 -0.22096865 0 0 0 0 0.28039825 0.28622726
0.8061381 1.073359 0.26685223 0.9764095 -0.19478974 0.09317552 0 0 0 0 0.2830165 0.34071213
0.79074043 1.0323231 0.2910212 0.94727683 0.32007045 0.01488899 0 0 0 0 0.25000003 0.2972913
0.79074043 1.0113604 0.26603884 0.95073766 0.055175573 -0.30504704 0 0 0 0 0.29657277 0.258212
0.8061381 1.030946 0.21480484 0.8594632 0.49571258 -0.12486765 0 0 0 0 0.35139108 0.28191492
0.8061381 1.042288 0.22982325 0.9764608 -0.05235983 0.20924313 0 0 0 0 0.33360073 0.29826692
0.79074043 1.0025502 0.26603884 0.9444946 -0.06981005 -0.3210241 0 0 0 0 0.29657283 0.24178796
0.8061381 1.0192262 0.22142944 0.97640944 -0.016702525 0.21528067 0 0 0 0 0.34506726 0.2667629
0.79074043 0.9942714 0.2690521 0.9472765 -0.14714174 -0.28463453 0 0 0 0 0.29095545 0.22635427
0.8061381 0.9529453 0.2321365 0.85946316 0.139718 -0.4917337 0 0 0 0 0.32833466 0.1781502
0.8061381 0.9716226 0.22982326 0.9764609 0.15502985 0.14996694 0 0 0 0 0.33360073 0.20173305
0.79074043 0.9831174 0.28234494 0.9444947 -0.31291726 -0.10006254 0 0 0 0 0.26617458 0.20556068
0.8061381 0.93958646 0.24805698 0.84721714 -0.45705572 0.2707826 0 0 0 0 0.30715555 0.16037881
0.8061381 0.9528225 0.2455984 0.9764094 0.1780872 0.1221053 0 0 0 0 0.31205073 0.17605075
0.79074043 0.9815875 0.29102123 0.9472762 -0.3200719 -0.014897221 0 0 0 0 0.25 0.20270866
0.8061381 0.9277309 0.28062987 0.84967804 -0.16881968 -0.49954697 0 0 0 0 0.2638237 0.14460732
0.8061381 0.9307869 0.2632982 0.6190832 -0.7379649 -0.26859587 0 0 0 0 0.2868801 0.14867279
0.79074043 0.9831174 0.29969755 0.9507377 -0.29176885 0.10473216 0 0 0 0 0.23382539 0.2055607
0.8061381 0.92895466 0.30835292 0.8594656 -0.35598838 -0.3668669 0 0 0 0 0.22694357 0.14623529
0.8061381 0.93628997 0.29102123 0.9764608 0.20738998 -0.0592766 0 0 0 0 0.25000003 0.15346617
0.79074043 0.9875225 0.30732736 0.944495 -0.24311475 0.22096273 0 0 0 0 0.21960169 0.21377274
0.8061381 0.93606275 0.32788226 0.84721726 0.0059767365 0.53121305 0 0 0 0 0.20096357 0.15569124
0.8061381 0.94055164 0.3151902 0.9764094 0.19479011 -0.09317512 0 0 0 0 0.21698348 0.15928787
0.79074043 0.9942714 0.31299037 0.9472765 -0.1729364 0.26974148 0 0 0 0 0.20904453 0.22635435
0.8061381 0.9583439 0.35443592 0.8496783 -0.51703 -0.1035712 0 0 0 0 0.16563912 0.185332
0.8061381 0.9448623 0.3431235 0.6190834 -0.601593 0.50479865 0 0 0 0 0.18068808 0.1673973
0.79074043 1.0025502 0.31600365 0.950738 -0.055182673 0.3050447 0 0 0 0 0.20342714 0.241788
0.8061381 0.97162265 0.35221922 0.97646093 0.052360088 -0.2092431 0 0 0 0 0.16639929 0.20173308
0.79074043 1.0113604 0.31600362 0.94449514 0.069801755 0.32102442 0 0 0 0 0.20342714 0.25821203
0.8061381 0.99468446 0.36061305 0.97640944 0.016702387 -0.21528046 0 0 0 0 0.15493271 0.23323709
0.79074043 1.0196393 0.31299037 0.9472766 0.14713357 0.2846379 0 0 0 0 0.20904455 0.27364567
0.8061381 1.0210307 0.3708465 0.6190834 0.13637243 0.773394 0 0 0 0 0.14380798 0.26872444
0.79074043 1.0263882 0.30732733 0.9507381 0.23658438 0.20031239 0 0 0 0 0.21960175 0.2862273
0.8061381 1.0422881 0.3522192 0.9764608 -0.15502998 -0.14996663 0 0 0 0 0.16639924 0.29826692
0.79074043 1.0307932 0.29969752 0.9444893 0.31293303 0.100064315 0 0 0 0 0.23382537 0.29443932
0.8061381 1.0610881 0.33644402 0.97640944 -0.17808698 -0.12210506 0 0 0 0 0.18794926 0.3239492
0.79074043 1.0196393 0.2690521 0.94727635 0.17293054 -0.26974532 0 0 0 0 0.29095542 0.27364564
0.8061381 1.2241619 0.22302267 0.7016279 0.6957107 -0.1539639 0 0 0 0 0.33142862 0.4737233
0.79574674 1.2223296 0.21263131 0.043824524 0.9387898 -0.34169167 0 0 0 0 0.33208483 0.4755262
0.8061381 1.2343197 0.3014125 0.7016322 0.7064091 0.09326605 0 0 0 0 0.23911884 0.4880814
0.8061381 1.2343197 0.2806298 0.7016372 0.7064041 -0.093265675 0 0 0 0 0.25 0.48808137
0.79574674 1.2361519 0.29102114 0.043824274 0.99903935 7.7802165e-09 0 0 0 0 0.25 0.49
0.8061381 1.1296365 0.09931362 0.70163286 0.43397465 -0.56513494 0 0 0 0 0.45618454 0.3690407
0.79574674 1.1215535 0.092531145 0.043824032 0.4995194 -0.8651935 0 0 0 0 0.4578461 0.37
0.8061381 1.0566702 0.068915546 0.70162135 0.2145201 -0.6794914 0 0 0 0 0.48446435 0.29134238
0.79574674 1.0467548 0.06530666 0.043824732 0.17348015 -0.9838618 0 0 0 0 0.48635384 0.29167557
0.8061381 0.9022723 0.08892232 0.70162505 -0.27243596 -0.658408 0 0 0 0 0.45618454 0.13095932
0.79574674 0.892357 0.092531204 0.04382396 -0.49951932 -0.86519367 0 0 0 0 0.4578461 0.13
0.8061381 0.83946353 0.13691403 0.70162815 -0.48119208 -0.5255208 0 0 0 0 0.40303573 0.0676191
0.79574674 0.8313805 0.1436965 0.043824464 -0.765309 -0.6421694 0 0 0 0 0.40426904 0.06614934
0.8061381 0.779591 0.2806299 0.7016323 -0.706409 -0.09326638 0 0 0 0 0.25 0.011918649
0.79574674 0.7777587 0.29102126 0.043824296 -0.99903935 -2.2174191e-07 0 0 0 0 0.25 0.010000005
0.8061381 0.7897487 0.35901976 0.7016211 -0.6957171 0.15396652 0 0 0 0 0.16857138 0.0262767
0.79574674 0.79158103 0.3694111 0.043824434 -0.93878907 0.34169352 0 0 0 0 0.16791517 0.024473771
0.8061381 0.884274 0.4827288 0.7016254 -0.43397945 0.56514037 0 0 0 0 0.0438155 0.13095932
0.79574674 0.89235705 0.48951128 0.043823425 -0.49951982 0.86519337 0 0 0 0 0.04215391 0.13
0.8061381 0.95724046 0.51312697 0.7016207 -0.21452074 0.67949194 0 0 0 0 0.015535651 0.2086576
0.79574674 0.9671558 0.5167358 0.043824192 -0.17348035 0.98386186 0 0 0 0 0.013646156 0.20832443
0.8061381 1.1116383 0.4931201 0.7016261 0.27243632 0.6584067 0 0 0 0 0.0438155 0.36904067
0.79574674 1.1215537 0.48951122 0.04382395 0.4995196 0.8651935 0 0 0 0 0.04215391 0.37
0.8061381 1.1744471 0.44512838 0.7016282 0.48119202 0.52552086 0 0 0 0 0.096964255 0.43238086
0.79574674 1.1825302 0.4383459 0.043824643 0.7653089 0.64216965 0 0 0 0 0.095730975 0.43385065
0.8061381 1.0849559 0.2736895 0.8594632 0.3559951 0.36686605 0 0 0 0 0.27513143 0.35453337
0.8061381 1.0861797 0.30141252 0.8496785 0.16881958 0.49954626 0 0 0 0 0.2378633 0.35682476
0.8061381 1.0555667 0.22760655 0.84967965 0.51702774 0.10357081 0 0 0 0 0.33644453 0.31392303
0.8061381 1.030946 0.21480484 0.8594632 0.49571258 -0.12486765 0 0 0 0 0.35309425 0.28050226
0.8061381 0.95834386 0.22760656 0.8316117 -0.5543644 -0.033199675 0 0 0 0 0.33436087 0.18533197
0.8061381 0.97634226 0.21721521 0.8496796 0.34820908 -0.39597365 0 0 0 0 0.34858128 0.20709832
0.8061381 0.9529453 0.2321365 0.85946316 0.139718 -0.4917337 0 0 0 0 0.32796282 0.17596878
0.8061381 0.9277309 0.30141258 0.83161026 -0.30593875 0.4634932 0 0 0 0 0.23617636 0.1446073
0.8061381 0.9277309 0.28062987 0.84967804 -0.16881968 -0.49954697 0 0 0 0 0.26213673 0.14317529
0.8061381 0.92895466 0.30835292 0.8594656 -0.35598838 -0.3668669 0 0 0 0 0.22486855 0.14546658
0.8061381 0.97634226 0.36482728 0.8316105 0.24842705 0.49669716 0 0 0 0 0.15181544 0.2092753
0.8061381 0.9583439 0.35443592 0.8496783 -0.51703 -0.1035712 0 0 0 0 0.16355547 0.18607695
0.8061381 0.9829647 0.36723763 0.85946524 -0.49571076 0.12486151 0 0 0 0 0.14690565 0.21949776
0.8061381 1.0375683 0.36482728 0.84967834 -0.34821007 0.39597535 0 0 0 0 0.15141872 0.29290172
0.8061381 1.0609653 0.34990594 0.8594644 -0.1397169 0.4917318 0 0 0 0 0.17203712 0.3240311
0.8061381 1.2343197 0.2806298 0.7016372 0.7064041 -0.093265675 0 0 0 0 0.26088116 0.48808137
0.8061381 1.2241619 0.22302267 0.7016279 0.6957107 -0.1539639 0 0 0 0 0.32120368 0.47744486
0.8061381 1.116357 0.12231466 0.9782262 0.0014460849 0.20753676 0 0 0 0 0.4266587 0.3645584
0.8061381 0.9155519 0.11192335 0.97822666 0.18045309 0.102514975 0 0 0 0 0.43753985 0.15428826
0.8061381 0.83946353 0.13691403 0.70162815 -0.48119208 -0.5255208 0 0 0 0 0.4113712 0.07461338
0.8061381 0.8975537 0.45972776 0.97822684 -0.0014462053 -0.20753393 0 0 0 0 0.07334131 0.13544154
0.8061381 1.0983586 0.4701191 0.9782267 -0.1804527 -0.10251454 0 0 0 0 0.06246015 0.34571168
0.8061381 1.1744471 0.44512838 0.7016282 0.48119202 0.52552086 0 0 0 0 0.08862881 0.4253866
0.769979 1.1739211 0.28238097 0.7052416 -0.34906358 -0.617081 0 0 0 0 0.26088116 0.46027017
0.769979 1.1360255 0.18271837 0.9012929 -0.33185828 0.2784625 0 0 0 0 0.38639233 0.41254604
0.769979 1.1608967 0.22579639 0.7052475 -0.53906196 -0.46047598 0 0 0 0 0.33214158 0.44386777
0.769979 1.1739211 0.2996614 0.70523506 -0.34906667 0.6170867 0 0 0 0 0.23911884 0.46027017
0.769979 1.0829555 0.14210454 0.7052416 -0.7089396 -0.006242553 0 0 0 0 0.43753988 0.3457117
0.769979 1.0274396 0.12509173 0.70523465 -0.668327 0.23660761 0 0 0 0 0.45896518 0.2757972
0.769979 0.9815011 0.22965285 0.47887784 0.2301315 -0.847181 0 0 0 0 0.34818453 0.20927528
0.769979 0.97769743 0.12509175 0.9012929 0.07522617 0.42662877 0 0 0 0 0.45896515 0.21315378
0.769979 0.962047 0.24205965 0.47888088 -0.07349805 -0.87479776 0 0 0 0 0.32833466 0.1781502
0.769979 0.9665358 0.23829308 0.478888 -0.8487406 -0.22428985 0 0 0 0 0.33436084 0.18533196
0.769979 0.94362265 0.26797006 0.60775745 -0.7462315 -0.2716053 0 0 0 0 0.2868801 0.14867279
0.769979 0.8734983 0.19031653 0.70523494 -0.12925547 0.69709164 0 0 0 0 0.37682357 0.08192945
0.769979 0.9509393 0.25529724 0.47888753 -0.874267 0.07952414 0 0 0 0 0.30715555 0.16037883
0.769979 0.94108164 0.29966146 0.47888044 -0.61861193 0.6228907 0 0 0 0 0.23617636 0.1446073
0.769979 0.8471037 0.34000778 0.70524156 0.116957575 -0.69925344 0 0 0 0 0.1883083 0.04868913
0.769979 0.8399896 0.2996615 0.70525616 0.34907863 0.6170558 0 0 0 0 0.23911884 0.039729856
0.769979 0.94800943 0.32167053 0.47887757 -0.36826596 0.7969043 0 0 0 0 0.20096359 0.15569125
0.769979 0.8778851 0.3993241 0.90128994 0.3318629 -0.27846617 0 0 0 0 0.113607675 0.08745396
0.769979 0.853014 0.35624608 0.705248 0.53906155 0.4604758 0 0 0 0 0.16785842 0.05613228
0.769979 0.9665358 0.34374943 0.47887766 -0.8487461 0.22429056 0 0 0 0 0.16563912 0.185332
0.769979 0.9553261 0.33434334 0.6077679 -0.6083269 0.5104475 0 0 0 0 0.18068808 0.1673973
0.769979 0.9309551 0.43993795 0.7052502 0.70893127 0.006217213 0 0 0 0 0.062460143 0.15428826
0.769979 0.98150116 0.35238963 0.47888833 0.23013078 0.84717524 0 0 0 0 0.15181544 0.2092753
0.769979 1.0040255 0.35739455 0.47887778 0.5060063 0.71737987 0 0 0 0 0.14380798 0.24531242
0.769979 1.0362133 0.45695078 0.90129286 -0.07522646 -0.42662892 0 0 0 0 0.041034844 0.28684616
0.769979 1.0186588 0.35739452 0.60776275 0.13789783 0.7820541 0 0 0 0 0.14380798 0.26872444
0.769979 1.0473748 0.3437494 0.47888798 0.8487407 0.224289 0 0 0 0 0.16563909 0.31466797
0.769979 1.0629714 0.3267452 0.47888768 0.87426686 -0.079523906 0 0 0 0 0.19284445 0.33962116
0.769979 1.0979208 0.15074477 0.7052351 0.35988 0.61084354 0 0 0 0 0.4266587 0.3645584
0.769979 1.072829 0.29966143 0.4788878 0.6186104 0.62288654 0 0 0 0 0.23617634 0.3553927
0.769979 0.9159898 0.43129772 0.7052475 -0.3598734 -0.61083317 0 0 0 0 0.0733413 0.13544154
0.769979 1.0473748 0.23829307 0.47888812 0.8487405 -0.22428952 0 0 0 0 0.3343609 0.314668
0.769979 1.0444576 0.12809244 0.7052561 0.54706484 0.4509257 0 0 0 0 0.4551862 0.2972289
0.769979 0.93095505 0.14210457 0.7052478 0.7089335 -0.006242831 0 0 0 0 0.43753988 0.15428826
0.769979 0.94108164 0.282381 0.47888756 -0.61861104 -0.6228862 0 0 0 0 0.2638237 0.14460732
0.769979 0.9420992 0.30543223 0.4788879 -0.794344 -0.37374315 0 0 0 0 0.22694358 0.14623529
0.80593747 1.0201968 0.3021322 0.83013445 0.42711827 0.35839477 0 0 0 0 0.21960175 0.2862273
0.80593747 0.9907121 0.28510916 0.8301324 -0.52394116 -0.19069865 0 0 0 0 0.26617458 0.20556068
0.80593747 1.0099568 0.2739982 0.830137 0.09681963 -0.54908895 0 0 0 0 0.29657277 0.258212
0.80593747 1.015598 0.305991 0.83014363 0.2787752 0.48285213 0 0 0 0 0.20904455 0.27364567
0.80593747 1.0242409 0.2910212 0.83013386 0.5575643 1.579413e-07 0 0 0 0 0.25000003 0.2972913
0.80593747 1.0231985 0.28510916 0.8301433 0.52392566 -0.1906935 0 0 0 0 0.2661746 0.29443932
0.80593747 0.9896697 0.2910212 0.83014166 -0.55755264 5.0485835e-07 0 0 0 0 0.25 0.20270866
0.80593747 1.0201968 0.27991024 0.83013505 0.42711726 -0.35839486 0 0 0 0 0.28039825 0.28622726
0.80593747 1.0231985 0.29693323 0.8301438 0.52392495 0.19069321 0 0 0 0 0.23382537 0.29443932
0.80593747 0.9907121 0.29693323 0.83013344 -0.52393967 0.19069852 0 0 0 0 0.23382539 0.2055607
0.80593747 1.015598 0.27605143 0.83014303 0.27877513 -0.48285306 0 0 0 0 0.29095542 0.27364564
0.80593747 0.99371374 0.3021322 0.8301429 -0.4271084 0.3583868 0 0 0 0 0.21960169 0.21377274
0.80593747 0.9983125 0.305991 0.8301307 -0.27878433 0.48286888 0 0 0 0 0.20904453 0.22635435
0.80593747 1.0039537 0.2739982 0.83014274 -0.09681746 -0.5490807 0 0 0 0 0.29657283 0.24178796
0.80593747 1.0039537 0.30804422 0.8301433 -0.09681752 0.54907984 0 0 0 0 0.20342714 0.241788
0.80593747 1.0099568 0.30804422 0.83013415 0.09682054 0.5490931 0 0 0 0 0.20342714 0.25821203
0.6986044 1.3054465 0.29102117 -1.4497971e-09 1 -2.4069132e-06 0 0 0 0 1 0.75
0.78700614 1.2874453 0.18893112 0.5098151 0.8084031 -0.29423332 0 0 0 0 0.9444444 1
0.6986044 1.2874453 0.18893111 3.224821e-09 0.9396927 -0.34202024 0 0 0 0 0.9444444 0.75
0.6986044 1.2356128 0.099154636 2.2965625e-15 0.7660471 -0.64278454 0 0 0 0 0.88888884 0.75
0.78700614 1.2356128 0.09915465 0.50983125 0.6590066 -0.5529761 0 0 0 0 0.88888884 1
0.6986044 1.1562008 0.032520115 0 0.5000036 -0.86602336 0 0 0 0 0.83333325 0.75
0.78700614 1.1562008 0.032520115 0.50982165 0.43013632 -0.74502665 0 0 0 0 0.83333325 1
0.6986044 1.0587876 -0.0029353797 0 0.17365216 -0.9848071 0 0 0 0 0.7777777 0.75
0.78700614 1.0587876 -0.0029353797 0.5098123 0.14938413 -0.84721655 0 0 0 0 0.7777777 1
0.6986044 0.9551226 -0.0029353201 0 -0.17364624 -0.9848081 0 0 0 0 0.7222221 0.75
0.78700614 0.9551226 -0.0029353201 0.50982183 -0.14938746 -0.84721017 0 0 0 0 0.7222221 1
0.6986044 0.8577094 0.032520175 0 -0.49999827 -0.8660265 0 0 0 0 0.6666665 0.75
0.78700614 0.8577094 0.032520175 0.5098218 -0.4301413 -0.7450237 0 0 0 0 0.6666665 1
0.6986044 0.7782975 0.099154726 2.3194207e-08 -0.7660432 -0.6427891 0 0 0 0 0.6111109 0.75
0.78700614 0.726465 0.18893126 0.50982445 -0.8083975 -0.2942323 0 0 0 0 0.55555534 1
0.6986044 0.726465 0.18893123 2.641704e-08 -0.939692 -0.34202185 0 0 0 0 0.55555534 0.75
0.6986044 0.7084638 0.2910213 -4.6740816e-09 -1 -3.8024004e-06 0 0 0 0 0.4999998 0.75
0.78700614 0.7084638 0.29102132 0.5098122 -0.86028576 2.9559765e-06 0 0 0 0 0.4999998 1
0.6986044 0.7264651 0.39311135 -4.3489674e-09 -0.93969405 0.34201622 0 0 0 0 0.44444424 0.75
0.78700614 0.7264651 0.39311138 0.50983113 -0.8083927 0.29423386 0 0 0 0 0.44444424 1
0.6986044 0.77829754 0.48288783 -2.8403935e-08 -0.766047 0.6427846 0 0 0 0 0.3888887 0.75
0.78700614 0.77829754 0.48288786 0.5098216 -0.65901 0.5529809 0 0 0 0 0.3888887 1
0.6986044 0.8577095 0.5495224 0 -0.50000346 0.8660235 0 0 0 0 0.33333313 0.75
0.78700614 0.8577095 0.5495224 0.5098121 -0.43014038 0.7450308 0 0 0 0 0.33333313 1
0.6986044 0.95512277 0.58497787 0 -0.17365216 0.9848071 0 0 0 0 0.27777758 0.75
0.78700614 0.95512277 0.58497787 0.50982124 -0.1493847 0.84721106 0 0 0 0 0.27777758 1
0.6986044 1.0587877 0.5849778 0 0.17364623 0.9848081 0 0 0 0 0.22222203 0.75
0.78700614 1.0587877 0.5849778 0.50982165 0.14938751 0.8472103 0 0 0 0 0.22222203 1
0.6986044 1.1562009 0.5495223 0 0.4999982 0.86602646 0 0 0 0 0.16666648 0.75
0.78700614 1.1562009 0.5495223 0.50982165 0.43014124 0.74502385 0 0 0 0 0.16666648 1
0.6986044 1.2356129 0.48288774 0 0.7660432 0.6427891 0 0 0 0 0.111110926 0.75
0.78700614 1.2356129 0.48288774 0.5098216 0.65901375 0.55297637 0 0 0 0 0.111110926 1
0.6986044 1.2874453 0.39311123 -3.307801e-08 0.9396928 0.34201968 0 0 0 0 0.05555537 0.75
0.78700614 1.2874453 0.39311123 0.50983113 0.8083946 0.29422843 0 0 0 0 0.05555537 1
0.6986044 1.3054465 0.29102117 -1.4497971e-09 1 -2.4069132e-06 0 0 0 0 -1.8626451e-07 0.75
0.8006109 1.2597883 0.19899747 0.97142994 0.22301397 -0.081170335 0 0 0 0 0.32399103 0.45328867
0.78700614 1.3054465 0.29102117 0.5098189 0.86028177 -9.285178e-08 0 0 0 0 0.25 0.49
0.8006109 1.2760146 0.2910212 0.97143 0.2373263 4.2295383e-08 0 0 0 0 0.25 0.46633548
0.8006109 1.2130666 0.118073165 0.97143 0.1818026 -0.1525505 0 0 0 0 0.3890577 0.41572252
0.78700614 1.2874453 0.18893112 0.5098151 0.8084031 -0.29423332 0 0 0 0 0.33208483 0.4755262
0.78700614 1.1562008 0.032520115 0.50982165 0.43013632 -0.74502665 0 0 0 0 0.4578461 0.37
0.78700614 1.2356128 0.09915465 0.50983125 0.6590066 -0.5529761 0 0 0 0 0.40426904 0.43385065
0.8006109 1.1414849 0.058008954 0.97143006 0.118663184 -0.20553078 0 0 0 0 0.43735197 0.3581677
0.78700614 1.0587876 -0.0029353797 0.5098123 0.14938413 -0.84721655 0 0 0 0 0.48635384 0.29167557
0.8006109 0.96023345 0.026049525 0.97143 -0.04121128 -0.2337207 0 0 0 0 0.4630488 0.21243376
0.8006109 1.0536767 0.026049465 0.9714302 0.041211046 -0.23372033 0 0 0 0 0.46304882 0.28756624
0.8006109 0.87242544 0.058009014 0.97143006 -0.11866315 -0.20553064 0 0 0 0 0.437352 0.14183228
0.78700614 0.9551226 -0.0029353201 0.50982183 -0.14938746 -0.84721017 0 0 0 0 0.48635384 0.20832443
0.8006109 0.80084366 0.118073255 0.97143006 -0.18180269 -0.15255044 0 0 0 0 0.38905773 0.08427744
0.78700614 0.8577094 0.032520175 0.5098218 -0.4301413 -0.7450237 0 0 0 0 0.4578461 0.13
0.8006109 0.754122 0.19899759 0.97142994 -0.22301409 -0.08117035 0 0 0 0 0.32399106 0.0467112
0.78700614 0.7782975 0.09915474 0.5098284 -0.65900904 -0.55297583 0 0 0 0 0.40426904 0.06614934
0.78700614 0.7084638 0.29102132 0.5098122 -0.86028576 2.9559765e-06 0 0 0 0 0.25 0.010000005
0.78700614 0.726465 0.18893126 0.50982445 -0.8083975 -0.2942323 0 0 0 0 0.33208483 0.024473771
0.8006109 0.7541221 0.38304505 0.97143 -0.22301404 0.08117061 0 0 0 0 0.1760089 0.0467112
0.8006109 0.7378958 0.29102132 0.97143 -0.23732625 1.6316552e-07 0 0 0 0 0.24999999 0.033664584
0.78700614 0.77829754 0.48288786 0.5098216 -0.65901 0.5529809 0 0 0 0 0.095730975 0.06614934
0.78700614 0.7264651 0.39311138 0.50983113 -0.8083927 0.29423386 0 0 0 0 0.16791517 0.024473771
0.8006109 0.8008438 0.46396935 0.97142994 -0.18180251 0.1525507 0 0 0 0 0.110942274 0.084277466
0.78700614 0.8577095 0.5495224 0.5098121 -0.43014038 0.7450308 0 0 0 0 0.04215391 0.13
0.8006109 0.96023357 0.5559931 0.9714299 -0.04121137 0.23372146 0 0 0 0 0.036951218 0.21243376
0.8006109 0.87242556 0.52403355 0.97143 -0.11866304 0.20553057 0 0 0 0 0.06264802 0.14183229
0.8006109 1.053677 0.55599296 0.97143 0.041211367 0.23372103 0 0 0 0 0.036951214 0.2875663
0.78700614 0.95512277 0.58497787 0.50982124 -0.1493847 0.84721106 0 0 0 0 0.013646156 0.20832443
0.8006109 1.141485 0.5240335 0.97142994 0.11866317 0.20553082 0 0 0 0 0.06264804 0.3581677
0.78700614 1.0587877 0.5849778 0.50982165 0.14938751 0.8472103 0 0 0 0 0.013646156 0.29167557
0.8006109 1.2130667 0.46396926 0.97143 0.18180272 0.15255064 0 0 0 0 0.11094227 0.41572255
0.78700614 1.1562009 0.5495223 0.50982165 0.43014124 0.74502385 0 0 0 0 0.04215391 0.37
0.8006109 1.2597883 0.38304493 0.97142994 0.22301415 0.08117052 0 0 0 0 0.17600891 0.45328867
0.78700614 1.2356129 0.48288774 0.5098216 0.65901375 0.55297637 0 0 0 0 0.095730975 0.43385065
0.78700614 1.2874453 0.39311123 0.50983113 0.8083946 0.29422843 0 0 0 0 0.16791517 0.4755262
0.8006109 1.2163296 0.21481514 1 1.507786e-08 7.944234e-08 0 0 0 0 0.31531703 0.42945728
0.8006109 1.2297668 0.2910212 1 -6.735845e-08 9.0897345e-08 0 0 0 0 0.24999997 0.44097453
0.8006109 1.118361 0.09806068 1 3.3031938e-08 8.2294214e-08 0 0 0 0 0.4153888 0.34548724
0.8006109 1.1776388 0.14780064 1 -3.3031565e-08 8.922464e-08 0 0 0 0 0.37275606 0.39629495
0.8006109 1.045646 0.071594626 1 -1.0404514e-08 7.932706e-08 0 0 0 0 0.4380732 0.2831624
0.8006109 0.9682643 0.071594656 1 -6.606384e-08 7.932699e-08 0 0 0 0 0.43807313 0.2168376
0.8006109 0.8955493 0.09806074 1 -3.1898786e-08 8.1980204e-08 0 0 0 0 0.41538882 0.15451269
0.8006109 0.8362715 0.14780073 1 -2.9514895e-09 8.508431e-08 0 0 0 0 0.3727561 0.103705004
0.8006109 0.7975807 0.21481523 1 -2.5787317e-08 8.4294555e-08 0 0 0 0 0.31531712 0.07054262
0.8006109 0.78414357 0.29102132 1 5.7366943e-08 9.0897274e-08 0 0 0 0 0.24999999 0.059025455
0.8006109 0.7975807 0.36722738 1 3.391888e-08 6.4052195e-08 0 0 0 0 0.18468283 0.07054262
0.8006109 0.8362716 0.43424183 1 3.7667633e-08 9.351475e-08 0 0 0 0 0.12724394 0.10370501
0.8006109 0.8955494 0.48398182 1 9.271425e-09 8.229425e-08 0 0 0 0 0.084611185 0.15451272
0.8006109 0.9682644 0.51044786 1 2.8369529e-14 7.932695e-08 0 0 0 0 0.06192679 0.2168376
0.8006109 1.118361 0.48398176 1 5.270784e-08 8.1980076e-08 0 0 0 0 0.08461119 0.34548724
0.8006109 1.0456461 0.51044786 1 2.8369534e-14 7.9326966e-08 0 0 0 0 0.061926793 0.2831624
0.8006109 1.1776388 0.43424177 1 -2.3760485e-08 8.508433e-08 0 0 0 0 0.1272439 0.39629492
0.8006109 1.2163296 0.36722726 1 -1.9467416e-08 8.4294534e-08 0 0 0 0 0.18468282 0.42945725
0.61020267 1.2874453 0.18893111 -0.5098148 0.8084032 -0.29423338 0 0 0 0 0.9444444 1
0.61020267 1.3054465 0.29102117 -0.5098217 0.8602801 3.7301684e-06 0 0 0 0 1 1
0.61020267 1.2356128 0.099154636 -0.5098216 0.6590119 -0.5529786 0 0 0 0 0.88888884 1
0.61020267 1.1562008 0.032520115 -0.5098215 0.43013877 -0.74502534 0 0 0 0 0.83333325 1
0.61020267 1.0587876 -0.0029353797 -0.5098217 0.14938456 -0.84721076 0 0 0 0 0.7777777 1
0.61020267 0.8577094 0.032520175 -0.509815 -0.43014106 -0.7450285 0 0 0 0 0.6666665 1
0.61020267 0.9551226 -0.0029353201 -0.5098285 -0.1493841 -0.8472069 0 0 0 0 0.7222221 1
0.61020267 0.7782975 0.099154726 -0.5098313 -0.65901023 -0.55297154 0 0 0 0 0.6111109 1
0.61020267 0.726465 0.18893126 -0.50981206 -0.8084052 -0.2942323 0 0 0 0 0.55555534 1
0.61020267 0.7084638 0.29102132 -0.5098312 -0.8602745 2.9061011e-06 0 0 0 0 0.4999998 1
0.61020267 0.7264651 0.39311138 -0.5098124 -0.8084032 0.29423773 0 0 0 0 0.44444424 1
0.61020267 0.77829754 0.48288783 -0.5098312 -0.65900666 0.552976 0 0 0 0 0.3888887 1
0.61020267 0.8577095 0.5495224 -0.5098121 -0.43014044 0.74503076 0 0 0 0 0.33333313 1
0.61020267 0.95512277 0.58497787 -0.50982136 -0.14938472 0.84721094 0 0 0 0 0.27777758 1
0.61020267 1.1562009 0.5495223 -0.50981504 0.43014085 0.7450285 0 0 0 0 0.16666648 1
0.61020267 1.0587877 0.5849778 -0.5098283 0.14938425 0.84720683 0 0 0 0 0.22222203 1
0.61020267 1.2874453 0.39311123 -0.5098218 0.80839765 0.29423672 0 0 0 0 0.05555537 1
0.61020267 1.2356129 0.48288774 -0.5098284 0.6590089 0.55297583 0 0 0 0 0.111110926 1
0.61020267 1.3054465 0.29102117 -0.5098217 0.8602801 3.7301684e-06 0 0 0 0 -1.8626451e-07 1
0.61020267 1.3054465 0.29102117 -0.5098217 0.8602801 3.7301684e-06 0 0 0 0 0.25 0.49
0.5965979 1.2597883 0.19899744 -0.9714299 0.2230143 -0.08117061 0 0 0 0 0.32399103 0.45328867
0.5965979 1.2760146 0.29102117 -0.97143006 0.23732649 -5.4325316e-08 0 0 0 0 0.25 0.46633548
0.61020267 1.2874453 0.18893111 -0.5098148 0.8084032 -0.29423338 0 0 0 0 0.33208483 0.4755262
0.5965979 1.2130666 0.11807315 -0.97143006 0.18180259 -0.15255049 0 0 0 0 0.3890577 0.41572252
0.61020267 1.2356128 0.099154636 -0.5098216 0.6590119 -0.5529786 0 0 0 0 0.40426904 0.43385065
0.5965979 1.1414849 0.05800894 -0.9714299 0.118663326 -0.20553103 0 0 0 0 0.43735197 0.3581677
0.61020267 1.1562008 0.032520115 -0.5098215 0.43013877 -0.74502534 0 0 0 0 0.4578461 0.37
0.5965979 1.0536767 0.026049465 -0.97143 0.041211255 -0.23372072 0 0 0 0 0.46304882 0.28756624
0.61020267 1.0587876 -0.0029353797 -0.5098217 0.14938456 -0.84721076 0 0 0 0 0.48635384 0.29167557
0.5965979 0.96023345 0.026049525 -0.97143006 -0.041211262 -0.23372082 0 0 0 0 0.4630488 0.21243376
0.61020267 0.9551226 -0.0029353201 -0.5098285 -0.1493841 -0.8472069 0 0 0 0 0.48635384 0.20832443
0.5965979 0.87242544 0.058009 -0.97143006 -0.11866324 -0.2055307 0 0 0 0 0.437352 0.14183228
0.61020267 0.8577094 0.032520175 -0.509815 -0.43014106 -0.7450285 0 0 0 0 0.4578461 0.13
0.5965979 0.80084366 0.11807324 -0.97142994 -0.1818026 -0.15255058 0 0 0 0 0.38905773 0.08427744
0.61020267 0.726465 0.18893126 -0.50981206 -0.8084052 -0.2942323 0 0 0 0 0.33208483 0.024473771
0.5965979 0.754122 0.19899756 -0.97142994 -0.22301409 -0.08117048 0 0 0 0 0.32399106 0.0467112
0.5965979 0.7378958 0.2910213 -0.97143 -0.23732667 1.4000422e-08 0 0 0 0 0.24999999 0.033664584
0.61020267 0.7264651 0.39311138 -0.5098124 -0.8084032 0.29423773 0 0 0 0 0.16791517 0.024473771
0.5965979 0.7541221 0.38304502 -0.97143006 -0.22301358 0.08117031 0 0 0 0 0.1760089 0.0467112
0.5965979 0.8008438 0.46396935 -0.97143 -0.18180273 0.15255055 0 0 0 0 0.110942274 0.084277466
0.61020267 0.8577095 0.5495224 -0.5098121 -0.43014044 0.74503076 0 0 0 0 0.04215391 0.13
0.5965979 0.87242556 0.52403355 -0.97143006 -0.11866308 0.20553045 0 0 0 0 0.06264802 0.14183229
0.5965979 0.96023357 0.5559931 -0.9714299 -0.041211355 0.2337213 0 0 0 0 0.036951218 0.21243376
0.61020267 0.95512277 0.58497787 -0.50982136 -0.14938472 0.84721094 0 0 0 0 0.013646156 0.20832443
0.5965979 1.053677 0.55599296 -0.97143006 0.041211456 0.23372087 0 0 0 0 0.036951214 0.2875663
0.61020267 1.0587877 0.5849778 -0.5098283 0.14938425 0.84720683 0 0 0 0 0.013646156 0.29167557
0.5965979 1.141485 0.5240335 -0.97143006 0.118663155 0.20553066 0 0 0 0 0.06264804 0.3581677
0.61020267 1.1562009 0.5495223 -0.50981504 0.43014085 0.7450285 0 0 0 0 0.04215391 0.37
0.5965979 1.2130667 0.46396923 -0.97143006 0.18180273 0.15255044 0 0 0 0 0.11094227 0.41572255
0.61020267 1.2356129 0.48288774 -0.5098284 0.6590089 0.55297583 0 0 0 0 0.095730975 0.43385065
0.5965979 1.2597883 0.3830449 -0.97143006 0.22301392 0.08117035 0 0 0 0 0.17600891 0.45328867
0.61020267 1.2874453 0.39311123 -0.5098218 0.80839765 0.29423672 0 0 0 0 0.16791517 0.4755262
0.5965979 1.2163296 0.21481511 -1 -7.8659554e-07 -7.586338e-09 0 0 0 0 0.31531703 0.42945728
0.5965979 1.2297668 0.2910212 -1 -1.65256e-08 -3.2925115e-08 0 0 0 0 0.24999997 0.44097453
0.5965979 1.1776388 0.14780062 -1 -1.06505716e-07 -8.762265e-08 0 0 0 0 0.37275606 0.39629495
0.5965979 1.118361 0.09806067 -1 1.3778777e-07 -4.9276745e-14 0 0 0 0 0.4153888 0.34548724
0.5965979 1.045646 0.07159461 -1 3.246793e-08 -3.6483065e-08 0 0 0 0 0.4380732 0.2831624
0.5965979 0.9682643 0.07159464 -1 0 0 0 0 0 0 0.43807313 0.2168376
0.5965979 0.8955493 0.09806073 -1 1.1549092e-07 -7.023103e-08 0 0 0 0 0.41538882 0.15451269
0.5965979 0.8362715 0.14780071 -1 -2.1369922e-07 -2.3330273e-07 0 0 0 0 0.3727561 0.103705004
0.5965979 0.7975807 0.21481523 -1 -4.257351e-08 -8.010893e-08 0 0 0 0 0.31531712 0.07054262
0.5965979 0.78414357 0.2910213 -1 -8.195715e-07 2.931016e-13 0 0 0 0 0.24999999 0.059025455
0.5965979 0.7975807 0.36722738 -1 -1.6867278e-07 -6.301968e-08 0 0 0 0 0.18468283 0.07054262
0.5965979 0.8362716 0.43424183 -1 7.23529e-07 -2.308052e-07 0 0 0 0 0.12724394 0.10370501
0.5965979 0.8955494 0.4839818 -1 4.9092172e-08 -3.1940317e-08 0 0 0 0 0.084611185 0.15451272
0.5965979 0.9682644 0.51044786 -1 0 0 0 0 0 0 0.06192679 0.2168376
0.5965979 1.0456461 0.51044786 -1 -1.2629369e-08 4.5166143e-15 0 0 0 0 0.061926793 0.2831624
0.5965979 1.118361 0.48398173 -1 -2.0211418e-07 7.2281665e-14 0 0 0 0 0.08461119 0.34548724
0.5965979 1.1776388 0.43424177 -1 1.5753706e-07 -6.640167e-08 0 0 0 0 0.1272439 0.39629492
0.5965979 1.2163296 0.36722726 -1 4.6729647e-07 1.3719922e-09 0 0 0 0 0.18468282 0.42945725
0.8061381 1.2170538 0.20349331 0.701626 0.6319138 -0.32925057 0 0 0 0 0.93707997 1
0.8061381 1.1116382 0.08892226 0.70163 0.27243406 -0.65840346 0 0 0 0 0.8259688 1
0.8061381 1.0566702 0.068915546 0.70162135 0.2145201 -0.6794914 0 0 0 0 0.48257485 0.30205825
0.8061381 0.88427395 0.09931368 0.7016375 -0.43397248 -0.5651308 0 0 0 0 0.6593021 1
0.8061381 0.779591 0.3014126 0.70163727 -0.7064041 0.09326602 0 0 0 0 0.49263534 1
0.8061381 0.7897487 0.35901976 0.7016211 -0.6957171 0.15396652 0 0 0 0 0.17879632 0.022555131
0.8061381 0.9022724 0.49312016 0.7016362 -0.2724319 0.65839773 0 0 0 0 0.32596868 1
0.8061381 0.95724046 0.51312697 0.7016207 -0.21452074 0.67949194 0 0 0 0 0.017425142 0.19794177
0.8061381 1.1296366 0.48272875 0.701637 0.4339726 0.5651312 0 0 0 0 0.15930204 1
0.6578747 1.2223296 0.369411 -0.66435283 0.7023446 0.25563145 0 0 0 0 0.66791517 0.4755262
0.6578747 1.2361519 0.2910211 -0.6643728 0.7474014 -1.5687647e-06 0 0 0 0 0.75 0.49
0.6578747 1.2223296 0.21263129 -0.66435444 0.70234215 -0.2556341 0 0 0 0 0.83208483 0.4755262
0.6578747 1.18253 0.14369638 -0.66437083 0.5725434 -0.48042235 0 0 0 0 0.90426904 0.43385065
0.6578747 1.0467548 0.06530663 -0.6643752 0.1297821 -0.736045 0 0 0 0 0.9863539 0.29167557
0.6578747 0.9671557 0.06530666 -0.66435015 -0.12978917 -0.73606634 0 0 0 0 0.9863539 0.20832443
0.6578747 0.892357 0.092531174 -0.66437286 -0.37370175 -0.6472679 0 0 0 0 0.9578461 0.13
0.6578747 0.8313805 0.14369647 -0.66434735 -0.57256156 -0.48043305 0 0 0 0 0.90426904 0.06614934
0.6578747 0.791581 0.21263137 -0.664371 -0.7023294 -0.25562614 0 0 0 0 0.83208483 0.024473771
0.6578747 0.7777587 0.29102123 -0.66435236 -0.7474196 1.508095e-06 0 0 0 0 0.75 0.010000005
0.6578747 0.79158103 0.36941108 -0.66437566 -0.70232445 0.2556276 0 0 0 0 0.66791517 0.024473771
0.6578747 0.89235705 0.48951125 -0.6643733 -0.37369925 0.64726895 0 0 0 0 0.5421539 0.13
0.6578747 0.9671558 0.5167358 -0.66435444 -0.1297855 0.7360632 0 0 0 0 0.5136461 0.20832443
0.6578747 1.046755 0.5167358 -0.66437095 0.12978633 0.73604816 0 0 0 0 0.5136461 0.29167557
0.6578747 1.1825302 0.4383459 -0.66437495 0.5725429 0.48041716 0 0 0 0 0.59573096 0.43385065
0.6578747 1.2361519 0.2910211 -0.6643728 0.7474014 -1.5687647e-06 0 0 0 0 1 0.5
0.8061381 1.2343197 0.2806298 0.7016372 0.7064041 -0.093265675 0 0 0 0 0.99263555 1
0.8061381 1.2343197 0.3014125 0.7016322 0.7064091 0.09326605 0 0 0 0 0.007364256 1
0.8061381 1.1296365 0.09931362 0.70163286 0.43397465 -0.56513494 0 0 0 0 0.8406977 1
0.8061381 1.0362031 0.06530666 0.7016324 0.030816808 -0.7118724 0 0 0 0 0.7704132 1
0.8061381 0.9022723 0.08892232 0.70162505 -0.27243596 -0.658408 0 0 0 0 0.67403096 1
0.8061381 0.8261047 0.1528345 0.7016256 -0.6010969 -0.3826278 0 0 0 0 0.6037465 1
0.8061381 0.779591 0.2806299 0.7016323 -0.706409 -0.09326638 0 0 0 0 0.26088116 0.011918647
0.8061381 0.779591 0.2806299 0.7016323 -0.706409 -0.09326638 0 0 0 0 0.5073642 1
0.8061381 0.7968568 0.37854913 0.701633 -0.6319073 0.32924825 0 0 0 0 0.4370798 1
0.8061381 0.884274 0.4827288 0.7016254 -0.43397945 0.56514037 0 0 0 0 0.3406976 1
0.8061381 0.97770745 0.5167358 0.70164037 -0.030816574 0.7118646 0 0 0 0 0.27041313 1
0.8061381 1.1116383 0.4931201 0.7016261 0.27243632 0.6584067 0 0 0 0 0.17403091 1
0.8061381 1.1878059 0.42920792 0.7016326 0.6010909 0.38262442 0 0 0 0 0.103746496 1
0.78700614 1.3054465 0.29102117 0.5098189 0.86028177 -9.285178e-08 0 0 0 0 1 1
0.78700614 0.7782975 0.09915474 0.5098284 -0.65900904 -0.55297583 0 0 0 0 0.6111109 1
0.78700614 1.3054465 0.29102117 0.5098189 0.86028177 -9.285178e-08 0 0 0 0 -1.8626451e-07 1
0.61020267 0.7782975 0.099154726 -0.5098313 -0.65901023 -0.55297154 0 0 0 0 0.40426904 0.06614934
0.61020267 0.7084638 0.29102132 -0.5098312 -0.8602745 2.9061011e-06 0 0 0 0 0.25 0.010000005
0.61020267 0.77829754 0.48288783 -0.5098312 -0.65900666 0.552976 0 0 0 0 0.095730975 0.06614934
3 0 1 2
3 3 4 5
3 6 7 8
3 9 10 11
3 12 13 14
3 15 16 17
3 18 19 20
3 21 22 23
3 24 25 26
3 27 28 29
3 30 31 32
3 33 34 35
3 36 37 38
3 39 40 41
3 42 43 44
3 45 46 47
3 48 49 50
3 51 52 53
3 54 55 52
3 56 57 58
3 59 60 61
3 62 63 64
3 65 66 67
3 68 69 70
3 71 72 13
3 73 74 75
3 76 77 78
3 23 79 80
3 81 82 83
3 84 85 86
3 31 87 88
3 89 90 91
3 92 93 94
3 41 95 96
3 97 98 99
3 100 101 102
3 103 104 105
3 4 106 107
3 108 103 105
3 109 110 111
3 112 113 114
3 115 116 46
3 117 118 119
3 120 121 53
3 80 122 23
3 123 124 125
3 126 127 96
3 122 21 23
3 128 117 119
3 129 130 47
3 131 132 133
3 134 135 37
3 136 20 19
3 137 53 52
3 138 132 139
3 140 141 39
3 142 119 143
3 125 138 144
3 145 113 146
3 147 105 148
3 105 149 50
3 149 150 48
3 151 152 153
3 152 154 155
3 154 156 157
3 158 159 160
3 159 161 162
3 161 134 163
3 164 165 166
3 165 167 168
3 167 115 169
3 170 125 171
3 119 145 172
3 173 174 3
3 175 176 177
3 178 179 9
3 180 181 12
3 182 183 18
3 184 185 186
3 187 188 189
3 190 191 30
3 192 193 36
3 194 195 196
3 197 198 45
3 199 200 51
3 128 142 201
3 133 138 202
3 114 145 203
3 108 147 204
3 205 149 206
3 207 151 208
3 209 154 210
3 211 158 212
3 213 161 214
3 141 164 215
3 130 167 216
3 121 170 217
3 218 55 175
3 5 219 3
3 11 106 9
3 10 12 14
3 72 18 20
3 21 220 186
3 80 189 27
3 29 30 32
3 88 36 38
3 37 196 39
3 47 95 45
3 53 221 51
3 55 133 124
3 128 111 5
3 118 11 114
3 113 14 108
3 104 20 205
3 207 19 21
3 209 80 27
3 156 32 211
3 222 38 213
3 134 39 141
3 126 47 130
3 121 46 53
3 218 111 110
3 223 224 131
3 225 117 226
3 123 227 228
3 229 230 112
3 231 103 232
3 233 234 103
3 235 236 237
3 238 239 240
3 239 241 242
3 243 244 245
3 246 247 248
3 247 249 250
3 251 252 253
3 140 254 255
3 254 127 256
3 129 257 258
3 120 123 259
3 117 260 261
3 124 227 55
3 205 236 150
3 29 243 27
3 223 133 110
3 207 239 152
3 225 128 5
3 239 262 152
3 263 32 31
3 264 5 4
3 132 109 111
3 245 156 209
3 88 263 31
3 229 114 11
3 211 247 159
3 55 137 52
3 118 260 107
3 247 222 159
3 107 264 4
3 231 108 14
3 253 134 213
3 113 265 10
3 141 254 165
3 235 205 20
3 254 126 165
3 37 251 38
3 104 266 72
3 258 115 130
3 238 207 21
3 121 123 125
3 267 39 41
3 265 11 10
3 150 136 19
3 96 267 41
3 243 209 27
3 233 14 13
3 262 241 80
3 72 233 13
3 246 211 32
3 156 268 29
3 251 213 38
3 116 47 46
3 222 249 88
3 269 270 271
3 272 166 168
3 273 48 153
3 139 274 144
3 271 168 169
3 275 153 155
3 143 276 139
3 171 271 169
3 277 155 157
3 172 278 143
3 144 279 171
3 280 157 160
3 146 281 172
3 270 160 162
3 148 269 146
3 282 162 163
3 50 283 148
3 284 163 166
3 285 286 287
3 288 289 286
3 290 289 291
3 292 293 290
3 294 295 292
3 296 297 294
3 296 298 299
3 300 298 301
3 302 303 300
3 304 305 302
3 306 307 304
3 306 308 309
3 310 308 311
3 312 313 310
3 312 314 315
3 316 314 317
3 316 318 319
3 320 321 318
3 322 323 324
3 323 325 324
3 326 327 325
3 327 328 329
3 328 330 329
3 331 332 330
3 333 334 332
3 334 335 336
3 336 337 338
3 337 339 338
3 339 340 341
3 341 342 343
3 342 344 343
3 345 346 344
3 347 348 346
3 348 349 350
3 349 351 350
3 352 322 351
3 322 353 354
3 324 355 353
3 325 356 355
3 327 357 356
3 329 358 357
3 330 359 358
3 332 360 359
3 334 361 360
3 336 362 361
3 338 363 362
3 363 341 364
3 341 365 364
3 343 366 365
3 366 346 367
3 346 368 367
3 348 369 368
3 350 370 369
3 351 354 370
3 371 288 285
3 288 372 291
3 291 373 290
3 290 374 292
3 374 294 292
3 375 296 294
3 376 301 296
3 377 300 301
3 300 378 302
3 302 379 304
3 304 380 306
3 380 311 306
3 381 310 311
3 382 312 310
3 312 383 317
3 317 384 316
3 384 320 316
3 385 386 320
3 387 388 389
3 390 391 387
3 392 393 390
3 394 395 392
3 396 397 394
3 398 399 396
3 400 401 398
3 400 402 403
3 404 402 405
3 406 407 404
3 408 409 406
3 408 410 411
3 412 413 410
3 414 413 415
3 416 417 414
3 418 419 416
3 418 420 421
3 422 388 420
3 423 389 424
3 425 387 423
3 426 390 425
3 427 392 426
3 428 394 427
3 429 396 428
3 430 398 429
3 431 400 430
3 432 405 431
3 432 406 404
3 433 406 434
3 433 412 408
3 435 412 436
3 435 414 415
3 437 414 438
3 439 416 437
3 439 422 418
3 424 422 440
3 439 431 427
3 2 59 0
3 0 67 1
3 3 441 4
3 8 65 6
3 6 70 7
3 7 442 8
3 9 443 10
3 12 71 13
3 17 73 15
3 15 78 16
3 16 444 17
3 18 220 19
3 21 186 22
3 26 81 24
3 24 86 25
3 25 445 26
3 27 189 28
3 30 446 31
3 35 89 33
3 33 94 34
3 34 447 35
3 36 448 37
3 39 196 40
3 44 97 42
3 42 102 43
3 43 449 44
3 45 221 46
3 48 450 49
3 51 54 52
3 54 175 55
3 451 452 453
3 453 454 56
3 56 455 456
3 456 457 458
3 458 459 460
3 460 461 57
3 57 462 463
3 463 464 58
3 58 465 451
3 451 453 56
3 56 456 458
3 458 460 57
3 57 463 58
3 58 451 56
3 56 458 57
3 61 466 59
3 59 2 60
3 60 467 61
3 64 100 62
3 62 468 63
3 67 0 65
3 65 8 66
3 70 6 68
3 68 75 69
3 71 469 72
3 75 68 73
3 73 17 74
3 78 15 76
3 76 83 77
3 23 22 79
3 83 76 81
3 81 26 82
3 86 24 84
3 84 91 85
3 31 446 87
3 91 84 89
3 89 35 90
3 94 33 92
3 92 99 93
3 41 40 95
3 99 92 97
3 97 44 98
3 102 42 100
3 100 64 101
3 103 234 104
3 4 441 106
3 108 232 103
3 109 223 110
3 112 230 113
3 115 257 116
3 117 261 118
3 120 259 121
3 80 241 122
3 123 228 124
3 126 256 127
3 122 238 21
3 128 226 117
3 129 258 130
3 131 224 132
3 134 252 135
3 136 235 20
3 137 120 53
3 139 144 138
3 138 133 132
3 132 142 139
3 140 255 141
3 143 139 142
3 142 128 119
3 144 171 125
3 125 124 138
3 146 172 145
3 145 114 113
3 113 147 146
3 148 146 147
3 147 108 105
3 50 148 105
3 105 104 149
3 48 50 149
3 149 205 150
3 150 151 48
3 153 48 151
3 151 207 152
3 155 153 152
3 152 262 154
3 157 155 154
3 154 209 156
3 156 158 157
3 160 157 158
3 158 211 159
3 162 160 159
3 159 222 161
3 163 162 161
3 161 213 134
3 134 164 163
3 166 163 164
3 164 141 165
3 168 166 165
3 165 126 167
3 169 168 167
3 167 130 115
3 115 170 169
3 171 169 170
3 170 121 125
3 172 143 119
3 119 118 145
3 218 110 55
3 5 111 219
3 11 107 106
3 10 443 12
3 72 469 18
3 21 19 220
3 80 79 189
3 29 28 30
3 88 87 36
3 37 448 196
3 47 96 95
3 53 46 221
3 55 110 133
3 128 132 111
3 118 107 11
3 113 10 14
3 104 72 20
3 207 150 19
3 209 262 80
3 156 29 32
3 222 88 38
3 134 37 39
3 126 96 47
3 121 115 46
3 218 219 111
3 223 109 224
3 225 264 117
3 123 137 227
3 229 265 230
3 231 233 103
3 233 266 234
3 235 136 236
3 238 122 239
3 239 122 241
3 243 268 244
3 246 263 247
3 247 263 249
3 251 135 252
3 140 267 254
3 254 267 127
3 129 116 257
3 120 137 123
3 117 264 260
3 124 228 227
3 205 237 236
3 29 268 243
3 223 131 133
3 207 240 239
3 225 226 128
3 239 242 262
3 263 246 32
3 264 225 5
3 132 224 109
3 245 244 156
3 88 249 263
3 229 112 114
3 211 248 247
3 55 227 137
3 118 261 260
3 247 250 222
3 107 260 264
3 231 232 108
3 253 252 134
3 113 230 265
3 141 255 254
3 235 237 205
3 254 256 126
3 37 135 251
3 104 234 266
3 258 257 115
3 238 240 207
3 121 259 123
3 267 140 39
3 265 229 11
3 150 236 136
3 96 127 267
3 243 245 209
3 233 231 14
3 262 242 241
3 72 266 233
3 246 248 211
3 156 244 268
3 251 253 213
3 116 129 47
3 222 250 249
3 274 276 278
3 278 281 269
3 269 283 49
3 49 450 273
3 273 275 277
3 277 280 270
3 270 282 284
3 284 272 271
3 271 279 274
3 274 278 269
3 269 49 273
3 273 277 270
3 270 284 271
3 271 274 269
3 269 273 270
3 272 284 166
3 273 450 48
3 139 276 274
3 271 272 168
3 275 273 153
3 143 278 276
3 171 279 271
3 277 275 155
3 172 281 278
3 144 274 279
3 280 277 157
3 146 269 281
3 270 280 160
3 148 283 269
3 282 270 162
3 50 49 283
3 284 282 163
3 285 288 286
3 288 291 289
3 290 293 289
3 292 295 293
3 294 297 295
3 296 299 297
3 296 301 298
3 300 303 298
3 302 305 303
3 304 307 305
3 306 309 307
3 306 311 308
3 310 313 308
3 312 315 313
3 312 317 314
3 316 319 314
3 316 320 318
3 320 386 321
3 322 470 323
3 323 326 325
3 326 471 327
3 327 471 328
3 328 331 330
3 331 333 332
3 333 472 334
3 334 472 335
3 336 335 337
3 337 473 339
3 339 473 340
3 341 340 342
3 342 345 344
3 345 347 346
3 347 474 348
3 348 474 349
3 349 352 351
3 352 470 322
3 322 324 353
3 324 325 355
3 325 327 356
3 327 329 357
3 329 330 358
3 330 332 359
3 332 334 360
3 334 336 361
3 336 338 362
3 338 339 363
3 363 339 341
3 341 343 365
3 343 344 366
3 366 344 346
3 346 348 368
3 348 350 369
3 350 351 370
3 351 322 354
3 371 475 288
3 288 475 372
3 291 372 373
3 290 373 374
3 374 375 294
3 375 376 296
3 376 377 301
3 377 476 300
3 300 476 378
3 302 378 379
3 304 379 380
3 380 381 311
3 381 382 310
3 382 477 312
3 312 477 383
3 317 383 384
3 384 385 320
3 385 478 386
3 387 391 388
3 390 393 391
3 392 395 393
3 394 397 395
3 396 399 397
3 398 401 399
3 400 403 401
3 400 405 402
3 404 407 402
3 406 409 407
3 408 411 409
3 408 412 410
3 412 415 413
3 414 417 413
3 416 419 417
3 418 421 419
3 418 422 420
3 422 389 388
3 423 387 389
3 425 390 387
3 426 392 390
3 427 394 392
3 428 396 394
3 429 398 396
3 430 400 398
3 431 405 400
3 432 404 405
3 432 434 406
3 433 408 406
3 433 436 412
3 435 415 412
3 435 438 414
3 437 416 414
3 439 418 416
3 439 440 422
3 424 389 422
3 425 423 424
3 424 440 439
3 439 437 438
3 438 435 436
3 436 433 434
3 434 432 431
3 431 430 429
3 429 428 427
3 427 426 425
3 425 424 439
3 439 438 436
3 436 434 431
3 431 429 427
3 427 425 439
3 439 436 431
3 479 480 481
3 482 483 484
3 485 481 486
3 487 488 489
3 490 491 492
3 487 493 494
3 495 496 497
3 498 499 500
3 501 502 496
3 503 479 485
3 504 505 482
3 506 507 479
3 508 509 510
3 511 512 501
3 513 514 498
3 515 501 495
3 516 517 518
3 519 520 521
3 509 522 510
3 517 523 518
3 524 525 526
3 527 524 528
3 529 530 531
3 532 533 534
3 534 535 536
3 537 538 539
3 540 541 542
3 543 544 545
3 546 547 541
3 548 549 550
3 551 552 553
3 554 521 555
3 556 557 517
3 539 558 559
3 556 560 561
3 562 563 564
3 509 565 560
3 566 557 567
3 568 569 570
3 571 572 573
3 574 559 575
3 576 568 570
3 577 578 571
3 579 539 574
3 580 581 582
3 583 584 585
3 586 536 587
3 588 589 580
3 590 591 583
3 592 534 586
3 593 594 595
3 596 597 598
3 599 600 601
3 602 603 604
3 598 605 606
3 607 608 609
3 610 611 603
3 612 605 613
3 614 615 616
3 617 618 619
3 620 621 622
3 623 608 624
3 625 626 627
3 628 629 617
3 607 630 631
3 619 632 633
3 634 635 636
3 637 638 639
3 640 641 642
3 643 644 645
3 646 647 648
3 649 650 651
3 652 653 654
3 655 656 657
3 658 642 635
3 659 660 661
3 662 663 656
3 664 665 666
3 667 648 638
3 668 669 663
3 670 665 671
3 672 639 673
3 674 669 675
3 676 677 678
3 679 680 681
3 682 683 684
3 685 686 687
3 688 689 690
3 691 692 693
3 694 695 696
3 697 676 698
3 699 700 701
3 687 702 679
3 703 704 705
3 706 707 699
3 533 708 709
3 682 692 710
3 706 711 712
3 713 714 715
3 563 683 564
3 716 717 711
3 595 599 593
3 718 719 720
3 710 721 683
3 722 723 724
3 725 726 727
3 728 729 692
3 704 730 731
3 698 678 732
3 733 724 734
3 705 731 735
3 707 736 737
3 738 739 740
3 710 729 741
3 712 742 736
3 743 740 744
3 683 594 564
3 711 745 742
3 746 747 519
3 702 748 749
3 741 750 721
3 751 723 720
3 619 752 617
3 753 754 729
3 731 755 756
3 732 757 758
3 625 759 760
3 735 756 761
3 736 762 737
3 740 763 764
3 741 754 765
3 736 766 767
3 744 764 768
3 721 595 594
3 742 769 766
3 770 771 653
3 725 772 689
3 765 631 750
3 617 773 628
3 680 749 726
3 774 624 754
3 756 775 614
3 758 776 620
3 686 734 748
3 761 614 616
3 768 777 769
3 598 778 779
3 765 624 607
3 766 780 767
3 781 782 783
3 600 631 630
3 610 784 785
3 593 601 786
3 787 786 788
3 562 788 789
3 790 789 791
3 792 673 793
3 776 794 621
3 795 567 796
3 795 797 798
3 496 799 800
3 500 801 802
3 497 800 803
3 804 516 512
3 502 805 799
3 799 806 807
3 512 518 502
3 493 510 804
3 488 511 515
3 491 808 513
3 494 804 511
3 809 810 811
3 480 812 481
3 484 813 814
3 486 812 815
3 816 817 676
3 480 818 746
3 819 820 816
3 821 563 790
3 822 823 824
3 825 684 563
3 826 827 713
3 828 716 706
3 829 693 682
3 830 827 831
3 832 706 699
3 833 703 834
3 835 836 837
3 838 699 839
3 819 697 840
3 841 694 696
3 842 693 843
3 844 690 845
3 846 847 848
3 829 684 849
3 850 836 851
3 852 762 781
3 853 707 737
3 854 737 762
3 855 856 704
3 839 701 857
3 694 857 858
3 859 839 694
3 860 657 650
3 861 586 591
3 591 587 584
3 862 574 578
3 578 575 572
3 833 696 855
3 696 863 855
3 864 651 660
3 865 583 589
3 589 585 581
3 866 571 568
3 568 573 867
3 821 820 868
3 807 818 507
3 556 869 870
3 747 796 520
3 678 871 757
3 872 793 771
3 787 564 594
3 873 750 631
3 800 807 506
3 802 874 504
3 803 506 503
3 820 875 816
3 820 791 876
3 757 877 776
3 801 503 874
3 581 577 866
3 584 579 862
3 844 681 688
3 878 879 717
3 483 815 813
3 880 515 808
3 499 803 801
3 881 785 882
3 883 884 885
3 745 768 769
3 625 886 633
3 717 744 745
3 633 887 619
3 533 888 535
3 681 725 688
3 889 890 891
3 643 636 892
3 633 893 625
3 596 604 894
3 587 537 579
3 585 862 577
3 582 866 576
3 895 550 552
3 896 542 544
3 537 535 897
3 898 528 530
3 808 495 514
3 874 485 505
3 514 497 499
3 489 880 490
3 505 486 483
3 899 576 900
3 834 901 902
3 903 616 904
3 905 761 903
3 906 735 905
3 703 906 901
3 907 661 908
3 616 909 904
3 910 580 911
3 911 582 899
3 900 570 912
3 570 913 912
3 914 915 835
3 914 642 641
3 846 635 642
3 916 687 679
3 851 687 850
3 917 635 918
3 919 679 681
3 919 920 921
3 917 920 636
3 851 915 685
3 661 902 908
3 743 879 922
3 892 920 844
3 771 821 868
3 651 833 660
3 650 838 859
3 921 923 919
3 638 849 639
3 835 847 914
3 892 845 644
3 647 843 648
3 651 859 841
3 653 840 654
3 657 832 838
3 916 924 850
3 660 834 661
3 656 828 832
3 925 831 665
3 638 843 829
3 663 822 828
3 671 831 826
3 673 849 825
3 822 926 716
3 793 825 821
3 771 819 653
3 927 915 641
3 654 928 927
3 929 930 931
3 931 548 895
3 928 685 915
3 840 932 928
3 554 933 519
3 811 934 554
3 628 719 935
3 936 620 937
3 936 938 939
3 732 936 940
3 937 935 938
3 698 940 883
3 932 733 685
3 932 698 883
3 941 927 641
3 942 654 927
3 628 943 944
3 937 622 943
3 809 945 946
3 811 555 945
3 947 931 948
3 948 895 551
3 949 934 930
3 930 810 548
3 945 652 942
3 946 942 941
3 569 907 913
3 552 634 643
3 671 950 670
3 520 792 872
3 573 864 867
3 575 860 572
3 796 672 792
3 521 872 770
3 897 675 538
3 567 637 672
3 826 951 671
3 558 675 668
3 561 646 667
3 674 952 953
3 559 668 662
3 867 659 569
3 549 640 658
3 559 655 575
3 555 770 652
3 572 649 573
3 560 954 646
3 553 643 645
3 946 640 809
3 557 667 637
3 550 658 634
3 786 955 788
3 877 956 957
3 601 958 786
3 875 959 960
3 871 961 956
3 791 962 963
3 877 964 794
3 817 960 965
3 788 962 789
3 677 965 961
3 876 963 959
3 959 958 956
3 856 966 730
3 858 967 695
3 613 968 969
3 857 970 858
3 701 971 857
3 853 972 700
3 700 973 701
3 695 974 863
3 854 975 853
3 775 976 977
3 863 978 856
3 730 976 755
3 967 972 968
3 609 608 977
3 979 778 980
3 981 882 785
3 982 779 778
3 983 785 784
3 984 985 779
3 986 784 985
3 602 985 784
3 769 987 766
3 596 779 985
3 764 988 768
3 767 782 762
3 606 980 778
3 763 989 764
3 726 990 991
3 734 992 748
3 727 993 772
3 749 992 990
3 990 994 991
3 992 751 995
3 996 997 993
3 992 998 990
3 998 886 994
3 751 752 995
3 999 759 997
3 995 887 998
3 994 760 999
3 991 999 996
3 727 991 996
3 1000 720 723
3 939 935 718
3 884 718 1000
3 885 1000 722
3 773 720 719
3 940 939 884
3 883 722 733
3 1001 724 723
3 988 1002 777
3 1002 983 986
3 777 1003 987
3 1002 984 1003
3 989 1004 988
3 1005 983 1004
3 987 1006 780
3 1003 982 1006
3 1007 1005 989
3 1008 981 1005
3 780 783 782
3 783 982 979
3 852 1009 854
3 969 1010 852
3 613 1011 612
3 969 781 1011
3 612 979 980
3 1011 783 979
3 714 1012 1013
3 714 922 715
3 1014 1015 891
3 715 879 1015
3 953 951 890
3 951 891 890
3 952 950 953
3 888 1016 950
3 708 1016 709
3 666 1017 664
3 535 952 897
3 878 891 1015
3 826 715 1014
3 1018 953 890
3 827 1019 714
3 738 1012 1020
3 738 922 1013
3 666 950 1016
3 824 1021 926
3 823 1022 1023
3 1018 823 669
3 889 1024 1025
3 878 926 1024
3 889 1026 1018
3 1027 1021 1028
3 1022 1028 1023
3 1024 1027 1025
3 823 1028 824
3 1025 1022 1026
3 926 1029 1024
3 1030 1031 1032
3 847 1033 1034
3 1035 1036 1031
3 1037 1038 1039
3 1040 1039 1041
3 918 1042 917
3 918 848 1043
3 921 1042 1044
3 916 923 1045
3 837 1046 1033
3 1031 1047 1037
3 1042 1048 1044
3 1032 1037 1040
3 848 1034 1049
3 924 1046 836
3 924 1050 1051
3 1044 1052 923
3 1045 1052 1050
3 848 1053 1043
3 1030 1054 1055
3 1056 1033 1054
3 1030 1057 1056
3 1056 1049 1034
3 1040 1057 1032
3 1058 1049 1057
3 1051 1059 1060
3 1060 1047 1061
3 1051 1062 1046
3 1060 1063 1062
3 1041 1058 1040
3 1064 1053 1058
3 1050 1065 1059
3 1059 1038 1047
3 1038 1066 1039
3 1065 1048 1066
3 1063 1054 1062
3 1062 1033 1046
3 1041 1066 1064
3 1064 1048 1067
3 1043 1067 1042
3 543 813 896
3 896 815 540
3 1068 519 547
3 544 947 545
3 544 949 929
3 1068 812 746
3 547 933 541
3 540 812 546
3 541 949 542
3 1069 1070 1071
3 870 522 1072
3 1073 1071 798
3 1074 798 797
3 509 870 1072
3 805 523 1069
3 818 797 747
3 516 522 869
3 517 1071 1070
3 818 1073 1074
3 806 1069 1073
3 566 798 1071
3 529 1075 898
3 1076 492 525
3 898 1077 527
3 531 1078 529
3 531 900 912
3 528 911 899
3 524 910 911
3 527 1079 1080
3 530 899 900
3 618 629 943
3 629 944 943
3 943 622 964
3 618 943 964
3 622 621 964
3 621 794 964
3 626 893 964
3 893 632 964
3 632 618 964
3 611 626 1081
3 604 603 1082
3 603 611 977
3 1082 603 977
3 605 597 1082
3 597 894 1082
3 894 604 1082
3 626 964 1081
3 1081 601 600
3 1082 613 605
3 615 775 977
3 1083 615 977
3 611 1081 977
3 1081 600 630
3 977 1081 609
3 630 609 1081
3 608 1083 977
3 1084 1085 1086
3 1087 1088 1085
3 1089 1090 1088
3 1091 1092 1090
3 1093 1094 1092
3 1095 1096 1094
3 1097 1098 1096
3 1099 1100 1098
3 1101 1102 1100
3 1103 1104 1102
3 1105 1106 1104
3 1107 1108 1106
3 1108 1109 1110
3 1109 1111 1110
3 1112 1113 1111
3 1114 1115 1113
3 1116 1117 1115
3 1118 1119 1117
3 1120 1121 1119
3 1122 1123 1121
3 1124 1125 1123
3 1126 1127 1125
3 1128 1129 1127
3 1130 1131 1129
3 1132 1133 1131
3 1134 1135 1133
3 1136 1137 1135
3 1138 1139 1137
3 1140 1141 1139
3 1142 1143 1141
3 1144 1145 1146
3 1147 1148 1143
3 1149 1150 1148
3 1151 1152 1153
3 1154 1155 1156
3 1157 1158 1155
3 1159 1160 1158
3 1161 1162 1160
3 1163 1164 1162
3 1165 1166 1164
3 1167 1168 1166
3 1169 1170 1168
3 1171 1172 1170
3 1173 1174 1172
3 1175 1176 1174
3 1177 1178 1176
3 1179 1180 1178
3 1181 1182 1180
3 1183 1184 1182
3 1184 1185 1186
3 1185 1187 1186
3 1188 1189 1187
3 1190 1191 1189
3 1192 1193 1191
3 1194 1195 1193
3 1196 1197 1195
3 1198 1199 1197
3 1199 1200 1201
3 1200 1202 1201
3 1203 1204 1202
3 1205 1206 1204
3 1207 1208 1206
3 1209 1210 1208
3 1211 1212 1210
3 1213 1214 1215
3 1216 1217 1212
3 1218 1219 1217
3 1220 1221 1222
3 1223 1224 1225
3 482 1226 1227
3 1228 1229 1223
3 1230 1231 1232
3 491 1233 492
3 1231 1234 1235
3 1236 1237 1238
3 498 1239 1240
3 1238 1241 1242
3 1243 1223 1244
3 504 1227 1245
3 1244 1225 1246
3 1247 1235 1248
3 1249 1242 1250
3 513 1240 1251
3 1252 1238 1249
3 1253 1254 1255
3 1256 1257 1258
3 1259 1247 1248
3 1260 1253 1255
3 525 1261 526
3 1262 1261 1263
3 1264 1265 1266
3 1267 532 1268
3 1269 1268 1270
3 1271 1272 1273
3 1274 1275 1276
3 543 1277 1278
3 1276 1279 1280
3 1281 1282 1283
3 551 1284 1285
3 1286 1287 1256
3 1288 1289 1253
3 1273 1290 1271
3 1289 1291 1247
3 1292 1293 1294
3 1247 1295 1296
3 1297 1288 1253
3 1298 1299 1300
3 1301 1302 1303
3 1304 1305 1273
3 1299 1306 1300
3 1303 1307 1301
3 1273 1308 1304
3 1309 1310 1311
3 1312 1313 1314
3 1270 1315 1316
3 1317 588 1310
3 1318 590 1313
3 1268 592 1315
3 1319 1320 1321
3 1322 1323 1324
3 1325 1326 1327
3 1328 1329 1330
3 1331 1324 1332
3 1333 1334 1335
3 1330 611 881
3 1336 1331 1332
3 1337 1338 1339
3 1340 1341 1342
3 1343 1344 1345
3 1334 1346 1335
3 626 1347 627
3 1348 1349 1341
3 1350 1333 1351
3 1352 1342 1353
3 1354 1355 1356
3 1357 1358 1359
3 1360 1361 1362
3 644 1363 645
3 1364 1365 1366
3 1367 1368 1369
3 1370 1371 1372
3 1373 1374 1375
3 1356 1376 1360
3 1377 1378 1379
3 1375 1380 1381
3 1382 664 1383
3 1359 1384 1364
3 1381 1385 1386
3 1387 1382 1383
3 1388 1389 1357
3 1385 1390 1386
3 1391 1392 1393
3 1394 1395 1396
3 1397 1398 1399
3 1400 1401 1402
3 689 1403 690
3 1404 1405 1406
3 1407 1408 1409
3 1410 1392 1411
3 1412 1413 1414
3 1415 1402 1395
3 1416 1417 1418
3 1414 1419 1412
3 1267 708 1420
3 1398 1404 1406
3 1419 1421 1422
3 1423 1424 1425
3 1293 1397 1399
3 1422 1426 1427
3 1428 1325 1327
3 1429 1430 1431
3 1432 1433 1397
3 1434 1435 1436
3 1437 1438 1394
3 1439 1440 1404
3 1417 1441 1442
3 1443 1393 1392
3 1444 1445 1446
3 1447 1448 1417
3 1414 1449 1450
3 1451 739 1020
3 1433 1439 1404
3 1450 1452 1421
3 1453 1454 1451
3 1320 1397 1455
3 1421 1456 1426
3 1457 1258 1458
3 1415 1459 1400
3 1460 1461 1432
3 1462 1435 1463
3 1464 1342 1341
3 1465 1466 1439
3 1448 1467 1441
3 1468 1469 1393
3 1347 759 627
3 1470 1471 1448
3 1472 1449 1473
3 1454 763 739
3 1461 1465 1439
3 1449 1474 1452
3 1475 1476 1454
3 1428 1432 1320
3 1452 1477 1456
3 1372 1478 1479
3 772 1437 689
3 1351 1480 1460
3 1481 1341 1349
3 1394 1482 1415
3 1335 1483 1465
3 1471 1484 1467
3 1485 1345 1469
3 1400 1446 1445
3 1486 1338 1471
3 1487 1488 1477
3 1324 1489 1332
3 1480 1335 1465
3 1490 1474 1491
3 1492 1493 1472
3 1326 1351 1327
3 1330 1494 1328
3 1495 1319 1496
3 1496 1321 1497
3 1497 1292 1498
3 1498 1294 1499
3 1500 1501 1388
3 1502 1345 1344
3 1503 1504 1297
3 1503 1505 1258
3 1237 1506 1241
3 500 1507 1239
3 1508 1509 1237
3 1254 1250 1242
3 1510 1241 1506
3 1511 1506 1246
3 1255 1242 1241
3 1248 1234 1250
3 1230 1249 1512
3 491 1251 1513
3 1512 1250 1234
3 1283 1514 1515
3 1516 1224 1229
3 484 1517 1226
3 1518 1516 1229
3 1519 1411 1392
3 1458 1224 1457
3 1520 1521 1522
3 1523 1293 1524
3 1525 1526 1385
3 1524 1399 1527
3 1528 1425 1529
3 1530 1422 1525
3 1531 1406 1532
3 1425 830 1529
3 1533 1419 1530
3 1416 1534 1535
3 1536 1537 1538
3 1539 1412 1533
3 1410 1520 1540
3 1541 1408 1542
3 1406 1543 1532
3 690 1544 845
3 1545 1546 1547
3 1399 1531 1527
3 1537 1548 1538
3 1549 1472 1550
3 1551 1414 1413
3 1550 1473 1551
3 1442 1418 1417
3 1552 1553 1412
3 1408 1554 1552
3 1542 1552 1539
3 1369 1555 1373
3 1315 861 1318
3 1316 1318 1312
3 1304 1556 1303
3 1303 1557 1304
3 1534 1409 1541
3 1558 1409 1418
3 1379 1559 1367
3 1313 865 1317
3 1314 1317 1309
3 1301 1560 1299
3 1299 1561 1301
3 1521 1523 1522
3 1458 1246 1225
3 1289 1562 1254
3 1258 1563 1503
3 1564 1393 1469
3 1479 1565 1500
3 1321 1455 1292
3 1327 1460 1428
3 1509 1246 1506
3 802 1245 1507
3 1566 1244 1509
3 1567 1521 1411
3 1521 1499 1294
3 1568 1469 1345
3 1507 1243 1566
3 1307 1309 1560
3 1308 1312 1556
3 1544 1396 1569
3 1570 1427 1426
3 1226 1571 1518
3 1513 1252 1230
3 1239 1566 1508
3 881 1572 1330
3 1573 1574 1575
3 1456 1488 1475
3 1576 1347 1353
3 1426 1475 1453
3 1577 1353 1342
3 1578 1267 1269
3 1437 1396 1403
3 1579 1580 1581
3 1363 1582 1354
3 1583 1353 1347
3 1323 1584 1328
3 1272 1316 1308
3 1556 1314 1307
3 1560 1311 1306
3 1285 1585 1281
3 1278 1586 1274
3 1272 1269 1270
3 1266 1587 1262
3 1251 1236 1252
3 1245 1228 1243
3 1240 1508 1236
3 1513 1232 1233
3 1227 1518 1228
3 1306 1588 1589
3 1590 1535 1591
3 1592 1339 1486
3 1593 1486 1470
3 1594 1470 1447
3 1594 1416 1590
3 1595 1596 1377
3 1597 1339 1598
3 1310 910 1599
3 1311 1599 1588
3 1300 1589 1600
3 1601 1300 1600
3 1602 1547 1536
3 1547 1376 1545
3 1545 1355 1603
3 1604 1402 1548
3 1402 1538 1548
3 1355 1605 1603
3 1606 1395 1604
3 1569 1606 1607
3 1605 1569 1607
3 1538 1602 1536
3 1591 1596 1608
3 1453 1570 1426
3 1609 1569 1582
3 1478 1523 1565
3 1534 1559 1378
3 1368 1539 1555
3 1610 1607 1606
3 1527 1358 1389
3 1546 1536 1547
3 845 1609 644
3 1532 1365 1384
3 1559 1542 1368
3 1540 1371 1611
3 1555 1533 1374
3 1612 1604 1548
3 1535 1378 1596
3 1374 1530 1380
3 1529 925 1382
3 1358 1532 1384
3 1380 1525 1385
3 1613 1529 1382
3 1501 1527 1389
3 1614 1525 1422
3 1565 1524 1501
3 1520 1478 1371
3 1602 1615 1361
3 1616 1611 1615
3 1617 1618 1619
3 1620 1281 1618
3 1401 1616 1602
3 1621 1540 1616
3 1622 1286 1256
3 1623 1515 1286
3 1349 1430 1481
3 1624 1343 1485
3 1624 1625 1626
3 1624 1468 1575
3 1626 1431 1349
3 1575 1443 1573
3 1445 1621 1401
3 1621 1443 1410
3 1362 1615 1627
3 1627 1611 1370
3 1349 1628 1626
3 1626 1629 1343
3 1514 1630 1515
3 1515 1631 1286
3 947 1620 1617
3 948 1285 1620
3 1619 1623 1622
3 1618 1283 1623
3 1630 1370 1631
3 1632 1627 1630
3 1595 1298 1601
3 1284 1354 1585
3 1633 1613 1387
3 1257 1500 1563
3 1379 1561 1634
3 1369 1557 1302
3 1563 1388 1504
3 1287 1479 1257
3 1386 1635 1271
3 1504 1357 1288
3 1636 1528 1613
3 1290 1386 1271
3 1637 1364 1291
3 1390 1638 1635
3 1305 1381 1290
3 1377 1634 1298
3 1282 1360 1514
3 1373 1305 1557
3 1631 1372 1287
3 1367 1302 1561
3 1291 1366 1295
3 553 1363 1284
3 1360 1632 1514
3 1288 1359 1637
3 1585 1356 1282
3 1639 1496 1497
3 1568 1640 1564
3 1641 1495 1496
3 1567 1642 1643
3 1564 1644 1391
3 1499 1645 1498
3 1646 1568 1502
3 1519 1647 1567
3 1645 1497 1498
3 1391 1648 1519
3 1643 1649 1499
3 1650 1649 1647
3 1651 1442 1441
3 1652 1653 1407
3 1654 1655 1656
3 1657 1554 1653
3 1658 1553 1554
3 1659 1551 1413
3 1660 1413 1553
3 1661 1407 1558
3 1662 1550 1551
3 1484 1663 1467
3 1664 1558 1442
3 1663 1441 1467
3 1659 1652 1663
3 1665 1666 1334
3 1667 1489 1668
3 1669 882 1670
3 1668 1671 1672
3 1673 1572 1669
3 1672 1674 1675
3 1675 1494 1673
3 1328 1674 1323
3 1676 1477 1474
3 1323 1671 1324
3 1677 1476 1488
3 1493 1491 1472
3 1332 1678 1336
3 1679 763 1476
3 1438 1680 1482
3 1681 1446 1459
3 993 1682 772
3 1482 1681 1459
3 1683 1680 1684
3 1681 1462 1463
3 997 1685 993
3 1686 1681 1680
3 1576 1686 1683
3 1464 1462 1687
3 759 1688 997
3 1577 1687 1686
3 1689 1683 1688
3 1688 1684 1685
3 1682 1684 1438
3 1436 1690 1429
3 1431 1691 1429
3 1429 1574 1436
3 1436 1692 1434
3 1481 1690 1462
3 1575 1691 1624
3 1434 1573 1445
3 1463 1444 1446
3 1693 1677 1487
3 1693 1673 1694
3 1695 1487 1676
3 1672 1693 1695
3 1694 1679 1677
3 1673 1696 1694
3 1697 1676 1490
3 1668 1695 1697
3 1696 1007 1679
3 1669 1008 1696
3 1698 1490 1493
3 1698 1668 1697
3 1699 1549 1550
3 1700 1656 1549
3 1655 1701 1656
3 1656 1492 1549
3 1336 1667 1701
3 1701 1698 1492
3 1424 1012 1019
3 1702 1424 1703
3 1704 1705 1706
3 1570 1703 1704
3 1707 1636 1633
3 1706 1636 1580
3 1638 1633 1578
3 1578 1708 1709
3 1708 708 1709
3 1017 1383 664
3 1638 1269 1635
3 1427 1706 1579
3 1528 1703 1423
3 1581 1707 1390
3 1425 1019 1710
3 1012 1451 1020
3 1451 1702 1453
3 1383 1633 1387
3 1711 1712 1614
3 1713 1714 1526
3 1526 1581 1385
3 1579 1715 1427
3 1715 1422 1427
3 1714 1579 1581
3 1711 1716 1717
3 1717 1718 1713
3 1716 1715 1719
3 1717 1526 1712
3 1718 1719 1714
3 1720 1614 1715
3 1721 1722 1723
3 1546 1724 1725
3 1726 1727 1721
3 1728 1729 1730
3 1730 1731 1732
3 1733 1603 1605
3 1603 1734 1545
3 1607 1733 1605
3 1604 1610 1606
3 1725 1735 1537
3 1736 1721 1729
3 1737 1733 1738
3 1729 1723 1731
3 1734 1739 1546
3 1735 1612 1537
3 1612 1740 1741
3 1742 1738 1610
3 1741 1742 1610
3 1743 1734 1744
3 1745 1722 1746
3 1724 1747 1745
3 1722 1748 1723
3 1747 1749 1748
3 1748 1731 1723
3 1749 1750 1748
3 1751 1752 1740
3 1753 1736 1752
3 1754 1751 1735
3 1755 1753 1754
3 1750 1732 1731
3 1743 1756 1750
3 1740 1757 1742
3 1752 1728 1757
3 1758 1728 1730
3 1737 1757 1758
3 1755 1745 1727
3 1754 1724 1745
3 1732 1758 1730
3 1756 1737 1758
3 1759 1744 1733
3 1517 543 1278
3 1571 1278 1274
3 1256 1280 1279
3 947 1277 545
3 1277 1619 1586
3 1280 1516 1276
3 1622 1279 1275
3 1516 1274 1276
3 1619 1275 1586
3 1760 1761 1260
3 1259 1762 1763
3 1764 1765 1760
3 1766 1767 1764
3 1247 1762 1289
3 1510 1260 1255
3 1505 1458 1258
3 1254 1259 1248
3 1253 1765 1297
3 1458 1764 1511
3 1511 1760 1510
3 1297 1767 1503
3 1768 1264 1266
3 492 1769 525
3 1770 1266 1262
3 1771 1772 1264
3 1772 1589 1265
3 1587 1599 1261
3 1261 910 526
3 1773 1262 1263
3 1265 1588 1587
3 1340 1628 1348
3 1348 1628 1774
3 1628 1646 1629
3 1340 1646 1628
3 1629 1646 1344
3 1344 1646 1502
3 626 1646 1583
3 1583 1646 1352
3 1352 1646 1340
3 611 1650 626
3 1584 1775 1329
3 1329 1666 611
3 1775 1666 1329
3 1331 1775 1322
3 1322 1775 1776
3 1776 1775 1584
3 626 1650 1646
3 1650 1326 1495
3 1775 1331 1655
3 1337 1666 1484
3 1777 1666 1337
3 611 1666 1650
3 1650 1350 1326
3 1666 1665 1650
3 1350 1650 1665
3 1334 1666 1777
3 1778 1779 1780
3 1781 1782 1778
3 1783 1784 1781
3 1785 1786 1783
3 1787 1788 1785
3 1789 1790 1787
3 1791 1792 1789
3 1793 1794 1791
3 1795 1796 1793
3 1797 1798 1795
3 1799 1800 1797
3 1801 1802 1799
3 1801 1803 1804
3 1805 1803 1806
3 1807 1808 1805
3 1809 1810 1807
3 1811 1812 1809
3 1813 1814 1811
3 1815 1816 1813
3 1817 1818 1815
3 1819 1820 1817
3 1821 1822 1819
3 1823 1824 1821
3 1825 1826 1823
3 1827 1828 1825
3 1829 1830 1827
3 1831 1832 1829
3 1833 1834 1831
3 1835 1836 1833
3 1837 1838 1835
3 1839 1840 1841
3 1842 1843 1837
3 1844 1845 1842
3 1846 1847 1848
3 1849 1850 1851
3 1852 1853 1849
3 1854 1855 1852
3 1856 1857 1854
3 1858 1859 1856
3 1860 1861 1858
3 1862 1863 1860
3 1864 1865 1862
3 1866 1867 1864
3 1868 1869 1866
3 1870 1871 1868
3 1872 1873 1870
3 1874 1875 1872
3 1876 1877 1874
3 1878 1879 1876
3 1880 1881 1878
3 1882 1883 1880
3 1884 1885 1882
3 1886 1887 1884
3 1888 1889 1886
3 1890 1891 1888
3 1892 1893 1890
3 1894 1895 1892
3 1894 1896 1897
3 1898 1896 1899
3 1900 1901 1898
3 1902 1903 1900
3 1904 1905 1902
3 1906 1907 1904
3 1908 1909 1906
3 1910 1911 1912
3 1913 1914 1908
3 1915 1916 1913
3 1917 1918 1919
3 479 507 480
3 482 505 483
3 485 479 481
3 487 494 488
3 490 880 491
3 487 508 493
3 495 501 496
3 498 514 499
3 501 512 502
3 503 506 479
3 504 874 505
3 506 807 507
3 508 1920 509
3 511 804 512
3 513 808 514
3 515 511 501
3 516 556 517
3 519 747 520
3 509 1072 522
3 517 1070 523
3 524 1076 525
3 527 1080 524
3 529 898 530
3 532 1420 533
3 534 533 535
3 537 897 538
3 540 546 541
3 543 896 544
3 546 1068 547
3 548 810 549
3 551 895 552
3 554 519 521
3 556 561 557
3 539 538 558
3 556 509 560
3 562 790 563
3 509 1920 565
3 566 517 557
3 568 867 569
3 571 578 572
3 574 539 559
3 576 866 568
3 577 862 578
3 579 537 539
3 580 589 581
3 583 591 584
3 586 534 536
3 588 865 589
3 590 861 591
3 592 532 534
3 593 787 594
3 596 894 597
3 599 873 600
3 602 610 603
3 598 597 605
3 607 624 608
3 610 881 611
3 612 606 605
3 614 775 615
3 617 629 618
3 620 776 621
3 623 1083 608
3 625 893 626
3 628 944 629
3 607 609 630
3 619 618 632
3 634 658 635
3 637 667 638
3 640 941 641
3 643 892 644
3 646 954 647
3 649 860 650
3 652 770 653
3 655 662 656
3 658 640 642
3 659 864 660
3 662 668 663
3 664 925 665
3 667 646 648
3 668 675 669
3 670 666 665
3 672 637 639
3 674 1018 669
3 676 817 677
3 679 702 680
3 682 710 683
3 685 733 686
3 688 725 689
3 691 728 692
3 694 858 695
3 697 816 676
3 699 707 700
3 687 686 702
3 703 855 704
3 706 712 707
3 533 1420 708
3 682 693 692
3 706 716 711
3 713 827 714
3 563 684 683
3 716 878 717
3 595 873 599
3 718 935 719
3 710 741 721
3 722 1000 723
3 725 680 726
3 728 753 729
3 704 856 730
3 698 676 678
3 733 722 724
3 705 704 731
3 707 712 736
3 738 1020 739
3 710 692 729
3 712 711 742
3 743 738 740
3 683 721 594
3 711 717 745
3 746 818 747
3 702 686 748
3 741 765 750
3 751 1001 723
3 619 887 752
3 753 774 754
3 731 730 755
3 732 678 757
3 625 627 759
3 735 731 756
3 736 767 762
3 740 739 763
3 741 729 754
3 736 742 766
3 744 740 764
3 721 750 595
3 742 745 769
3 770 872 771
3 725 727 772
3 765 607 631
3 617 752 773
3 680 702 749
3 774 623 624
3 756 755 775
3 758 757 776
3 686 733 734
3 761 756 614
3 768 988 777
3 598 606 778
3 765 754 624
3 766 987 780
3 781 762 782
3 600 873 631
3 610 602 784
3 593 599 601
3 787 593 786
3 562 787 788
3 790 562 789
3 792 672 673
3 776 877 794
3 795 566 567
3 795 747 797
3 496 502 799
3 500 499 801
3 497 496 800
3 804 510 516
3 502 518 805
3 799 805 806
3 512 516 518
3 493 508 510
3 488 494 511
3 491 880 808
3 494 493 804
3 809 549 810
3 480 746 812
3 484 483 813
3 486 481 812
3 816 875 817
3 480 507 818
3 819 868 820
3 821 825 563
3 822 669 823
3 825 849 684
3 826 831 827
3 828 822 716
3 829 843 693
3 830 1710 827
3 832 828 706
3 833 855 703
3 835 851 836
3 838 832 699
3 819 816 697
3 841 859 694
3 842 691 693
3 844 688 690
3 846 914 847
3 829 682 684
3 850 924 836
3 852 854 762
3 853 700 707
3 854 853 737
3 855 863 856
3 839 699 701
3 694 839 857
3 859 838 839
3 860 655 657
3 861 592 586
3 591 586 587
3 862 579 574
3 578 574 575
3 833 841 696
3 696 695 863
3 864 649 651
3 865 590 583
3 589 583 585
3 866 577 571
3 568 571 573
3 821 790 820
3 807 806 818
3 556 516 869
3 747 795 796
3 678 677 871
3 872 792 793
3 787 562 564
3 873 595 750
3 800 799 807
3 802 801 874
3 803 800 506
3 820 876 875
3 820 790 791
3 757 871 877
3 801 803 503
3 581 585 577
3 584 587 579
3 844 920 681
3 878 1015 879
3 483 486 815
3 880 488 515
3 499 497 803
3 881 610 785
3 883 940 884
3 745 744 768
3 625 760 886
3 717 743 744
3 633 886 887
3 533 709 888
3 681 680 725
3 889 1018 890
3 643 634 636
3 633 632 893
3 596 602 604
3 587 536 537
3 585 584 862
3 582 581 866
3 895 548 550
3 896 540 542
3 537 536 535
3 898 527 528
3 808 515 495
3 874 503 485
3 514 495 497
3 489 488 880
3 505 485 486
3 899 582 576
3 834 703 901
3 903 761 616
3 905 735 761
3 906 705 735
3 703 705 906
3 907 659 661
3 616 615 909
3 910 588 580
3 911 580 582
3 900 576 570
3 570 569 913
3 914 641 915
3 914 846 642
3 846 918 635
3 916 850 687
3 851 685 687
3 917 636 635
3 919 916 679
3 919 681 920
3 917 921 920
3 851 835 915
3 661 834 902
3 743 717 879
3 892 636 920
3 771 793 821
3 651 841 833
3 650 657 838
3 921 1044 923
3 638 829 849
3 835 837 847
3 892 844 845
3 647 842 843
3 651 650 859
3 653 819 840
3 657 656 832
3 916 1045 924
3 660 833 834
3 656 663 828
3 925 830 831
3 638 648 843
3 663 669 822
3 671 665 831
3 673 639 849
3 822 824 926
3 793 673 825
3 771 868 819
3 927 928 915
3 654 840 928
3 929 949 930
3 931 930 548
3 928 932 685
3 840 697 932
3 554 934 933
3 811 810 934
3 628 773 719
3 936 758 620
3 936 937 938
3 732 758 936
3 937 628 935
3 698 732 940
3 932 883 733
3 932 697 698
3 941 942 927
3 942 652 654
3 628 937 943
3 937 620 622
3 809 811 945
3 811 554 555
3 947 929 931
3 948 931 895
3 949 933 934
3 930 934 810
3 945 555 652
3 946 945 942
3 569 659 907
3 552 550 634
3 671 951 950
3 520 796 792
3 573 649 864
3 575 655 860
3 796 567 672
3 521 520 872
3 897 674 675
3 567 557 637
3 826 1014 951
3 558 538 675
3 561 560 646
3 674 897 952
3 559 558 668
3 867 864 659
3 549 809 640
3 559 662 655
3 555 521 770
3 572 860 649
3 560 565 954
3 553 552 643
3 946 941 640
3 557 561 667
3 550 549 658
3 786 958 955
3 877 871 956
3 601 1081 958
3 875 876 959
3 871 677 961
3 791 789 962
3 877 957 964
3 817 875 960
3 788 955 962
3 677 817 965
3 876 791 963
3 956 961 965
3 965 960 959
3 959 963 962
3 962 955 958
3 958 1081 964
3 958 964 957
3 959 962 958
3 956 965 959
3 958 957 956
3 856 978 966
3 858 970 967
3 613 1082 968
3 857 971 970
3 701 973 971
3 853 975 972
3 700 972 973
3 695 967 974
3 854 1009 975
3 775 755 976
3 863 974 978
3 730 966 976
3 1082 977 976
3 976 966 978
3 978 974 967
3 967 970 971
3 971 973 972
3 972 975 1009
3 1009 1010 968
3 968 1082 976
3 976 978 967
3 967 971 972
3 972 1009 968
3 968 976 967
3 979 982 778
3 981 1670 882
3 982 984 779
3 983 981 785
3 984 986 985
3 986 983 784
3 602 596 985
3 769 777 987
3 596 598 779
3 764 989 988
3 767 780 782
3 606 612 980
3 763 1007 989
3 726 749 990
3 734 1001 992
3 727 996 993
3 749 748 992
3 990 998 994
3 992 1001 751
3 996 999 997
3 992 995 998
3 998 887 886
3 751 773 752
3 999 760 759
3 995 752 887
3 994 886 760
3 991 994 999
3 727 726 991
3 1000 718 720
3 939 938 935
3 884 939 718
3 885 884 1000
3 773 751 720
3 940 936 939
3 883 885 722
3 1001 734 724
3 988 1004 1002
3 1002 1004 983
3 777 1002 1003
3 1002 986 984
3 989 1005 1004
3 1005 981 983
3 987 1003 1006
3 1003 984 982
3 1007 1008 1005
3 1008 1670 981
3 780 1006 783
3 783 1006 982
3 852 1010 1009
3 969 968 1010
3 613 969 1011
3 969 852 781
3 612 1011 979
3 1011 781 783
3 714 1019 1012
3 714 1013 922
3 1014 715 1015
3 715 922 879
3 953 950 951
3 951 1014 891
3 952 888 950
3 888 709 1016
3 708 1017 1016
3 666 1016 1017
3 535 888 952
3 878 889 891
3 826 713 715
3 1018 674 953
3 827 1710 1019
3 738 1013 1012
3 738 743 922
3 666 670 950
3 824 1028 1021
3 823 1026 1022
3 1018 1026 823
3 889 878 1024
3 878 716 926
3 889 1025 1026
3 1027 1029 1021
3 1022 1027 1028
3 1024 1029 1027
3 823 1023 1028
3 1025 1027 1022
3 926 1021 1029
3 1030 1055 1031
3 847 837 1033
3 1035 1063 1036
3 1037 1047 1038
3 1040 1037 1039
3 918 1043 1042
3 918 846 848
3 921 917 1042
3 916 919 923
3 837 836 1046
3 1031 1061 1047
3 1042 1067 1048
3 1032 1031 1037
3 848 847 1034
3 924 1051 1046
3 924 1045 1050
3 1044 1048 1052
3 1045 923 1052
3 848 1049 1053
3 1030 1056 1054
3 1056 1034 1033
3 1030 1032 1057
3 1056 1057 1049
3 1040 1058 1057
3 1058 1053 1049
3 1051 1050 1059
3 1060 1059 1047
3 1051 1060 1062
3 1060 1036 1063
3 1041 1064 1058
3 1064 1067 1053
3 1050 1052 1065
3 1059 1065 1038
3 1038 1065 1066
3 1065 1052 1048
3 1063 1035 1054
3 1062 1054 1033
3 1041 1039 1066
3 1064 1066 1048
3 1043 1053 1067
3 543 814 813
3 896 813 815
3 1068 746 519
3 544 929 947
3 544 542 949
3 1068 546 812
3 547 519 933
3 540 815 812
3 541 933 949
3 1069 523 1070
3 870 869 522
3 1073 1069 1071
3 1074 1073 798
3 509 556 870
3 805 518 523
3 818 1074 797
3 516 510 522
3 517 566 1071
3 818 806 1073
3 806 805 1069
3 566 795 798
3 529 1078 1075
3 1076 490 492
3 898 1075 1077
3 531 912 1078
3 531 530 900
3 528 524 911
3 524 526 910
3 527 1077 1079
3 530 528 899
3 1084 1087 1085
3 1087 1089 1088
3 1089 1091 1090
3 1091 1093 1092
3 1093 1095 1094
3 1095 1097 1096
3 1097 1099 1098
3 1099 1101 1100
3 1101 1103 1102
3 1103 1105 1104
3 1105 1107 1106
3 1107 1921 1108
3 1108 1921 1109
3 1109 1112 1111
3 1112 1114 1113
3 1114 1116 1115
3 1116 1118 1117
3 1118 1120 1119
3 1120 1122 1121
3 1122 1124 1123
3 1124 1126 1125
3 1126 1128 1127
3 1128 1130 1129
3 1130 1132 1131
3 1132 1134 1133
3 1134 1136 1135
3 1136 1138 1137
3 1138 1140 1139
3 1140 1142 1141
3 1142 1147 1143
3 1146 1922 1923
3 1923 1924 1925
3 1925 1926 1927
3 1927 1928 1929
3 1929 1930 1931
3 1931 1932 1933
3 1933 1934 1935
3 1935 1936 1144
3 1144 1937 1938
3 1938 1939 1940
3 1940 1941 1942
3 1942 1943 1145
3 1145 1944 1945
3 1945 1946 1947
3 1947 1948 1949
3 1949 1950 1146
3 1146 1923 1925
3 1925 1927 1929
3 1929 1931 1933
3 1933 1935 1144
3 1144 1938 1940
3 1940 1942 1145
3 1145 1945 1947
3 1947 1949 1146
3 1146 1925 1929
3 1929 1933 1144
3 1144 1940 1145
3 1145 1947 1146
3 1146 1929 1144
3 1147 1149 1148
3 1149 1951 1150
3 1153 1952 1953
3 1953 1954 1955
3 1955 1956 1957
3 1957 1958 1959
3 1959 1960 1961
3 1961 1962 1963
3 1963 1964 1965
3 1965 1966 1151
3 1151 1967 1968
3 1968 1969 1970
3 1970 1971 1972
3 1972 1973 1152
3 1152 1974 1975
3 1975 1976 1977
3 1977 1978 1979
3 1979 1980 1153
3 1153 1953 1955
3 1955 1957 1959
3 1959 1961 1963
3 1963 1965 1151
3 1151 1968 1970
3 1970 1972 1152
3 1152 1975 1977
3 1977 1979 1153
3 1153 1955 1959
3 1959 1963 1151
3 1151 1970 1152
3 1152 1977 1153
3 1153 1959 1151
3 1154 1157 1155
3 1157 1159 1158
3 1159 1161 1160
3 1161 1163 1162
3 1163 1165 1164
3 1165 1167 1166
3 1167 1169 1168
3 1169 1171 1170
3 1171 1173 1172
3 1173 1175 1174
3 1175 1177 1176
3 1177 1179 1178
3 1179 1181 1180
3 1181 1183 1182
3 1183 1981 1184
3 1184 1981 1185
3 1185 1188 1187
3 1188 1190 1189
3 1190 1192 1191
3 1192 1194 1193
3 1194 1196 1195
3 1196 1198 1197
3 1198 1982 1199
3 1199 1982 1200
3 1200 1203 1202
3 1203 1205 1204
3 1205 1207 1206
3 1207 1209 1208
3 1209 1211 1210
3 1211 1216 1212
3 1215 1983 1984
3 1984 1985 1986
3 1986 1987 1988
3 1988 1989 1990
3 1990 1991 1992
3 1992 1993 1994
3 1994 1995 1996
3 1996 1997 1213
3 1213 1998 1999
3 1999 2000 2001
3 2001 2002 2003
3 2003 2004 1214
3 1214 2005 2006
3 2006 2007 2008
3 2008 2009 2010
3 2010 2011 1215
3 1215 1984 1986
3 1986 1988 1990
3 1990 1992 1994
3 1994 1996 1213
3 1213 1999 2001
3 2001 2003 1214
3 1214 2006 2008
3 2008 2010 1215
3 1215 1986 1990
3 1990 1994 1213
3 1213 2001 1214
3 1214 2008 1215
3 1215 1990 1213
3 1216 1218 1217
3 1218 2012 1219
3 1222 2013 2014
3 2014 2015 2016
3 2016 2017 2018
3 2018 2019 2020
3 2020 2021 2022
3 2022 2023 2024
3 2024 2025 2026
3 2026 2027 1220
3 1220 2028 2029
3 2029 2030 2031
3 2031 2032 2033
3 2033 2034 1221
3 1221 2035 2036
3 2036 2037 2038
3 2038 2039 2040
3 2040 2041 1222
3 1222 2014 2016
3 2016 2018 2020
3 2020 2022 2024
3 2024 2026 1220
3 1220 2029 2031
3 2031 2033 1221
3 1221 2036 2038
3 2038 2040 1222
3 1222 2016 2020
3 2020 2024 1220
3 1220 2031 1221
3 1221 2038 1222
3 1222 2020 1220
3 1223 1229 1224
3 482 484 1226
3 1228 1518 1229
3 1230 1512 1231
3 491 1513 1233
3 1231 1512 1234
3 1236 1508 1237
3 498 500 1239
3 1238 1237 1241
3 1243 1228 1223
3 504 482 1227
3 1244 1223 1225
3 1247 1296 1235
3 1249 1238 1242
3 513 498 1240
3 1252 1236 1238
3 1253 1289 1254
3 1256 1287 1257
3 1259 1763 1247
3 1260 1761 1253
3 525 1769 1261
3 1262 1587 1261
3 1264 1772 1265
3 1267 1420 532
3 1269 1267 1268
3 1271 1635 1272
3 1274 1586 1275
3 543 545 1277
3 1276 1275 1279
3 1281 1585 1282
3 551 553 1284
3 1286 1631 1287
3 1288 1637 1289
3 1273 1305 1290
3 1289 1637 1291
3 1292 1455 1293
3 1247 1291 1295
3 1297 1504 1288
3 1298 1634 1299
3 1301 1561 1302
3 1304 1557 1305
3 1299 1560 1306
3 1303 1556 1307
3 1273 1272 1308
3 1309 1317 1310
3 1312 1318 1313
3 1270 1268 1315
3 1317 865 588
3 1318 861 590
3 1268 532 592
3 1319 1428 1320
3 1322 1776 1323
3 1325 1495 1326
3 1328 1584 1329
3 1331 1322 1324
3 1333 1665 1334
3 1330 1329 611
3 1336 1655 1331
3 1337 1484 1338
3 1340 1348 1341
3 1343 1629 1344
3 1334 1777 1346
3 626 1583 1347
3 1348 1774 1349
3 1350 1665 1333
3 1352 1340 1342
3 1354 1582 1355
3 1357 1389 1358
3 1360 1376 1361
3 644 1609 1363
3 1364 1384 1365
3 1367 1559 1368
3 1370 1611 1371
3 1373 1555 1374
3 1356 1355 1376
3 1377 1596 1378
3 1375 1374 1380
3 1382 925 664
3 1359 1358 1384
3 1381 1380 1385
3 1387 1613 1382
3 1388 1501 1389
3 1385 1581 1390
3 1391 1519 1392
3 1394 1415 1395
3 1397 1433 1398
3 1400 1445 1401
3 689 1437 1403
3 1404 1440 1405
3 1407 1653 1408
3 1410 1443 1392
3 1412 1553 1413
3 1415 1400 1402
3 1416 1447 1417
3 1414 1450 1419
3 1267 1709 708
3 1398 1433 1404
3 1419 1450 1421
3 1423 1703 1424
3 1293 1455 1397
3 1422 1421 1426
3 1428 1319 1325
3 1429 1690 1430
3 1432 1461 1433
3 1434 1444 1435
3 1437 1682 1438
3 1439 1466 1440
3 1417 1448 1441
3 1443 1468 1393
3 1444 1434 1445
3 1447 1470 1448
3 1414 1473 1449
3 1451 1454 739
3 1433 1461 1439
3 1450 1449 1452
3 1453 1475 1454
3 1320 1432 1397
3 1421 1452 1456
3 1457 1256 1258
3 1415 1482 1459
3 1460 1480 1461
3 1462 1690 1435
3 1464 1577 1342
3 1465 1483 1466
3 1448 1471 1467
3 1468 1485 1469
3 1347 1689 759
3 1470 1486 1471
3 1472 1491 1449
3 1454 1476 763
3 1461 1480 1465
3 1449 1491 1474
3 1475 1488 1476
3 1428 1460 1432
3 1452 1474 1477
3 1372 1371 1478
3 772 1682 1437
3 1351 1333 1480
3 1481 1464 1341
3 1394 1438 1482
3 1335 1346 1483
3 1471 1338 1484
3 1485 1343 1345
3 1400 1459 1446
3 1486 1339 1338
3 1487 1677 1488
3 1324 1671 1489
3 1480 1333 1335
3 1490 1676 1474
3 1492 1698 1493
3 1326 1350 1351
3 1330 1572 1494
3 1495 1325 1319
3 1496 1319 1321
3 1497 1321 1292
3 1498 1292 1294
3 1500 1565 1501
3 1502 1568 1345
3 1503 1563 1504
3 1503 1767 1505
3 1237 1509 1506
3 500 802 1507
3 1508 1566 1509
3 1254 1248 1250
3 1510 1255 1241
3 1511 1510 1506
3 1255 1254 1242
3 1248 1235 1234
3 1230 1252 1249
3 491 513 1251
3 1512 1249 1250
3 1283 1282 1514
3 1516 1457 1224
3 484 814 1517
3 1518 1571 1516
3 1519 1567 1411
3 1458 1225 1224
3 1520 1411 1521
3 1523 1294 1293
3 1525 1712 1526
3 1524 1293 1399
3 1528 1423 1425
3 1530 1419 1422
3 1531 1398 1406
3 1425 1710 830
3 1533 1412 1419
3 1416 1418 1534
3 1536 1725 1537
3 1539 1552 1412
3 1410 1411 1520
3 1541 1409 1408
3 1406 1405 1543
3 690 1403 1544
3 1545 1734 1546
3 1399 1398 1531
3 1537 1612 1548
3 1549 1492 1472
3 1551 1473 1414
3 1550 1472 1473
3 1442 1558 1418
3 1552 1554 1553
3 1408 1653 1554
3 1542 1408 1552
3 1369 1368 1555
3 1315 592 861
3 1316 1315 1318
3 1304 1308 1556
3 1303 1302 1557
3 1534 1418 1409
3 1558 1407 1409
3 1379 1378 1559
3 1313 590 865
3 1314 1313 1317
3 1301 1307 1560
3 1299 1634 1561
3 1521 1294 1523
3 1458 1511 1246
3 1289 1762 1562
3 1258 1257 1563
3 1564 1391 1393
3 1479 1478 1565
3 1321 1320 1455
3 1327 1351 1460
3 1509 1244 1246
3 802 504 1245
3 1566 1243 1244
3 1567 1643 1521
3 1521 1643 1499
3 1568 1564 1469
3 1507 1245 1243
3 1307 1314 1309
3 1308 1316 1312
3 1544 1403 1396
3 1570 1704 1427
3 1226 1517 1571
3 1513 1251 1252
3 1239 1507 1566
3 881 882 1572
3 1573 1692 1574
3 1456 1477 1488
3 1576 1689 1347
3 1426 1456 1475
3 1577 1576 1353
3 1578 1709 1267
3 1437 1394 1396
3 1579 1706 1580
3 1363 1609 1582
3 1583 1352 1353
3 1323 1776 1584
3 1272 1270 1316
3 1556 1312 1314
3 1560 1309 1311
3 1285 1284 1585
3 1278 1277 1586
3 1272 1635 1269
3 1266 1265 1587
3 1251 1240 1236
3 1245 1227 1228
3 1240 1239 1508
3 1513 1230 1232
3 1227 1226 1518
3 1306 1311 1588
3 1590 1416 1535
3 1592 1598 1339
3 1593 1592 1486
3 1594 1593 1470
3 1594 1447 1416
3 1595 1608 1596
3 1597 1337 1339
3 1310 588 910
3 1311 1310 1599
3 1300 1306 1589
3 1601 1298 1300
3 1602 1361 1547
3 1547 1361 1376
3 1545 1376 1355
3 1604 1395 1402
3 1402 1401 1538
3 1355 1582 1605
3 1606 1396 1395
3 1569 1396 1606
3 1605 1582 1569
3 1538 1401 1602
3 1591 1535 1596
3 1453 1702 1570
3 1609 1544 1569
3 1478 1522 1523
3 1534 1541 1559
3 1368 1542 1539
3 1610 1738 1607
3 1527 1531 1358
3 1546 1725 1536
3 845 1544 1609
3 1532 1543 1365
3 1559 1541 1542
3 1540 1520 1371
3 1555 1539 1533
3 1612 1741 1604
3 1535 1534 1378
3 1374 1533 1530
3 1529 830 925
3 1358 1531 1532
3 1380 1530 1525
3 1613 1528 1529
3 1501 1524 1527
3 1614 1712 1525
3 1565 1523 1524
3 1520 1522 1478
3 1602 1616 1615
3 1616 1540 1611
3 1617 1620 1618
3 1620 1285 1281
3 1401 1621 1616
3 1621 1410 1540
3 1622 1623 1286
3 1623 1283 1515
3 1349 1431 1430
3 1624 1626 1343
3 1624 1691 1625
3 1624 1485 1468
3 1626 1625 1431
3 1575 1468 1443
3 1445 1573 1621
3 1621 1573 1443
3 1362 1361 1615
3 1627 1615 1611
3 1349 1774 1628
3 1626 1628 1629
3 1514 1632 1630
3 1515 1630 1631
3 947 948 1620
3 948 551 1285
3 1619 1618 1623
3 1618 1281 1283
3 1630 1627 1370
3 1632 1362 1627
3 1595 1377 1298
3 1284 1363 1354
3 1633 1636 1613
3 1257 1479 1500
3 1379 1367 1561
3 1369 1373 1557
3 1563 1500 1388
3 1287 1372 1479
3 1386 1390 1635
3 1504 1388 1357
3 1636 1705 1528
3 1290 1381 1386
3 1637 1359 1364
3 1390 1707 1638
3 1305 1375 1381
3 1377 1379 1634
3 1282 1356 1360
3 1373 1375 1305
3 1631 1370 1372
3 1367 1369 1302
3 1291 1364 1366
3 553 645 1363
3 1360 1362 1632
3 1288 1357 1359
3 1585 1354 1356
3 1639 1641 1496
3 1568 2042 1640
3 1641 1650 1495
3 1567 1647 1642
3 1564 1640 1644
3 1499 1649 1645
3 1646 2042 1568
3 1519 1648 1647
3 1645 1639 1497
3 1391 1644 1648
3 1643 1642 1649
3 1648 1644 1640
3 2042 1646 1650
3 1647 1648 1640
3 1640 2042 1650
3 1650 1641 1639
3 1639 1645 1649
3 1649 1642 1647
3 1647 1640 1650
3 1650 1639 1649
3 1651 1664 1442
3 1652 1657 1653
3 1654 1775 1655
3 1657 1658 1554
3 1658 1660 1553
3 1659 1662 1551
3 1660 1659 1413
3 1661 1652 1407
3 1662 1699 1550
3 1484 1666 1663
3 1664 1661 1558
3 1663 1651 1441
3 1663 1666 1775
3 1654 1700 1699
3 1663 1775 1654
3 1664 1651 1663
3 1652 1661 1664
3 1658 1657 1652
3 1659 1660 1658
3 1699 1662 1659
3 1663 1654 1699
3 1652 1664 1663
3 1659 1658 1652
3 1663 1699 1659
3 1667 1678 1489
3 1669 1572 882
3 1668 1489 1671
3 1673 1494 1572
3 1672 1671 1674
3 1675 1674 1494
3 1328 1494 1674
3 1676 1487 1477
3 1323 1674 1671
3 1677 1679 1476
3 1493 1490 1491
3 1332 1489 1678
3 1679 1007 763
3 1438 1684 1680
3 1681 1463 1446
3 993 1685 1682
3 1482 1680 1681
3 1683 1686 1680
3 1681 1687 1462
3 997 1688 1685
3 1686 1687 1681
3 1576 1577 1686
3 1464 1481 1462
3 759 1689 1688
3 1577 1464 1687
3 1689 1576 1683
3 1688 1683 1684
3 1682 1685 1684
3 1436 1435 1690
3 1431 1625 1691
3 1429 1691 1574
3 1436 1574 1692
3 1481 1430 1690
3 1575 1574 1691
3 1434 1692 1573
3 1463 1435 1444
3 1693 1694 1677
3 1693 1675 1673
3 1695 1693 1487
3 1672 1675 1693
3 1694 1696 1679
3 1673 1669 1696
3 1697 1695 1676
3 1668 1672 1695
3 1696 1008 1007
3 1669 1670 1008
3 1698 1697 1490
3 1698 1667 1668
3 1699 1700 1549
3 1700 1654 1656
3 1655 1336 1701
3 1656 1701 1492
3 1336 1678 1667
3 1701 1667 1698
3 1424 2043 1012
3 1702 2043 1424
3 1704 1703 1705
3 1570 1702 1703
3 1707 1580 1636
3 1706 1705 1636
3 1638 1707 1633
3 1578 1633 1708
3 1708 1017 708
3 1017 1708 1383
3 1638 1578 1269
3 1427 1704 1706
3 1528 1705 1703
3 1581 1580 1707
3 1425 1424 1019
3 1012 2043 1451
3 1451 2043 1702
3 1383 1708 1633
3 1711 1717 1712
3 1713 1718 1714
3 1526 1714 1581
3 1579 1719 1715
3 1715 1614 1422
3 1714 1719 1579
3 1711 1720 1716
3 1717 1716 1718
3 1716 1720 1715
3 1717 1713 1526
3 1718 1716 1719
3 1720 1711 1614
3 1721 1746 1722
3 1546 1739 1724
3 1726 1755 1727
3 1728 1736 1729
3 1730 1729 1731
3 1733 1744 1603
3 1603 1744 1734
3 1607 1738 1733
3 1604 1741 1610
3 1725 1724 1735
3 1736 2044 1721
3 1737 1759 1733
3 1729 1721 1723
3 1734 1749 1739
3 1735 1751 1612
3 1612 1751 1740
3 1742 1737 1738
3 1741 1740 1742
3 1743 1749 1734
3 1745 1747 1722
3 1724 1739 1747
3 1722 1747 1748
3 1747 1739 1749
3 1748 1750 1731
3 1749 1743 1750
3 1751 1753 1752
3 1753 2044 1736
3 1754 1753 1751
3 1755 1726 1753
3 1750 1756 1732
3 1743 1759 1756
3 1740 1752 1757
3 1752 1736 1728
3 1758 1757 1728
3 1737 1742 1757
3 1755 1754 1745
3 1754 1735 1724
3 1732 1756 1758
3 1756 1759 1737
3 1759 1743 1744
3 1517 814 543
3 1571 1517 1278
3 1256 1457 1280
3 947 1617 1277
3 1277 1617 1619
3 1280 1457 1516
3 1622 1256 1279
3 1516 1571 1274
3 1619 1622 1275
3 1760 1765 1761
3 1259 1562 1762
3 1764 1767 1765
3 1766 1505 1767
3 1247 1763 1762
3 1510 1760 1260
3 1505 1766 1458
3 1254 1562 1259
3 1253 1761 1765
3 1458 1766 1764
3 1511 1764 1760
3 1297 1765 1767
3 1768 1771 1264
3 492 1233 1769
3 1770 1768 1266
3 1771 1600 1772
3 1772 1600 1589
3 1587 1588 1599
3 1261 1599 910
3 1773 1770 1262
3 1265 1589 1588
3 1778 1782 1779
3 1781 1784 1782
3 1783 1786 1784
3 1785 1788 1786
3 1787 1790 1788
3 1789 1792 1790
3 1791 1794 1792
3 1793 1796 1794
3 1795 1798 1796
3 1797 1800 1798
3 1799 1802 1800
3 1801 1804 1802
3 1801 1806 1803
3 1805 1808 1803
3 1807 1810 1808
3 1809 1812 1810
3 1811 1814 1812
3 1813 1816 1814
3 1815 1818 1816
3 1817 1820 1818
3 1819 1822 1820
3 1821 1824 1822
3 1823 1826 1824
3 1825 1828 1826
3 1827 1830 1828
3 1829 1832 1830
3 1831 1834 1832
3 1833 1836 1834
3 1835 1838 1836
3 1837 1843 1838
3 1841 2045 2046
3 2046 2047 2048
3 2048 2049 2050
3 2050 2051 2052
3 2052 2053 2054
3 2054 2055 2056
3 2056 2057 2058
3 2058 2059 1839
3 1839 2060 2061
3 2061 2062 2063
3 2063 2064 2065
3 2065 2066 1840
3 1840 2067 2068
3 2068 2069 2070
3 2070 2071 2072
3 2072 2073 1841
3 1841 2046 2048
3 2048 2050 2052
3 2052 2054 2056
3 2056 2058 1839
3 1839 2061 2063
3 2063 2065 1840
3 1840 2068 2070
3 2070 2072 1841
3 1841 2048 2052
3 2052 2056 1839
3 1839 2063 1840
3 1840 2070 1841
3 1841 2052 1839
3 1842 1845 1843
3 1844 2074 1845
3 1848 2075 2076
3 2076 2077 2078
3 2078 2079 2080
3 2080 2081 2082
3 2082 2083 2084
3 2084 2085 2086
3 2086 2087 2088
3 2088 2089 1846
3 1846 2090 2091
3 2091 2092 2093
3 2093 2094 2095
3 2095 2096 1847
3 1847 2097 2098
3 2098 2099 2100
3 2100 2101 2102
3 2102 2103 1848
3 1848 2076 2078
3 2078 2080 2082
3 2082 2084 2086
3 2086 2088 1846
3 1846 2091 2093
3 2093 2095 1847
3 1847 2098 2100
3 2100 2102 1848
3 1848 2078 2082
3 2082 2086 1846
3 1846 2093 1847
3 1847 2100 1848
3 1848 2082 1846
3 1849 1853 1850
3 1852 1855 1853
3 1854 1857 1855
3 1856 1859 1857
3 1858 1861 1859
3 1860 1863 1861
3 1862 1865 1863
3 1864 1867 1865
3 1866 1869 1867
3 1868 1871 1869
3 1870 1873 1871
3 1872 1875 1873
3 1874 1877 1875
3 1876 1879 1877
3 1878 1881 1879
3 1880 1883 1881
3 1882 1885 1883
3 1884 1887 1885
3 1886 1889 1887
3 1888 1891 1889
3 1890 1893 1891
3 1892 1895 1893
3 1894 1897 1895
3 1894 1899 1896
3 1898 1901 1896
3 1900 1903 1901
3 1902 1905 1903
3 1904 1907 1905
3 1906 1909 1907
3 1908 1914 1909
3 1912 2104 2105
3 2105 2106 2107
3 2107 2108 2109
3 2109 2110 2111
3 2111 2112 2113
3 2113 2114 2115
3 2115 2116 2117
3 2117 2118 1910
3 1910 2119 2120
3 2120 2121 2122
3 2122 2123 2124
3 2124 2125 1911
3 1911 2126 2127
3 2127 2128 2129
3 2129 2130 2131
3 2131 2132 1912
3 1912 2105 2107
3 2107 2109 2111
3 2111 2113 2115
3 2115 2117 1910
3 1910 2120 2122
3 2122 2124 1911
3 1911 2127 2129
3 2129 2131 1912
3 1912 2107 2111
3 2111 2115 1910
3 1910 2122 1911
3 1911 2129 1912
3 1912 2111 1910
3 1913 1916 1914
3 1915 2133 1916
3 1919 2134 2135
3 2135 2136 2137
3 2137 2138 2139
3 2139 2140 2141
3 2141 2142 2143
3 2143 2144 2145
3 2145 2146 2147
3 2147 2148 1917
3 1917 2149 2150
3 2150 2151 2152
3 2152 2153 2154
3 2154 2155 1918
3 1918 2156 2157
3 2157 2158 2159
3 2159 2160 2161
3 2161 2162 1919
3 1919 2135 2137
3 2137 2139 2141
3 2141 2143 2145
3 2145 2147 1917
3 1917 2150 2152
3 2152 2154 1918
3 1918 2157 2159
3 2159 2161 1919
3 1919 2137 2141
3 2141 2145 1917
3 1917 2152 1918
3 1918 2159 1919
3 1919 2141 1917
3 2163 2164 2165
3 2166 2167 2168
3 2169 2170 2171
3 2172 2173 2174
3 2175 2176 2177
3 2178 2179 2180
3 2181 2182 2183
3 2184 2185 2186
3 2187 2188 2189
3 2190 2191 2192
3 2193 2194 2195
3 2196 2197 2198
3 2199 2200 2201
3 2202 2203 2204
3 2205 2206 2207
3 2208 2209 2210
3 2211 2212 2213
3 2214 2215 2216
3 2217 2218 2215
3 2219 2220 2221
3 2222 2223 2224
3 2225 2226 2227
3 2228 2229 2230
3 2231 2232 2233
3 2234 2235 2176
3 2236 2237 2238
3 2239 2240 2241
3 2185 2242 2186
3 2243 2244 2245
3 2246 2247 2248
3 2194 2249 2250
3 2251 2252 2253
3 2254 2255 2256
3 2203 2257 2258
3 2259 2260 2261
3 2262 2263 2264
3 2265 2266 2267
3 2167 2268 2269
3 2270 2265 2267
3 2271 2272 2273
3 2274 2275 2276
3 2277 2278 2209
3 2279 2280 2281
3 2282 2283 2216
3 2242 2284 2186
3 2285 2286 2287
3 2288 2289 2258
3 2284 2184 2186
3 2290 2279 2281
3 2291 2292 2210
3 2293 2294 2295
3 2296 2297 2200
3 2298 2183 2182
3 2299 2216 2215
3 2300 2295 2301
3 2302 2303 2204
3 2304 2281 2305
3 2287 2300 2306
3 2307 2276 2308
3 2309 2267 2310
3 2267 2311 2213
3 2311 2312 2211
3 2313 2314 2315
3 2314 2316 2317
3 2316 2318 2319
3 2320 2321 2322
3 2321 2323 2324
3 2323 2296 2325
3 2326 2327 2328
3 2327 2329 2330
3 2329 2277 2331
3 2332 2287 2333
3 2281 2307 2334
3 2335 2336 2166
3 2337 2338 2339
3 2340 2341 2172
3 2342 2343 2175
3 2344 2345 2181
3 2346 2347 2348
3 2349 2350 2190
3 2351 2352 2193
3 2353 2354 2199
3 2355 2356 2202
3 2357 2358 2208
3 2359 2360 2214
3 2290 2304 2361
3 2293 2300 2362
3 2274 2307 2363
3 2270 2309 2364
3 2365 2311 2366
3 2367 2313 2368
3 2369 2316 2370
3 2371 2320 2372
3 2373 2323 2374
3 2303 2326 2375
3 2292 2329 2376
3 2283 2332 2377
3 2378 2218 2337
3 2168 2379 2166
3 2174 2268 2172
3 2173 2175 2177
3 2235 2181 2183
3 2184 2380 2348
3 2242 2190 2192
3 2191 2193 2195
3 2250 2199 2201
3 2200 2202 2204
3 2210 2257 2208
3 2216 2381 2214
3 2218 2293 2286
3 2295 2168 2290
3 2280 2174 2274
3 2276 2177 2270
3 2365 2235 2183
3 2367 2182 2184
3 2369 2242 2192
3 2371 2191 2195
3 2382 2201 2373
3 2296 2204 2303
3 2292 2258 2210
3 2283 2209 2216
3 2378 2273 2272
3 2383 2294 2384
3 2385 2279 2386
3 2285 2387 2388
3 2389 2275 2390
3 2391 2265 2392
3 2393 2394 2265
3 2395 2396 2397
3 2398 2399 2400
3 2399 2401 2402
3 2403 2404 2405
3 2406 2407 2408
3 2409 2410 2407
3 2411 2412 2413
3 2302 2414 2415
3 2414 2289 2416
3 2291 2417 2418
3 2282 2285 2419
3 2279 2420 2421
3 2286 2387 2218
3 2397 2312 2365
3 2191 2403 2192
3 2383 2293 2272
3 2367 2399 2314
3 2385 2290 2168
3 2399 2422 2314
3 2409 2195 2194
3 2423 2168 2167
3 2295 2271 2273
3 2405 2318 2369
3 2250 2409 2194
3 2389 2274 2174
3 2371 2407 2321
3 2218 2299 2215
3 2280 2420 2269
3 2407 2382 2321
3 2269 2423 2167
3 2391 2270 2177
3 2413 2296 2373
3 2276 2424 2173
3 2303 2414 2327
3 2395 2365 2183
3 2414 2288 2327
3 2297 2201 2200
3 2266 2425 2235
3 2418 2277 2292
3 2398 2367 2184
3 2283 2285 2287
3 2426 2204 2203
3 2424 2174 2173
3 2312 2298 2182
3 2258 2426 2203
3 2403 2369 2192
3 2393 2177 2176
3 2422 2401 2242
3 2235 2393 2176
3 2406 2371 2195
3 2318 2427 2191
3 2411 2373 2201
3 2278 2210 2209
3 2382 2428 2250
3 2429 2430 2431
3 2432 2328 2330
3 2433 2211 2315
3 2301 2434 2306
3 2431 2330 2331
3 2435 2315 2317
3 2305 2436 2301
3 2333 2431 2331
3 2437 2317 2319
3 2334 2438 2305
3 2306 2439 2333
3 2440 2319 2322
3 2308 2441 2334
3 2430 2322 2324
3 2310 2429 2308
3 2442 2324 2325
3 2213 2443 2310
3 2444 2325 2328
3 2445 2446 2447
3 2448 2449 2446
3 2450 2449 2451
3 2450 2452 2453
3 2454 2452 2455
3 2456 2457 2454
3 2458 2459 2456
3 2460 2461 2458
3 2462 2463 2460
3 2462 2464 2465
3 2466 2464 2467
3 2466 2468 2469
3 2470 2468 2471
3 2472 2473 2470
3 2474 2475 2472
3 2476 2477 2474
3 2476 2478 2479
3 2480 2481 2478
3 2482 2483 2484
3 2485 2486 2483
3 2486 2487 2488
3 2487 2489 2488
3 2490 2491 2489
3 2491 2492 2493
3 2493 2494 2495
3 2495 2496 2497
3 2496 2498 2497
3 2499 2500 2498
3 2500 2501 2502
3 2502 2503 2504
3 2503 2505 2504
3 2506 2507 2505
3 2508 2509 2507
3 2509 2510 2511
3 2510 2512 2511
3 2513 2484 2512
3 2484 2514 2515
3 2483 2516 2514
3 2486 2517 2516
3 2488 2518 2517
3 2518 2491 2519
3 2491 2520 2519
3 2493 2521 2520
3 2495 2522 2521
3 2497 2523 2522
3 2498 2524 2523
3 2500 2525 2524
3 2502 2526 2525
3 2504 2527 2526
3 2505 2528 2527
3 2507 2529 2528
3 2509 2530 2529
3 2511 2531 2530
3 2531 2484 2515
3 2532 2448 2445
3 2533 2451 2448
3 2451 2534 2450
3 2534 2455 2450
3 2535 2454 2455
3 2536 2456 2454
3 2537 2458 2456
3 2538 2460 2458
3 2539 2462 2460
3 2462 2540 2467
3 2540 2466 2467
3 2541 2471 2466
3 2542 2470 2471
3 2543 2472 2470
3 2472 2544 2474
3 2474 2545 2476
3 2476 2546 2480
3 2546 2547 2480
3 2548 2549 2550
3 2551 2552 2549
3 2553 2552 2554
3 2553 2555 2556
3 2557 2555 2558
3 2559 2560 2557
3 2559 2561 2562
3 2563 2564 2561
3 2565 2566 2564
3 2567 2566 2568
3 2569 2570 2567
3 2569 2571 2572
3 2573 2574 2571
3 2575 2574 2576
3 2577 2578 2575
3 2579 2580 2577
3 2581 2582 2579
3 2548 2583 2581
3 2584 2548 2585
3 2584 2554 2551
3 2586 2554 2587
3 2588 2553 2586
3 2588 2557 2558
3 2589 2557 2590
3 2591 2559 2589
3 2592 2563 2591
3 2593 2565 2592
3 2594 2568 2593
3 2595 2567 2594
3 2595 2573 2569
3 2596 2573 2597
3 2598 2576 2596
3 2599 2575 2598
3 2600 2577 2599
3 2600 2581 2579
3 2601 2548 2581
3 2600 2592 2588
3 2165 2222 2163
3 2163 2230 2164
3 2166 2602 2167
3 2171 2228 2169
3 2169 2233 2170
3 2170 2603 2171
3 2172 2604 2173
3 2175 2234 2176
3 2180 2236 2178
3 2178 2241 2179
3 2179 2605 2180
3 2181 2380 2182
3 2184 2348 2185
3 2189 2243 2187
3 2187 2248 2188
3 2188 2606 2189
3 2190 2607 2191
3 2193 2608 2194
3 2198 2251 2196
3 2196 2256 2197
3 2197 2609 2198
3 2199 2610 2200
3 2202 2611 2203
3 2207 2259 2205
3 2205 2264 2206
3 2206 2612 2207
3 2208 2381 2209
3 2211 2613 2212
3 2214 2217 2215
3 2217 2337 2218
3 2614 2615 2616
3 2616 2617 2219
3 2219 2618 2619
3 2619 2620 2621
3 2621 2622 2623
3 2623 2624 2220
3 2220 2625 2626
3 2626 2627 2221
3 2221 2628 2614
3 2614 2616 2219
3 2219 2619 2621
3 2621 2623 2220
3 2220 2626 2221
3 2221 2614 2219
3 2219 2621 2220
3 2224 2629 2222
3 2222 2165 2223
3 2223 2630 2224
3 2227 2262 2225
3 2225 2631 2226
3 2230 2163 2228
3 2228 2171 2229
3 2233 2169 2231
3 2231 2238 2232
3 2234 2632 2235
3 2238 2231 2236
3 2236 2180 2237
3 2241 2178 2239
3 2239 2245 2240
3 2185 2633 2242
3 2245 2239 2243
3 2243 2189 2244
3 2248 2187 2246
3 2246 2253 2247
3 2194 2608 2249
3 2253 2246 2251
3 2251 2198 2252
3 2256 2196 2254
3 2254 2261 2255
3 2203 2611 2257
3 2261 2254 2259
3 2259 2207 2260
3 2264 2205 2262
3 2262 2227 2263
3 2265 2394 2266
3 2167 2602 2268
3 2270 2392 2265
3 2271 2383 2272
3 2274 2390 2275
3 2277 2417 2278
3 2279 2421 2280
3 2282 2419 2283
3 2242 2401 2284
3 2285 2388 2286
3 2288 2416 2289
3 2284 2398 2184
3 2290 2386 2279
3 2291 2418 2292
3 2293 2384 2294
3 2296 2412 2297
3 2298 2395 2183
3 2299 2282 2216
3 2301 2306 2300
3 2300 2293 2295
3 2295 2304 2301
3 2302 2415 2303
3 2305 2301 2304
3 2304 2290 2281
3 2306 2333 2287
3 2287 2286 2300
3 2308 2334 2307
3 2307 2274 2276
3 2276 2309 2308
3 2310 2308 2309
3 2309 2270 2267
3 2213 2310 2267
3 2267 2266 2311
3 2211 2213 2311
3 2311 2365 2312
3 2312 2313 2211
3 2315 2211 2313
3 2313 2367 2314
3 2317 2315 2314
3 2314 2422 2316
3 2319 2317 2316
3 2316 2369 2318
3 2318 2320 2319
3 2322 2319 2320
3 2320 2371 2321
3 2324 2322 2321
3 2321 2382 2323
3 2325 2324 2323
3 2323 2373 2296
3 2296 2326 2325
3 2328 2325 2326
3 2326 2303 2327
3 2330 2328 2327
3 2327 2288 2329
3 2331 2330 2329
3 2329 2292 2277
3 2277 2332 2331
3 2333 2331 2332
3 2332 2283 2287
3 2334 2305 2281
3 2281 2280 2307
3 2378 2272 2218
3 2168 2273 2379
3 2174 2269 2268
3 2173 2604 2175
3 2235 2632 2181
3 2184 2182 2380
3 2242 2633 2190
3 2191 2607 2193
3 2250 2249 2199
3 2200 2610 2202
3 2210 2258 2257
3 2216 2209 2381
3 2218 2272 2293
3 2295 2273 2168
3 2280 2269 2174
3 2276 2173 2177
3 2365 2266 2235
3 2367 2312 2182
3 2369 2422 2242
3 2371 2318 2191
3 2382 2250 2201
3 2296 2200 2204
3 2292 2288 2258
3 2283 2277 2209
3 2378 2379 2273
3 2383 2271 2294
3 2385 2423 2279
3 2285 2299 2387
3 2389 2424 2275
3 2391 2393 2265
3 2393 2425 2394
3 2395 2298 2396
3 2398 2284 2399
3 2399 2284 2401
3 2403 2427 2404
3 2406 2409 2407
3 2409 2428 2410
3 2411 2297 2412
3 2302 2426 2414
3 2414 2426 2289
3 2291 2278 2417
3 2282 2299 2285
3 2279 2423 2420
3 2286 2388 2387
3 2397 2396 2312
3 2191 2427 2403
3 2383 2384 2293
3 2367 2400 2399
3 2385 2386 2290
3 2399 2402 2422
3 2409 2406 2195
3 2423 2385 2168
3 2295 2294 2271
3 2405 2404 2318
3 2250 2428 2409
3 2389 2390 2274
3 2371 2408 2407
3 2218 2387 2299
3 2280 2421 2420
3 2407 2410 2382
3 2269 2420 2423
3 2391 2392 2270
3 2413 2412 2296
3 2276 2275 2424
3 2303 2415 2414
3 2395 2397 2365
3 2414 2416 2288
3 2297 2411 2201
3 2266 2394 2425
3 2418 2417 2277
3 2398 2400 2367
3 2283 2419 2285
3 2426 2302 2204
3 2424 2389 2174
3 2312 2396 2298
3 2258 2289 2426
3 2403 2405 2369
3 2393 2391 2177
3 2422 2402 2401
3 2235 2425 2393
3 2406 2408 2371
3 2318 2404 2427
3 2411 2413 2373
3 2278 2291 2210
3 2382 2410 2428
3 2434 2436 2438
3 2438 2441 2429
3 2429 2443 2212
3 2212 2613 2433
3 2433 2435 2437
3 2437 2440 2430
3 2430 2442 2444
3 2444 2432 2431
3 2431 2439 2434
3 2434 2438 2429
3 2429 2212 2433
3 2433 2437 2430
3 2430 2444 2431
3 2431 2434 2429
3 2429 2433 2430
3 2432 2444 2328
3 2433 2613 2211
3 2301 2436 2434
3 2431 2432 2330
3 2435 2433 2315
3 2305 2438 2436
3 2333 2439 2431
3 2437 2435 2317
3 2334 2441 2438
3 2306 2434 2439
3 2440 2437 2319
3 2308 2429 2441
3 2430 2440 2322
3 2310 2443 2429
3 2442 2430 2324
3 2213 2212 2443
3 2444 2442 2325
3 2445 2448 2446
3 2448 2451 2449
3 2450 2453 2449
3 2450 2455 2452
3 2454 2457 2452
3 2456 2459 2457
3 2458 2461 2459
3 2460 2463 2461
3 2462 2465 2463
3 2462 2467 2464
3 2466 2469 2464
3 2466 2471 2468
3 2470 2473 2468
3 2472 2475 2473
3 2474 2477 2475
3 2476 2479 2477
3 2476 2480 2478
3 2480 2547 2481
3 2482 2485 2483
3 2485 2634 2486
3 2486 2634 2487
3 2487 2490 2489
3 2490 2635 2491
3 2491 2635 2492
3 2493 2492 2494
3 2495 2494 2496
3 2496 2499 2498
3 2499 2636 2500
3 2500 2636 2501
3 2502 2501 2503
3 2503 2506 2505
3 2506 2508 2507
3 2508 2637 2509
3 2509 2637 2510
3 2510 2513 2512
3 2513 2482 2484
3 2484 2483 2514
3 2483 2486 2516
3 2486 2488 2517
3 2488 2489 2518
3 2518 2489 2491
3 2491 2493 2520
3 2493 2495 2521
3 2495 2497 2522
3 2497 2498 2523
3 2498 2500 2524
3 2500 2502 2525
3 2502 2504 2526
3 2504 2505 2527
3 2505 2507 2528
3 2507 2509 2529
3 2509 2511 2530
3 2511 2512 2531
3 2531 2512 2484
3 2532 2533 2448
3 2533 2638 2451
3 2451 2638 2534
3 2534 2535 2455
3 2535 2536 2454
3 2536 2537 2456
3 2537 2538 2458
3 2538 2539 2460
3 2539 2639 2462
3 2462 2639 2540
3 2540 2541 2466
3 2541 2542 2471
3 2542 2543 2470
3 2543 2640 2472
3 2472 2640 2544
3 2474 2544 2545
3 2476 2545 2546
3 2546 2641 2547
3 2548 2551 2549
3 2551 2554 2552
3 2553 2556 2552
3 2553 2558 2555
3 2557 2560 2555
3 2559 2562 2560
3 2559 2563 2561
3 2563 2565 2564
3 2565 2568 2566
3 2567 2570 2566
3 2569 2572 2570
3 2569 2573 2571
3 2573 2576 2574
3 2575 2578 2574
3 2577 2580 2578
3 2579 2582 2580
3 2581 2583 2582
3 2548 2550 2583
3 2584 2551 2548
3 2584 2587 2554
3 2586 2553 2554
3 2588 2558 2553
3 2588 2590 2557
3 2589 2559 2557
3 2591 2563 2559
3 2592 2565 2563
3 2593 2568 2565
3 2594 2567 2568
3 2595 2569 2567
3 2595 2597 2573
3 2596 2576 2573
3 2598 2575 2576
3 2599 2577 2575
3 2600 2579 2577
3 2600 2601 2581
3 2601 2585 2548
3 2587 2584 2585
3 2585 2601 2600
3 2600 2599 2598
3 2598 2596 2597
3 2597 2595 2594
3 2594 2593 2592
3 2592 2591 2589
3 2589 2590 2588
3 2588 2586 2587
3 2587 2585 2600
3 2600 2598 2597
3 2597 2594 2592
3 2592 2589 2588
3 2588 2587 2600
3 2600 2597 2592
3 2642 2643 2644
3 2645 2646 2647
3 2648 2649 2650
3 2651 2652 2653
3 2654 2655 2656
3 2657 2658 2659
3 2660 2661 2662
3 2663 2664 2665
3 2666 2667 2668
3 2669 2670 2671
3 2672 2673 2674
3 2675 2676 2677
3 2678 2679 2680
3 2681 2682 2683
3 2684 2685 2686
3 2687 2688 2689
3 2690 2691 2692
3 2693 2694 2695
3 2696 2694 2697
3 2698 2699 2700
3 2701 2702 2703
3 2704 2705 2706
3 2643 2648 2707
3 2708 2709 2710
3 2711 2712 2654
3 2709 2657 2713
3 2714 2715 2716
3 2717 2664 2718
3 2715 2666 2719
3 2720 2721 2722
3 2672 2723 2724
3 2721 2675 2725
3 2726 2727 2728
3 2681 2729 2730
3 2727 2684 2731
3 2732 2704 2733
3 2734 2735 2736
3 2645 2737 2738
3 2739 2735 2740
3 2741 2742 2743
3 2744 2745 2746
3 2747 2748 2749
3 2750 2751 2752
3 2753 2754 2693
3 2717 2755 2756
3 2757 2758 2759
3 2760 2761 2762
3 2663 2755 2718
3 2763 2751 2764
3 2765 2766 2689
3 2767 2768 2769
3 2770 2771 2772
3 2660 2773 2774
3 2693 2775 2697
3 2776 2777 2778
3 2779 2780 2683
3 2781 2763 2782
3 2783 2757 2759
3 2784 2785 2786
3 2787 2739 2788
3 2789 2734 2736
3 2690 2790 2791
3 2792 2793 2794
3 2795 2796 2797
3 2798 2799 2800
3 2801 2802 2803
3 2804 2805 2806
3 2807 2770 2808
3 2809 2779 2810
3 2811 2760 2812
3 2813 2747 2814
3 2815 2753 2816
3 2817 2750 2752
3 2818 2646 2819
3 2820 2821 2822
3 2823 2652 2824
3 2825 2655 2826
3 2827 2661 2828
3 2829 2665 2830
3 2831 2670 2832
3 2833 2673 2834
3 2835 2679 2836
3 2837 2682 2838
3 2839 2688 2840
3 2841 2695 2842
3 2763 2843 2782
3 2767 2844 2778
3 2744 2845 2786
3 2739 2846 2788
3 2847 2848 2791
3 2793 2849 2794
3 2850 2851 2800
3 2802 2852 2803
3 2853 2854 2808
3 2779 2855 2810
3 2765 2856 2814
3 2753 2857 2816
3 2696 2858 2820
3 2647 2859 2743
3 2653 2737 2860
3 2655 2651 2656
3 2661 2711 2662
3 2665 2660 2663
3 2670 2717 2671
3 2673 2669 2674
3 2679 2861 2680
3 2682 2678 2683
3 2688 2862 2689
3 2693 2863 2687
3 2757 2741 2696
3 2647 2777 2763
3 2653 2750 2744
3 2739 2651 2785
3 2847 2711 2734
3 2793 2660 2790
3 2671 2796 2850
3 2674 2799 2802
3 2680 2805 2853
3 2683 2770 2779
3 2765 2862 2760
3 2693 2747 2753
3 2743 2858 2741
3 2768 2864 2769
3 2751 2865 2764
3 2758 2866 2775
3 2745 2867 2746
3 2735 2868 2740
3 2869 2870 2735
3 2871 2773 2872
3 2873 2874 2875
3 2873 2756 2755
3 2876 2877 2878
3 2879 2880 2881
3 2879 2882 2883
3 2772 2884 2885
3 2886 2887 2780
3 2888 2761 2887
3 2749 2766 2889
3 2758 2754 2890
3 2751 2891 2892
3 2757 2866 2893
3 2790 2872 2847
3 2669 2877 2894
3 2767 2864 2741
3 2793 2873 2875
3 2763 2865 2647
3 2796 2873 2797
3 2674 2883 2672
3 2647 2892 2645
3 2777 2742 2768
3 2799 2878 2850
3 2861 2883 2882
3 2744 2867 2653
3 2802 2879 2881
3 2696 2775 2866
3 2750 2891 2895
3 2805 2879 2806
3 2860 2892 2891
3 2739 2868 2656
3 2770 2885 2853
3 2785 2896 2745
3 2779 2888 2886
3 2847 2773 2662
3 2760 2888 2812
3 2678 2884 2771
3 2734 2897 2869
3 2747 2889 2765
3 2793 2874 2663
3 2753 2758 2890
3 2683 2887 2681
3 2653 2896 2651
3 2790 2774 2871
3 2862 2887 2761
3 2850 2877 2671
3 2656 2870 2654
3 2796 2756 2898
3 2711 2870 2897
3 2802 2880 2674
3 2799 2894 2876
3 2853 2884 2680
3 2689 2748 2687
3 2805 2882 2899
3 2900 2901 2902
3 2809 2903 2811
3 2690 2901 2792
3 2776 2904 2905
3 2811 2900 2813
3 2792 2906 2795
3 2781 2905 2907
3 2813 2908 2815
3 2795 2909 2798
3 2817 2907 2910
3 2783 2908 2904
3 2798 2911 2801
3 2784 2910 2902
3 2801 2912 2804
3 2787 2902 2913
3 2804 2914 2807
3 2789 2913 2691
3 2807 2915 2809
3 2916 2917 2918
3 2917 2919 2918
3 2920 2921 2919
3 2922 2923 2921
3 2924 2925 2923
3 2926 2927 2925
3 2928 2929 2927
3 2930 2931 2929
3 2931 2932 2933
3 2933 2934 2935
3 2934 2936 2935
3 2937 2938 2936
3 2939 2940 2938
3 2941 2942 2940
3 2943 2944 2942
3 2945 2946 2944
3 2947 2948 2946
3 2948 2949 2950
3 2951 2952 2953
3 2954 2955 2951
3 2956 2957 2954
3 2956 2958 2959
3 2960 2958 2961
3 2962 2963 2960
3 2962 2964 2965
3 2966 2967 2964
3 2968 2967 2969
3 2970 2971 2968
3 2970 2972 2973
3 2974 2975 2972
3 2976 2975 2977
3 2978 2979 2976
3 2980 2981 2978
3 2982 2983 2980
3 2982 2984 2985
3 2953 2984 2986
3 2987 2953 2988
3 2989 2951 2987
3 2990 2954 2989
3 2991 2956 2990
3 2992 2961 2991
3 2993 2960 2992
3 2994 2962 2993
3 2995 2966 2994
3 2996 2969 2995
3 2997 2968 2996
3 2998 2970 2997
3 2999 2974 2998
3 2999 2976 2977
3 3000 2978 2976
3 3001 2978 3002
3 3003 2980 3001
3 3004 2982 3003
3 2988 2986 3004
3 2916 3005 3006
3 2919 3005 2918
3 2921 3007 2919
3 2923 3008 2921
3 2925 3009 2923
3 2927 3010 2925
3 2929 3011 2927
3 2931 3012 2929
3 2933 3013 2931
3 2935 3014 2933
3 2936 3015 2935
3 2938 3016 2936
3 2940 3017 2938
3 2942 3018 2940
3 2944 3019 2942
3 2946 3020 2944
3 2948 3021 2946
3 2948 3022 3023
3 3024 3025 3026
3 3025 3027 3028
3 3027 3029 3028
3 3030 3031 3029
3 3032 3033 3031
3 3034 3035 3033
3 3036 3037 3035
3 3037 3038 3039
3 3038 3040 3039
3 3041 3042 3040
3 3043 3044 3042
3 3044 3045 3046
3 3045 3047 3046
3 3048 3049 3047
3 3049 3050 3051
3 3050 3052 3051
3 3052 3053 3054
3 3054 3024 3026
3 3026 3055 3056
3 3025 3057 3055
3 3028 3058 3057
3 3058 3031 3059
3 3031 3060 3059
3 3033 3061 3060
3 3035 3062 3061
3 3037 3063 3062
3 3039 3064 3063
3 3040 3065 3064
3 3065 3044 3066
3 3044 3067 3066
3 3046 3068 3067
3 3068 3049 3069
3 3049 3070 3069
3 3051 3071 3070
3 3052 3072 3071
3 3054 3056 3072
3 3059 3067 3071
3 2644 2703 2642
3 2642 3073 2643
3 2645 2738 2646
3 2650 2707 2648
3 2648 3074 2649
3 2649 2708 2650
3 2651 3075 2652
3 2654 2712 2655
3 2659 2713 2657
3 2657 3076 2658
3 2658 2714 2659
3 2660 3077 2661
3 2663 2718 2664
3 2668 2719 2666
3 2666 3078 2667
3 2667 2720 2668
3 2669 3079 2670
3 2672 2724 2673
3 2677 2725 2675
3 2675 3080 2676
3 2676 2726 2677
3 2678 3081 2679
3 2681 2730 2682
3 2686 2731 2684
3 2684 3082 2685
3 2685 2732 2686
3 2687 2863 2688
3 2690 2789 2691
3 2693 2697 2694
3 2696 2820 2694
3 3083 3084 3085
3 3085 3086 2698
3 2698 3087 3088
3 3088 3089 3090
3 3090 3091 3092
3 3092 3093 2699
3 2699 3094 3095
3 3095 3096 2700
3 2700 3097 3083
3 3083 3085 2698
3 2698 3088 3090
3 3090 3092 2699
3 2699 3095 2700
3 2700 3083 2698
3 2698 3090 2699
3 2703 3098 2701
3 2701 3099 2702
3 2702 2642 2703
3 2706 2733 2704
3 2704 3100 2705
3 2707 2644 2643
3 2643 3101 2648
3 2710 2650 2708
3 2708 3102 2709
3 2711 3103 2712
3 2713 2710 2709
3 2709 3104 2657
3 2716 2659 2714
3 2714 3105 2715
3 2717 3106 2664
3 2719 2716 2715
3 2715 3107 2666
3 2722 2668 2720
3 2720 3108 2721
3 2672 2861 2723
3 2725 2722 2721
3 2721 3109 2675
3 2728 2677 2726
3 2726 3110 2727
3 2681 2862 2729
3 2731 2728 2727
3 2727 3111 2684
3 2733 2686 2732
3 2732 3112 2704
3 2734 2869 2735
3 2645 2860 2737
3 2739 2736 2735
3 2741 2864 2742
3 2744 2785 2745
3 2747 2687 2748
3 2750 2895 2751
3 2753 2890 2754
3 2717 2718 2755
3 2757 2893 2758
3 2760 2862 2761
3 2663 2874 2755
3 2763 2752 2751
3 2765 2889 2766
3 2767 2777 2768
3 2770 2678 2771
3 2660 2662 2773
3 2693 2754 2775
3 2778 2783 2776
3 2776 2782 2777
3 2777 2767 2778
3 2779 2886 2780
3 2782 2776 2781
3 2781 2752 2763
3 2759 2815 2783
3 2783 2778 2757
3 2786 2817 2784
3 2784 2788 2785
3 2785 2744 2786
3 2788 2784 2787
3 2787 2736 2739
3 2736 2787 2789
3 2789 2791 2734
3 2791 2789 2690
3 2690 2794 2790
3 2790 2847 2791
3 2794 2690 2792
3 2792 2797 2793
3 2797 2792 2795
3 2795 2800 2796
3 2800 2795 2798
3 2798 2803 2799
3 2799 2850 2800
3 2803 2798 2801
3 2801 2806 2802
3 2806 2801 2804
3 2804 2808 2805
3 2808 2804 2807
3 2807 2810 2770
3 2770 2853 2808
3 2810 2807 2809
3 2809 2812 2779
3 2812 2809 2811
3 2811 2814 2760
3 2814 2811 2813
3 2813 2816 2747
3 2747 2765 2814
3 2816 2813 2815
3 2815 2759 2753
3 2752 2781 2817
3 2817 2786 2750
3 2696 2741 2858
3 2647 2646 2859
3 2653 2652 2737
3 2655 3075 2651
3 2661 3103 2711
3 2665 3077 2660
3 2670 3106 2717
3 2673 3079 2669
3 2679 2723 2861
3 2682 3081 2678
3 2688 2729 2862
3 2693 2695 2863
3 2757 2767 2741
3 2647 2743 2777
3 2653 2860 2750
3 2739 2656 2651
3 2847 2662 2711
3 2793 2663 2660
3 2671 2717 2796
3 2674 2669 2799
3 2680 2861 2805
3 2683 2678 2770
3 2765 2689 2862
3 2693 2687 2747
3 2743 2859 2858
3 2768 2742 2864
3 2751 2892 2865
3 2758 2893 2866
3 2745 2896 2867
3 2735 2870 2868
3 2869 2897 2870
3 2871 2774 2773
3 2873 2755 2874
3 2873 2898 2756
3 2876 2894 2877
3 2879 2883 2880
3 2879 2899 2882
3 2772 2771 2884
3 2886 2888 2887
3 2888 2762 2761
3 2749 2748 2766
3 2758 2775 2754
3 2751 2895 2891
3 2757 2696 2866
3 2790 2871 2872
3 2669 2671 2877
3 2767 2769 2864
3 2793 2797 2873
3 2763 2764 2865
3 2796 2898 2873
3 2674 2880 2883
3 2647 2865 2892
3 2777 2743 2742
3 2799 2876 2878
3 2861 2672 2883
3 2744 2746 2867
3 2802 2806 2879
3 2696 2697 2775
3 2750 2860 2891
3 2805 2899 2879
3 2860 2645 2892
3 2739 2740 2868
3 2770 2772 2885
3 2785 2651 2896
3 2779 2812 2888
3 2847 2872 2773
3 2760 2762 2888
3 2678 2680 2884
3 2734 2711 2897
3 2747 2749 2889
3 2793 2875 2874
3 2753 2759 2758
3 2683 2780 2887
3 2653 2867 2896
3 2790 2660 2774
3 2862 2681 2887
3 2850 2878 2877
3 2656 2868 2870
3 2796 2717 2756
3 2711 2654 2870
3 2802 2881 2880
3 2799 2669 2894
3 2853 2885 2884
3 2689 2766 2748
3 2805 2861 2882
3 2907 2905 2904
3 2904 2908 2900
3 2900 2903 2915
3 2915 2914 2912
3 2912 2911 2909
3 2909 2906 2901
3 2901 2692 2691
3 2691 2913 2902
3 2902 2910 2907
3 2907 2904 2900
3 2900 2915 2912
3 2912 2909 2901
3 2901 2691 2902
3 2902 2907 2900
3 2900 2912 2901
3 2809 2915 2903
3 2690 2692 2901
3 2776 2783 2904
3 2811 2903 2900
3 2792 2901 2906
3 2781 2776 2905
3 2813 2900 2908
3 2795 2906 2909
3 2817 2781 2907
3 2783 2815 2908
3 2798 2909 2911
3 2784 2817 2910
3 2801 2911 2912
3 2787 2784 2902
3 2804 2912 2914
3 2789 2787 2913
3 2807 2914 2915
3 2916 3113 2917
3 2917 2920 2919
3 2920 2922 2921
3 2922 2924 2923
3 2924 2926 2925
3 2926 2928 2927
3 2928 2930 2929
3 2930 3114 2931
3 2931 3114 2932
3 2933 2932 2934
3 2934 2937 2936
3 2937 2939 2938
3 2939 2941 2940
3 2941 2943 2942
3 2943 2945 2944
3 2945 2947 2946
3 2947 3115 2948
3 2948 3115 2949
3 2951 2955 2952
3 2954 2957 2955
3 2956 2959 2957
3 2956 2961 2958
3 2960 2963 2958
3 2962 2965 2963
3 2962 2966 2964
3 2966 2969 2967
3 2968 2971 2967
3 2970 2973 2971
3 2970 2974 2972
3 2974 2977 2975
3 2976 2979 2975
3 2978 2981 2979
3 2980 2983 2981
3 2982 2985 2983
3 2982 2986 2984
3 2953 2952 2984
3 2987 2951 2953
3 2989 2954 2951
3 2990 2956 2954
3 2991 2961 2956
3 2992 2960 2961
3 2993 2962 2960
3 2994 2966 2962
3 2995 2969 2966
3 2996 2968 2969
3 2997 2970 2968
3 2998 2974 2970
3 2999 2977 2974
3 2999 3000 2976
3 3000 3002 2978
3 3001 2980 2978
3 3003 2982 2980
3 3004 2986 2982
3 2988 2953 2986
3 2916 2918 3005
3 2919 3007 3005
3 2921 3008 3007
3 2923 3009 3008
3 2925 3010 3009
3 2927 3011 3010
3 2929 3012 3011
3 2931 3013 3012
3 2933 3014 3013
3 2935 3015 3014
3 2936 3016 3015
3 2938 3017 3016
3 2940 3018 3017
3 2942 3019 3018
3 2944 3020 3019
3 2946 3021 3020
3 2948 3023 3021
3 2948 2950 3022
3 3024 3116 3025
3 3025 3116 3027
3 3027 3030 3029
3 3030 3032 3031
3 3032 3034 3033
3 3034 3036 3035
3 3036 3117 3037
3 3037 3117 3038
3 3038 3041 3040
3 3041 3043 3042
3 3043 3118 3044
3 3044 3118 3045
3 3045 3048 3047
3 3048 3119 3049
3 3049 3119 3050
3 3050 3120 3052
3 3052 3120 3053
3 3054 3053 3024
3 3026 3025 3055
3 3025 3028 3057
3 3028 3029 3058
3 3058 3029 3031
3 3031 3033 3060
3 3033 3035 3061
3 3035 3037 3062
3 3037 3039 3063
3 3039 3040 3064
3 3040 3042 3065
3 3065 3042 3044
3 3044 3046 3067
3 3046 3047 3068
3 3068 3047 3049
3 3049 3051 3070
3 3051 3052 3071
3 3052 3054 3072
3 3054 3026 3056
3 3056 3055 3057
3 3057 3058 3059
3 3059 3060 3061
3 3061 3062 3063
3 3063 3064 3065
3 3065 3066 3067
3 3067 3068 3069
3 3069 3070 3071
3 3071 3072 3056
3 3056 3057 3059
3 3059 3061 3063
3 3063 3065 3067
3 3067 3069 3071
3 3071 3056 3059
3 3059 3063 3067
3 3121 3122 3123
3 3124 3125 3126
3 3127 3128 3129
3 3130 3131 3132
3 3133 3134 3135
3 3136 3137 3138
3 3139 3140 3141
3 3142 3143 3144
3 3145 3146 3147
3 3148 3149 3150
3 3151 3152 3153
3 3154 3155 3156
3 3157 3158 3159
3 3160 3161 3162
3 3163 3164 3165
3 3166 3167 3168
3 3169 3170 3171
3 3172 3173 3174
3 3175 3173 3176
3 3177 3178 3179
3 3180 3181 3182
3 3183 3184 3185
3 3122 3127 3186
3 3187 3188 3189
3 3133 3190 3191
3 3188 3136 3192
3 3193 3194 3195
3 3196 3197 3142
3 3194 3145 3198
3 3199 3200 3201
3 3151 3202 3203
3 3200 3154 3204
3 3205 3206 3207
3 3208 3209 3161
3 3206 3163 3210
3 3211 3183 3212
3 3213 3214 3215
3 3124 3216 3217
3 3218 3214 3219
3 3220 3221 3222
3 3223 3224 3225
3 3226 3227 3228
3 3229 3230 3231
3 3232 3233 3172
3 3196 3234 3235
3 3236 3237 3238
3 3239 3240 3241
3 3144 3234 3142
3 3242 3230 3243
3 3244 3245 3168
3 3246 3247 3248
3 3249 3250 3251
3 3139 3252 3253
3 3172 3254 3176
3 3255 3256 3257
3 3258 3259 3160
3 3260 3242 3261
3 3262 3236 3238
3 3263 3264 3265
3 3266 3218 3267
3 3268 3213 3215
3 3169 3269 3270
3 3271 3272 3273
3 3274 3275 3276
3 3277 3278 3279
3 3280 3281 3282
3 3283 3284 3285
3 3286 3249 3287
3 3288 3258 3289
3 3290 3239 3291
3 3292 3226 3293
3 3294 3232 3295
3 3296 3229 3231
3 3297 3125 3298
3 3299 3300 3301
3 3302 3131 3303
3 3304 3134 3305
3 3306 3140 3307
3 3308 3143 3309
3 3310 3149 3311
3 3312 3152 3313
3 3314 3158 3315
3 3316 3162 3317
3 3318 3167 3319
3 3320 3174 3321
3 3242 3322 3261
3 3246 3323 3257
3 3223 3324 3265
3 3218 3325 3267
3 3326 3327 3270
3 3272 3328 3273
3 3329 3330 3279
3 3281 3331 3282
3 3332 3333 3287
3 3258 3334 3289
3 3244 3335 3293
3 3232 3336 3295
3 3175 3337 3299
3 3126 3338 3222
3 3132 3216 3339
3 3134 3130 3135
3 3140 3340 3141
3 3144 3341 3139
3 3149 3196 3150
3 3152 3148 3153
3 3158 3342 3159
3 3162 3157 3160
3 3167 3343 3168
3 3172 3344 3166
3 3236 3220 3175
3 3126 3256 3242
3 3223 3339 3229
3 3135 3264 3218
3 3326 3340 3213
3 3144 3269 3272
3 3150 3275 3329
3 3153 3278 3281
3 3159 3284 3332
3 3160 3249 3258
3 3168 3239 3244
3 3232 3166 3226
3 3222 3337 3220
3 3247 3345 3248
3 3243 3346 3347
3 3237 3348 3254
3 3224 3349 3225
3 3214 3350 3219
3 3351 3352 3214
3 3353 3252 3354
3 3355 3356 3357
3 3355 3235 3234
3 3358 3359 3360
3 3361 3362 3363
3 3364 3362 3365
3 3251 3366 3367
3 3368 3369 3259
3 3370 3240 3369
3 3228 3245 3371
3 3237 3233 3372
3 3230 3373 3346
3 3236 3348 3374
3 3326 3353 3354
3 3148 3360 3359
3 3246 3345 3220
3 3272 3355 3357
3 3242 3347 3126
3 3275 3355 3276
3 3153 3362 3151
3 3126 3346 3124
3 3256 3221 3247
3 3278 3358 3329
3 3342 3362 3375
3 3223 3349 3132
3 3281 3365 3361
3 3175 3254 3348
3 3229 3373 3376
3 3284 3365 3285
3 3339 3346 3373
3 3218 3350 3135
3 3249 3367 3332
3 3264 3377 3224
3 3258 3370 3368
3 3326 3252 3141
3 3239 3370 3291
3 3157 3366 3250
3 3213 3378 3351
3 3244 3228 3371
3 3272 3356 3144
3 3232 3237 3372
3 3160 3369 3208
3 3132 3377 3130
3 3269 3253 3353
3 3343 3369 3240
3 3329 3360 3150
3 3135 3352 3133
3 3275 3235 3379
3 3340 3352 3378
3 3281 3363 3153
3 3278 3359 3380
3 3332 3366 3159
3 3168 3227 3166
3 3284 3375 3364
3 3381 3382 3383
3 3288 3384 3290
3 3169 3382 3271
3 3255 3385 3386
3 3290 3381 3292
3 3271 3387 3274
3 3260 3386 3388
3 3292 3389 3294
3 3274 3390 3277
3 3296 3388 3391
3 3262 3389 3385
3 3277 3392 3280
3 3263 3391 3383
3 3280 3393 3283
3 3266 3383 3394
3 3283 3395 3286
3 3268 3394 3170
3 3286 3396 3288
3 3397 3398 3399
3 3398 3400 3399
3 3401 3402 3400
3 3403 3404 3402
3 3405 3406 3404
3 3407 3408 3406
3 3409 3410 3408
3 3410 3411 3412
3 3411 3413 3412
3 3414 3415 3413
3 3416 3417 3415
3 3418 3419 3417
3 3420 3421 3419
3 3422 3423 3421
3 3424 3425 3423
3 3426 3427 3425
3 3428 3429 3427
3 3430 3431 3429
3 3432 3433 3434
3 3435 3436 3432
3 3435 3437 3438
3 3439 3440 3437
3 3441 3440 3442
3 3443 3444 3441
3 3445 3446 3443
3 3447 3448 3445
3 3447 3449 3450
3 3451 3449 3452
3 3451 3453 3454
3 3455 3456 3453
3 3457 3456 3458
3 3459 3460 3457
3 3461 3462 3459
3 3463 3464 3461
3 3465 3466 3463
3 3465 3433 3467
3 3468 3434 3469
3 3468 3435 3432
3 3470 3435 3471
3 3472 3439 3470
3 3473 3442 3472
3 3474 3441 3473
3 3475 3443 3474
3 3476 3445 3475
3 3477 3447 3476
3 3478 3452 3477
3 3479 3451 3478
3 3480 3455 3479
3 3481 3458 3480
3 3481 3459 3457
3 3482 3459 3483
3 3484 3461 3482
3 3485 3463 3484
3 3469 3465 3485
3 3397 3486 3487
3 3400 3486 3399
3 3402 3488 3400
3 3404 3489 3402
3 3406 3490 3404
3 3406 3491 3492
3 3410 3491 3408
3 3412 3493 3410
3 3413 3494 3412
3 3415 3495 3413
3 3417 3496 3415
3 3419 3497 3417
3 3421 3498 3419
3 3423 3499 3421
3 3423 3500 3501
3 3427 3500 3425
3 3427 3502 3503
3 3429 3504 3502
3 3505 3506 3507
3 3508 3509 3506
3 3510 3511 3509
3 3512 3513 3511
3 3514 3515 3513
3 3516 3517 3515
3 3518 3519 3517
3 3519 3520 3521
3 3520 3522 3521
3 3522 3523 3524
3 3523 3525 3524
3 3525 3526 3527
3 3526 3528 3527
3 3529 3530 3528
3 3531 3532 3530
3 3533 3534 3532
3 3535 3536 3534
3 3537 3507 3536
3 3507 3538 3539
3 3506 3540 3538
3 3509 3541 3540
3 3511 3542 3541
3 3513 3543 3542
3 3515 3544 3543
3 3517 3545 3544
3 3519 3546 3545
3 3521 3547 3546
3 3522 3548 3547
3 3524 3549 3548
3 3525 3550 3549
3 3527 3551 3550
3 3551 3530 3552
3 3530 3553 3552
3 3532 3554 3553
3 3534 3555 3554
3 3536 3539 3555
3 3542 3550 3554
3 3123 3182 3121
3 3121 3556 3122
3 3124 3217 3125
3 3129 3186 3127
3 3127 3557 3128
3 3128 3187 3129
3 3130 3558 3131
3 3133 3191 3134
3 3138 3192 3136
3 3136 3559 3137
3 3137 3193 3138
3 3139 3341 3140
3 3142 3197 3143
3 3147 3198 3145
3 3145 3560 3146
3 3146 3199 3147
3 3148 3561 3149
3 3151 3203 3152
3 3156 3204 3154
3 3154 3562 3155
3 3155 3205 3156
3 3157 3563 3158
3 3160 3208 3161
3 3165 3210 3163
3 3163 3564 3164
3 3164 3211 3165
3 3166 3344 3167
3 3169 3268 3170
3 3172 3176 3173
3 3175 3299 3173
3 3565 3566 3567
3 3567 3568 3177
3 3177 3569 3570
3 3570 3571 3572
3 3572 3573 3574
3 3574 3575 3178
3 3178 3576 3577
3 3577 3578 3179
3 3179 3579 3565
3 3565 3567 3177
3 3177 3570 3572
3 3572 3574 3178
3 3178 3577 3179
3 3179 3565 3177
3 3177 3572 3178
3 3182 3580 3180
3 3180 3581 3181
3 3181 3121 3182
3 3185 3212 3183
3 3183 3582 3184
3 3186 3123 3122
3 3122 3583 3127
3 3189 3129 3187
3 3187 3584 3188
3 3133 3340 3190
3 3192 3189 3188
3 3188 3585 3136
3 3195 3138 3193
3 3193 3586 3194
3 3196 3587 3197
3 3198 3195 3194
3 3194 3588 3145
3 3201 3147 3199
3 3199 3589 3200
3 3151 3342 3202
3 3204 3201 3200
3 3200 3590 3154
3 3207 3156 3205
3 3205 3591 3206
3 3208 3343 3209
3 3210 3207 3206
3 3206 3592 3163
3 3212 3165 3211
3 3211 3593 3183
3 3213 3351 3214
3 3124 3339 3216
3 3218 3215 3214
3 3220 3345 3221
3 3223 3264 3224
3 3226 3166 3227
3 3229 3376 3230
3 3232 3372 3233
3 3196 3142 3234
3 3236 3374 3237
3 3239 3343 3240
3 3144 3356 3234
3 3242 3231 3230
3 3244 3371 3245
3 3246 3256 3247
3 3249 3157 3250
3 3139 3141 3252
3 3172 3233 3254
3 3257 3262 3255
3 3255 3261 3256
3 3256 3246 3257
3 3258 3368 3259
3 3261 3255 3260
3 3260 3231 3242
3 3238 3294 3262
3 3262 3257 3236
3 3265 3296 3263
3 3263 3267 3264
3 3264 3223 3265
3 3267 3263 3266
3 3266 3215 3218
3 3215 3266 3268
3 3268 3270 3213
3 3270 3268 3169
3 3169 3273 3269
3 3269 3326 3270
3 3273 3169 3271
3 3271 3276 3272
3 3276 3271 3274
3 3274 3279 3275
3 3279 3274 3277
3 3277 3282 3278
3 3278 3329 3279
3 3282 3277 3280
3 3280 3285 3281
3 3285 3280 3283
3 3283 3287 3284
3 3287 3283 3286
3 3286 3289 3249
3 3249 3332 3287
3 3289 3286 3288
3 3288 3291 3258
3 3291 3288 3290
3 3290 3293 3239
3 3293 3290 3292
3 3292 3295 3226
3 3226 3244 3293
3 3295 3292 3294
3 3294 3238 3232
3 3231 3260 3296
3 3296 3265 3229
3 3175 3220 3337
3 3126 3125 3338
3 3132 3131 3216
3 3134 3558 3130
3 3140 3190 3340
3 3144 3143 3341
3 3149 3587 3196
3 3152 3561 3148
3 3158 3202 3342
3 3162 3563 3157
3 3167 3209 3343
3 3172 3174 3344
3 3236 3246 3220
3 3126 3222 3256
3 3223 3132 3339
3 3135 3130 3264
3 3326 3141 3340
3 3144 3139 3269
3 3150 3196 3275
3 3153 3148 3278
3 3159 3342 3284
3 3160 3157 3249
3 3168 3343 3239
3 3232 3172 3166
3 3222 3338 3337
3 3247 3221 3345
3 3243 3230 3346
3 3237 3374 3348
3 3224 3377 3349
3 3214 3352 3350
3 3351 3378 3352
3 3353 3253 3252
3 3355 3234 3356
3 3355 3379 3235
3 3358 3380 3359
3 3361 3365 3362
3 3364 3375 3362
3 3251 3250 3366
3 3368 3370 3369
3 3370 3241 3240
3 3228 3227 3245
3 3237 3254 3233
3 3230 3376 3373
3 3236 3175 3348
3 3326 3269 3353
3 3148 3150 3360
3 3246 3248 3345
3 3272 3276 3355
3 3242 3243 3347
3 3275 3379 3355
3 3153 3363 3362
3 3126 3347 3346
3 3256 3222 3221
3 3278 3380 3358
3 3342 3151 3362
3 3223 3225 3349
3 3281 3285 3365
3 3175 3176 3254
3 3229 3339 3373
3 3284 3364 3365
3 3339 3124 3346
3 3218 3219 3350
3 3249 3251 3367
3 3264 3130 3377
3 3258 3291 3370
3 3326 3354 3252
3 3239 3241 3370
3 3157 3159 3366
3 3213 3340 3378
3 3244 3226 3228
3 3272 3357 3356
3 3232 3238 3237
3 3160 3259 3369
3 3132 3349 3377
3 3269 3139 3253
3 3343 3208 3369
3 3329 3358 3360
3 3135 3350 3352
3 3275 3196 3235
3 3340 3133 3352
3 3281 3361 3363
3 3278 3148 3359
3 3332 3367 3366
3 3168 3245 3227
3 3284 3342 3375
3 3388 3386 3385
3 3385 3389 3381
3 3381 3384 3396
3 3396 3395 3393
3 3393 3392 3390
3 3390 3387 3382
3 3382 3171 3170
3 3170 3394 3383
3 3383 3391 3388
3 3388 3385 3381
3 3381 3396 3393
3 3393 3390 3382
3 3382 3170 3383
3 3383 3388 3381
3 3381 3393 3382
3 3288 3396 3384
3 3169 3171 3382
3 3255 3262 3385
3 3290 3384 3381
3 3271 3382 3387
3 3260 3255 3386
3 3292 3381 3389
3 3274 3387 3390
3 3296 3260 3388
3 3262 3294 3389
3 3277 3390 3392
3 3263 3296 3391
3 3280 3392 3393
3 3266 3263 3383
3 3283 3393 3395
3 3268 3266 3394
3 3286 3395 3396
3 3397 3594 3398
3 3398 3401 3400
3 3401 3403 3402
3 3403 3405 3404
3 3405 3407 3406
3 3407 3409 3408
3 3409 3595 3410
3 3410 3595 3411
3 3411 3414 3413
3 3414 3416 3415
3 3416 3418 3417
3 3418 3420 3419
3 3420 3422 3421
3 3422 3424 3423
3 3424 3426 3425
3 3426 3428 3427
3 3428 3430 3429
3 3430 3596 3431
3 3432 3436 3433
3 3435 3438 3436
3 3435 3439 3437
3 3439 3442 3440
3 3441 3444 3440
3 3443 3446 3444
3 3445 3448 3446
3 3447 3450 3448
3 3447 3452 3449
3 3451 3454 3449
3 3451 3455 3453
3 3455 3458 3456
3 3457 3460 3456
3 3459 3462 3460
3 3461 3464 3462
3 3463 3466 3464
3 3465 3467 3466
3 3465 3434 3433
3 3468 3432 3434
3 3468 3471 3435
3 3470 3439 3435
3 3472 3442 3439
3 3473 3441 3442
3 3474 3443 3441
3 3475 3445 3443
3 3476 3447 3445
3 3477 3452 3447
3 3478 3451 3452
3 3479 3455 3451
3 3480 3458 3455
3 3481 3457 3458
3 3481 3483 3459
3 3482 3461 3459
3 3484 3463 3461
3 3485 3465 3463
3 3469 3434 3465
3 3397 3399 3486
3 3400 3488 3486
3 3402 3489 3488
3 3404 3490 3489
3 3406 3492 3490
3 3406 3408 3491
3 3410 3493 3491
3 3412 3494 3493
3 3413 3495 3494
3 3415 3496 3495
3 3417 3497 3496
3 3419 3498 3497
3 3421 3499 3498
3 3423 3501 3499
3 3423 3425 3500
3 3427 3503 3500
3 3427 3429 3502
3 3429 3431 3504
3 3505 3508 3506
3 3508 3510 3509
3 3510 3512 3511
3 3512 3514 3513
3 3514 3516 3515
3 3516 3518 3517
3 3518 3597 3519
3 3519 3597 3520
3 3520 3598 3522
3 3522 3598 3523
3 3523 3599 3525
3 3525 3599 3526
3 3526 3529 3528
3 3529 3531 3530
3 3531 3533 3532
3 3533 3535 3534
3 3535 3537 3536
3 3537 3505 3507
3 3507 3506 3538
3 3506 3509 3540
3 3509 3511 3541
3 3511 3513 3542
3 3513 3515 3543
3 3515 3517 3544
3 3517 3519 3545
3 3519 3521 3546
3 3521 3522 3547
3 3522 3524 3548
3 3524 3525 3549
3 3525 3527 3550
3 3527 3528 3551
3 3551 3528 3530
3 3530 3532 3553
3 3532 3534 3554
3 3534 3536 3555
3 3536 3507 3539
3 3539 3538 3540
3 3540 3541 3542
3 3542 3543 3544
3 3544 3545 3546
3 3546 3547 3548
3 3548 3549 3550
3 3550 3551 3552
3 3552 3553 3554
3 3554 3555 3539
3 3539 3540 3542
3 3542 3544 3546
3 3546 3548 3550
3 3550 3552 3554
3 3554 3539 3542
3 3542 3546 3550
